actual_cost,predicted_A,predicted_B
2.0886086370558754,1.9780856491913308,1.9756779771399229
2.068806841489541,2.0013395377528127,1.9993934087810845
1.860038092450686,1.909741836189278,1.9102187997763194
2.3909896462649716,2.43815856567522,2.432651151429617
1.8444439075592594,1.9583620087117068,1.9562068140210513
2.178008916982201,2.0702685725425467,2.0679230210979815
2.065727299742227,2.1232668345747503,2.11844667274057
2.0949827452913965,2.247897319453297,2.247540299583756
2.0723146475683696,2.135611185279621,2.1304331449833214
1.9867514313167156,2.0857481268971596,2.081482724810771
2.073596056480652,2.113334776220902,2.1122240928666187
1.9061754525314494,1.9528155801146756,1.9508026963841396
1.859882941746533,2.0231744613689324,2.0199677880590414
1.885733890937857,2.0016432717884682,1.9993134579397425
2.154489536187601,2.048991403113559,2.045663186523973
2.0740685017995597,1.9961118605309194,1.9942835809169353
1.937674811360778,1.8590103448173942,1.8614979664822413
1.8499707706997657,1.9656756837533673,1.9631353236667497
2.0851635520133183,2.1619792142360676,2.1587975560912542
2.1688116575680656,2.075917061092817,2.0762033322392046
1.9543435836576029,1.8606110241507112,1.864281823543045
2.0993407353343256,1.9655535595779385,1.963665086001403
1.9467214415190952,2.0297022051404645,2.0273714323243293
2.1106931631062147,1.8631114060928233,1.8659712327412405
1.8677663227092833,1.9985711288051566,1.995737228038692
2.1643681844410345,2.088757677681881,2.0881605997039974
2.2715854434946214,2.1606727589251893,2.15586145820859
1.7778601252360495,1.7761367839626396,1.7825403983865429
1.9933908790241799,2.000591640388255,1.998034730792221
2.094770763267093,2.019784244465557,2.0165517247492972
2.0070693789782332,2.1265160654822846,2.1219614756533187
2.2599504779435953,2.078658625084417,2.077570659067947
2.1429771844712224,2.1302047495334757,2.1288933526769265
2.0383849108074674,1.9959019940794027,1.9926882835039041
2.0001477244490324,2.038881502047518,2.0365514703751084
1.8315188397923161,1.918335979227607,1.9163236429501396
1.9751183620156123,2.033226523921832,2.030394395281188
1.912331743733771,1.9940141968079856,1.9908354231464722
1.8307804099694733,1.97079968496858,1.9674248018928173
2.2084197598356154,2.0153197600024084,2.0127057865254523
1.943406738518311,1.9586535064152109,1.9578434255398003
1.962342821002237,2.01783766618458,2.015939177379688
2.2611443758836978,2.087059799221408,2.085855327192486
2.311986852489288,2.170268313891594,2.164465875643392
1.8340774975070095,2.0013773679355618,2.000073050066793
2.003126362892925,2.1462227860696843,2.144929529353413
2.1055811006484153,2.0296519435578566,2.0271164138144244
2.0839118224434925,2.093443325762915,2.0887311663611468
2.0673953983142783,2.088154779138495,2.083423369127595
1.9406125441475286,2.000792584761258,1.9974360121376136
2.15291160919724,2.111952610488828,2.102432122421966
2.2054210766773426,1.996697744242728,1.9939822963946932
2.281410784623688,2.074873453245612,2.0706736866413453
1.8902035929029264,1.9887957302736894,1.9853337870018173
1.9411942810958736,2.068809934488816,2.066057639432321
1.9898798551382582,2.029113160891888,2.027338367674833
1.852261067955069,1.998214286127351,1.994362210684442
2.073359399558672,1.9947808165568337,1.9938925124236397
1.8570653426926036,1.9595776610244395,1.9576118207579367
2.0177212859806306,2.086443360313816,2.0831353655642904
1.9964088063646321,2.015642469994225,2.0136490586479936
2.1171584751113985,2.0324398339315772,2.0300622507189807
1.965242326862346,2.0432615598015964,2.038996098876249
1.8632635059404783,2.0310433317630165,2.0250872857661686
1.9483093940325467,1.9665845475194417,1.9660880723015115
2.1066620866620145,2.1442635294849266,2.139094709788768
1.992155075747696,2.0131968263657676,2.007908479489683
2.0640445883582714,2.1316277344688257,2.1289076503522333
2.0275558978317925,2.021884392367523,2.018730471666631
2.2631571334830816,2.0954781606317545,2.0921544110342776
2.2414068177550703,2.108620602568914,2.1061602969836635
2.2463012490549974,2.168314051637655,2.161623318716401
2.1023020685544864,2.0883813542564145,2.0806809786447737
2.0182920135248494,2.0764737702136866,2.0740799481125225
1.952172887701762,2.0525069944902707,2.049399830774084
2.282612747329113,2.0370705161389306,2.033897933892244
2.020870107302071,2.122880734418687,2.119347029233597
2.4746167479469636,2.180691106966513,2.175898789379072
1.8489794765237493,1.9488422855030043,1.9452529617183334
1.947657247756474,2.0303596955970753,2.0263645811769724
1.9948341792756574,1.6021070846484968,1.6273680214510424
2.135588831988419,2.1779872140424903,2.1745295188013225
1.9145992467896775,1.9697407583851487,1.9691312227874715
2.4723981191202875,2.1693683366104075,2.164332351853128
1.8084063708020164,1.9331222808533701,1.9313211007364428
2.0301885528300914,1.9605527308076995,1.9602686188962606
2.001400459559411,2.0120981748930236,2.010379470234363
2.021306730715468,2.040113953801897,2.0357442551351155
2.1589359032182016,2.0705238893388,2.0699697572472866
2.510746624124071,2.148858942045989,2.1426414851933733
2.0063955235734388,2.009125982046873,2.0053268664150443
2.3321305070130762,2.099535259990105,2.092822392235186
2.2413239429117024,2.0834818565274493,2.0793359259346205
2.2593796298005575,2.1481180758454492,2.1488335561444094
1.8430758471463164,1.7655834323482613,1.7736109253035495
1.9817243150683006,2.005486164427439,2.0070699275068278
2.008543277130594,2.0638984110804004,2.0626146334514797
1.9606151073130667,2.116458148159966,2.113676753980181
1.9811054275706828,2.026234918569119,2.026322293816298
2.115103266695769,2.052272683323648,2.050206128249568
1.9037941934395626,1.8489400450813145,1.8505225440697695
2.248476823520392,2.136212719142755,2.13355058898816
2.020807649066801,2.092186976043575,2.0888541774781144
2.1025468431570435,2.171199508772902,2.1683577929675404
2.0070021038217947,2.0600513792695616,2.0555635112048254
1.8702654319745604,1.918592036813915,1.91692100868433
1.9712325249126699,2.051286365608917,2.0497172177481358
2.0024379388832774,2.1066293347046288,2.1039834758316984
1.9310343348538055,1.9870925204011929,1.9803006444740152
1.8786626748616548,2.0067762451949385,2.002940743155493
1.99295566418483,2.003288061125075,2.0014649018369317
1.945308426192824,2.0609749685924617,2.059034124359867
2.1794051913806354,2.021045442183829,2.0187531114996875
1.8968214194561193,2.0491973370923606,2.0451798116108164
1.9933908790241799,2.0707786016904013,2.066091477725979
2.051248591962111,2.008763885698732,2.0072370013854353
1.9541636969852014,1.898846598621996,1.8979789814589814
1.8621952480630757,1.9209438656086328,1.920071106559874
2.142410679411855,2.0834603450246805,2.081418760173569
1.9630292780068728,2.0059986393736615,2.0044760184756054
1.9368830974093347,1.9922946519395097,1.9901983161456376
2.03412780201345,2.0718261594279803,2.066802567290331
1.9863754048202957,1.9866024341524273,1.9855930755928584
2.1649065286478235,2.03492310565184,2.0245870678853253
2.202627814007998,2.004773673414273,2.000590966100998
2.0161907383538584,2.0456736754838705,2.045463312357781
2.103157449766419,2.0264907042321867,2.023809828873506
1.9823411041371086,1.8846394232719663,1.884566173460132
2.206571987000061,2.0097290686824625,2.0061204151956744
1.966002082127574,1.9850926418107508,1.981629776139795
1.8731589225702523,2.008393629806055,2.0047343065345036
2.0011228092577054,2.1355535651855386,2.133427443132573
1.7783734360072385,1.9882806573846297,1.9839598384851902
1.995049698192536,2.110181178173687,2.1086215856917168
1.9583439068835968,1.8743017446181665,1.8767237346017946
1.8535558011248225,1.7960225240679462,1.80315775976841
2.2143150943490384,2.0884455478801276,2.085039191733031
2.0942185325882368,1.9961718189949458,1.9928055661973927
2.26210606214052,2.0818807866881284,2.0807745931469213
2.0610890940546014,2.0310575156676487,2.031013502901326
1.9649036254572354,2.0079078369060577,2.004628240795096
1.8483153127986656,1.8070686516037862,1.8114030663385048
1.9360878169032154,2.0183266914692846,2.0161966841196324
2.1628652937513078,2.107886840711846,2.106512748732544
1.8294801024132625,2.0649054436664014,2.0618377725639347
2.0988843496300733,1.9913015571216746,1.9900673606097645
2.0184186047830397,2.0648997301198033,2.0581820909199404
2.0381572374021935,2.121404863924277,2.1163624883344143
2.2112329175310244,2.307374808930745,2.3045194186845817
2.0072710577604735,2.0525661616108626,2.0497060553438664
1.9607018892055428,2.0711624789186915,2.0703999521886636
1.878384738846849,1.9692268326577183,1.967039871794365
1.9700008674271463,2.0641297653965296,2.0602886624170242
2.058241052587513,1.8900397559020703,1.8890370620028727
2.034882670004023,2.025427182175842,2.0209146550203414
1.883048869977598,1.9394251478771412,1.9363872442819456
2.289689387605741,2.10321377725947,2.0975072469650704
1.9163921954511833,2.0882228836649563,2.0821803097693423
2.278795279520182,2.179417816886249,2.1792698434434254
1.8936716477138087,1.942547541664331,1.9409909348917673
1.892779244941862,1.9788322561863558,1.9756808352108899
2.0104023369420974,2.0821166176608847,2.0771136135696935
1.8578527827957356,1.7793873072059134,1.786272061898003
2.0695811600269756,2.05861133971354,2.0577824233190793
2.181564668202698,2.0598760068163546,2.055212266787499
2.3740317796211756,2.076040578766694,2.0720352028301536
1.859105023881869,1.9631620073387726,1.9613720115076072
2.209241152570687,2.0016846203619623,1.9990611325018506
1.9970491006099134,2.099164236657208,2.0953921369248754
2.038669116939136,2.066742369842007,2.066007345069338
2.0036067356956746,2.0501604330751846,2.0487951920590044
2.026589329825234,2.1143770511141113,2.113392612054411
1.982110053188364,2.083715300440988,2.0816642631891877
2.100374044891606,2.098412427041795,2.0944179815192765
1.8601930995254734,1.9574267480038554,1.955260416267691
2.0347087381057762,2.0498286438069373,2.048668078208472
2.0360957172522482,2.1132962262870087,2.113703644435725
1.8520985164059152,2.040057034379495,2.0361235815954433
2.429564241055824,2.1277344303584482,2.125918075839499
2.016446705186196,2.0006967948994676,1.9981702260763883
1.964649180251659,2.0071348177300132,2.002231894525572
2.001608423096813,2.0294858524552506,2.0258366057465365
1.7704924950212688,1.964716430924396,1.9629888272059612
1.865979643255761,2.0001687580624727,1.995865421977026
1.887324830356305,1.8251837929607888,1.8282486031659801
1.9709868645110662,2.0325081945472494,2.031380598538421
1.9007706578465222,2.0686720421131892,2.065582654673186
1.8803207982774057,1.9898736246189834,1.9864390547477941
1.9058203491398098,2.078438415992826,2.07365305186422
2.2098430729673897,2.047253681787198,2.044261331979967
2.5010637450381425,2.503569960755548,2.508113240180791
2.313481024997976,2.1045362280204025,2.1009839042272076
1.9281396643216056,1.992090455773436,1.990568820596177
1.9924466037527755,2.103837869383416,2.1028570958912867
1.914373823195863,2.013155928917368,2.010434913683041
2.0303667142479513,2.059236703811836,2.0581920068322583
1.9779001206921123,2.0887081429702317,2.084830307919097
2.0311959068187884,2.0595779759478257,2.0584509488738862
2.04019648241317,2.0934890361758436,2.087736850016215
1.855000455095336,1.9318586078048714,1.9305313717457917
2.244858894678475,2.1167946978355574,2.1141510767310994
1.885467285262823,1.9715169976779434,1.9688172001702364
1.881280611896817,1.9873068255078985,1.985137098507273
2.2023538999485206,2.0592137668048296,2.0518640298226507
2.218740164270865,2.0889202977634116,2.0850741104329895
1.8509561894470403,1.9477349475590502,1.9460474284138214
2.0070693789782332,1.9683690387527966,1.9670799376029633
1.8535558011248225,1.9432741464868826,1.9410310220870604
1.9028324175521512,2.0029426853993746,2.0007804559713023
2.1068616201757036,2.03368341775119,2.030889898634774
2.0409836155479386,1.9907160722151382,1.9905741215177377
1.939541034071286,1.8675806900252745,1.8696634365671603
1.8948122381103851,2.026603587039966,2.0231123583579675
1.9561325599387454,2.006697025043982,2.002063628091099
1.8758625923811914,1.9833162515991432,1.9807838334518775
1.8415231348451648,1.9971772993801635,1.9924369650197562
2.0150989329993094,2.1470882558829354,2.143268783617566
2.143010458765845,2.1056795201922878,2.1044318284933876
2.0715512581625397,2.117242711713948,2.11627429125113
1.8890317745385503,1.8400196339898758,1.843508759986058
1.8257070160200382,1.9509323058719157,1.9496130752632164
1.9917169118602707,1.9818170522300098,1.9782595722841592
2.563091623337356,2.4899369176428023,2.5002276598584157
2.058548235890784,2.0569397431831193,2.0564257378631967
2.0498080615106065,2.0768389192841554,2.075615784018393
2.0082761672475318,2.024669253625927,2.0222546080594688
1.962342821002237,2.0433586349174915,2.041411695603669
1.9734285700686955,2.0327210034278487,2.0296188886894133
2.1510976682190925,2.176270657648406,2.1686640059193643
2.019365308280021,2.0090493998993693,2.0069776584858454
2.08618576472813,2.164527225230688,2.161400088678776
1.8687998607905572,1.8177380889963306,1.822678114429213
2.207497909483742,2.073787368937878,2.065787155438846
1.8631113134854376,1.9814224642122407,1.9784153153609236
1.8529096922610901,1.9822173452040788,1.9789889101120988
2.329830404172037,2.36766641700886,2.368520432422831
1.9404182061715365,1.9693438308415012,1.967143941379176
1.736955849896343,1.99828587137349,1.9954375335415278
2.1977434440466572,2.059502258458988,2.052728518476939
1.9503435752696237,1.9991556793738419,1.996947460928522
1.969671001360361,2.0163588931663,2.015262719181302
1.9042730789274493,1.974579140763731,1.9722395856114137
2.0375297155310648,2.0839441350894288,2.0792311056650985
2.0341859763558507,2.1140830758296993,2.1114749406610107
2.099713353807261,2.0022426667677418,1.9994950086410497
1.8834543322317088,1.9815123738111586,1.9802638114689661
2.151321309326048,2.0409146144290857,2.036688906339308
2.2712790441558375,2.0302010860217115,2.0291056815161834
1.9019864420974004,2.0100547543620686,2.007167420371001
2.065579416956347,1.9986277833405723,1.9962124929871683
1.9923008977447436,2.1102123113516824,2.1076251276219984
2.2611254765016473,2.0380280763306833,2.0357140363498827
2.276905204685495,2.015296547741482,2.0132943680166755
2.147290050687104,2.082303727559319,2.0797834463416756
1.9374772153845639,2.03872261040318,2.0356775431114933
1.9010145019530307,2.0030711218596777,1.9995853266944161
2.0379863019289544,2.0525550212270596,2.04877244653569
1.8576955912692843,1.9900858310899816,1.986356885511169
1.8991771982191903,2.0614724042716537,2.057788178158214
2.1650558172789554,2.1459837735934078,2.145479703260174
1.891753630518585,1.9917112684672964,1.9875423900583962
1.9991674483999153,2.026938773171513,2.0248728176092063
1.931750614157354,1.8211217644810103,1.8266115884790866
2.0331360770025966,2.0171042963833434,2.0127683446437663
1.9931008506538817,2.024486310928065,2.021191752479388
1.959308314006671,2.0136745573199093,2.0109328175265464
1.9224184533288984,2.1330181507217745,2.128444767159556
1.8188867856036959,1.9541653743214689,1.9509713165176938
1.9969070057202196,2.1068249053284998,2.1032058552711232
2.039462625757067,1.9636583520946052,1.9594560267238288
1.964649180251659,2.008854967931833,2.005079893838784
2.060988104667938,1.9693502221662929,1.9673508208370976
2.4204771166214454,1.9607871133411439,1.9562014368894651
2.1553991446683782,2.034983453080594,2.032413453447193
1.929075306683889,2.0560837433802996,2.0528482103450183
1.9981819221486945,2.0520776138693524,2.0500103038011983
1.9273037738544128,2.073321370478018,2.0693549566421545
1.8935444457764454,1.9833884782969224,1.9807856374734212
2.0359805248150877,2.1062946019551028,2.1053200240788947
2.679066091702761,2.2059724243605263,2.196444163342922
1.9260424203936668,2.02498763972262,2.0221192170342728
1.8682100445131007,1.921917646962805,1.9190638466815764
2.0669062821026634,1.982512913943497,1.9793849687144887
1.9669263386127334,2.041896977990671,2.039554301225289
2.0987596962984885,2.0294358831592567,2.0280361213970868
1.9445501951097413,2.118545580581788,2.1155407250921554
2.027254380540214,2.0807901722100834,2.078011058965518
1.8793555292915358,1.95526631136237,1.9549460857243814
2.025617748640319,2.0916554751523604,2.0871665160042308
1.9700008674271463,1.9892807696812695,1.986191468775083
1.9277222168954258,1.7501385273217396,1.7606807825705508
1.9488664800834021,2.057842960447497,2.0533326449491334
1.9486809784541408,2.024332337221671,2.021829753577875
1.9030733646024407,2.0583939624101535,2.0564121588327833
2.095109824357384,1.990715189428734,1.9881393604956896
2.0997547122185183,2.3341407912759276,2.3303106664728603
1.9667586444175904,2.1034473384640835,2.0999172142833715
2.302914077491923,2.224456749368952,2.2231085066213283
1.827792970360782,2.0103072111784233,2.0067897526229768
2.2791435063854752,2.2273881568744685,2.2223952189650555
1.8507923578792034,1.802472807343754,1.8086687803997958
1.8641737741015936,1.9853916483999752,1.981854957732267
2.1604984510400937,2.08096860698666,2.0797709143511773
2.209722826913624,2.018206575422182,2.0151714732030923
1.993825063043487,2.1093943414985836,2.1085064087661314
2.1777285226973984,2.3706860270957297,2.372877827437737
1.9036742641952293,2.0604083215022055,2.0564393725861208
2.3872718526208896,2.0086371316912097,2.006019359216467
2.2526843736342217,2.0697188853584008,2.0681275023790366
2.0115876745201957,2.0431475085409203,2.0379187766300655
2.0122429370246135,2.0703559334829054,2.069726956736727
2.1546466562258786,2.083446397637357,2.0815934671369463
1.9251964464640285,2.0559212922624366,2.053039807483959
1.9284520995321794,2.0062348680528226,2.0027603562066556
2.051407979752009,2.13034028450189,2.1260751067333494
2.112871813793638,2.0231017617208975,2.0200491569092778
1.8473140595914486,1.9187200704325384,1.9174990070931006
2.193653125371608,2.064454549988342,2.060431231239561
2.088258086863744,2.1017082463692747,2.0974890654696585
1.8584800752591795,1.9641414748542276,1.9624536487459747
1.9110718804079698,1.9874434883154775,1.9847167492914757
1.8835892719368195,1.9260627541018922,1.9256848781414178
1.975678139725996,2.082102388644033,2.0774040650406516
2.0136764236257023,2.046287716298034,2.0449626062675823
1.8728717944931508,1.8953048317445786,1.8950530447511147
2.2730752323385457,2.0842449078283893,2.0831561013413715
1.844273516984615,1.994027236397076,1.9901325091437139
1.891882168785556,2.0374662798017886,2.032395805423294
1.8788014722811086,1.820936788106005,1.8262732164317557
2.0502894514311447,2.034145672467727,2.0334728923181156
1.99590925203726,2.0284581923012857,2.023060081796759
2.2772038031580366,2.023364128218186,2.019023908475836
2.085074409541929,2.06816337533077,2.0645475905883117
1.9729428599225072,2.0593351200416534,2.0544793918730035
1.9075886188046072,1.844202311916991,1.8464631348619203
1.991277696986475,2.1070898987460196,2.103100734686191
1.9488664800834021,1.927882950651821,1.9267005372158836
2.0014698068170413,2.0309365007656424,2.025941309837076
2.0409275003159832,2.0390091159552317,2.0359835393351178
2.2567919814009523,2.0553504840097014,2.051729360294883
1.9461575834687181,1.873801564533297,1.8760416522451409
2.2460986866620116,2.0920655513673414,2.0901696668546377
2.0524671684252356,2.0246286654922474,2.0224795033156653
1.9769511753116396,1.9921657360426575,1.9894458262136898
1.8532330598318136,1.9939187474336153,1.9907632716386932
1.8520985164059152,1.9271205285338964,1.9259270990716084
2.244062465691408,2.1119162617776275,2.108929679509304
1.8226245532246383,1.783376027183882,1.7897461009354467
2.229391685492943,2.0721302584368604,2.0698787145612396
1.9781365835012696,2.0751897476062267,2.073497713947571
2.2582908464203966,2.036689408016743,2.034159893156358
2.2456929869597118,2.4908040704416146,2.4995675926717564
1.9859986018185718,1.957529882486868,1.9562280469576412
1.945213824238031,2.0359036227882643,2.0332597593682293
1.8885083758511905,1.9922549519578856,1.989879340462069
2.2653368022960936,2.1277339953532453,2.1259103766873215
2.1020569887688594,2.11369150868122,2.109622089537516
1.8385498132300455,1.7984081640763117,1.8033857349717053
2.199695790619925,1.979694612767504,1.9767422908023544
1.8092533423912132,1.9614981324180045,1.9599508307321565
2.128061436815443,2.022005861253262,2.0190301334818765
2.0527310476750182,1.9909053255027285,1.9896543122803285
2.212162324179439,2.0327774029193546,2.0291313750509663
2.0218666073755363,1.9695920428465254,1.964047893626545
2.2595510425900174,2.169828381545755,2.1694763426463237
2.266685749990591,2.129813017499945,2.129227318325844
2.1052998740760485,2.0147090874007887,2.0128613619677207
1.9346873907772908,2.0757292237230547,2.07209203402358
2.0678345416894066,2.1496949817615545,2.146751180261762
1.9544334591039667,2.004593294576491,2.0018502227489106
2.2613521601999405,2.1035458875782536,2.1015853252223593
1.9279310647465593,1.9853910174016578,1.9841127533706238
2.1084110905595574,2.02501291688046,2.02355325862964
1.8724401853309884,1.9675139725256978,1.9659083195423772
2.2082260225962735,2.0078498570883765,2.0060185254297265
1.85435993117067,1.9486558372639224,1.948511070239824
1.8430758471463164,1.945365172167178,1.9436243602962389
1.892907015972455,1.983661589666972,1.9801596167723607
2.1168553405924615,2.125581975350993,2.1156501298160872
1.982110053188364,2.138059163455953,2.130318822216388
1.9678458769386276,2.0636711302433213,2.0606060987124812
2.0087433569459696,1.9779884675941182,1.975839687719755
1.9942582214063616,2.0189971925284524,2.0153784920195945
2.337479274388174,2.2329698178858473,2.2304964687462543
2.171432170454499,2.1467934257428114,2.1455057691328863
1.8687998607905572,1.9607257432058434,1.958799363465383
2.2417586780152257,2.1302502828566556,2.123202957956201
2.278009734589684,2.3386767649210873,2.3440090289080144
1.985242652644763,1.953427300783739,1.9535706102824046
1.9847875742553183,2.008514327926158,2.004819574440338
1.8463067285775647,1.9281174767458216,1.926100524138433
1.982187102772909,2.112946144159767,2.1073405454886287
1.959570435801317,1.8825654969697576,1.8843294401323618
1.8693876193329615,1.9782362775126636,1.9744430919293867
1.9039140394126948,2.006086501711861,2.004692005467682
2.264333524306843,2.0918624623119118,2.091788424335236
2.0111934032216974,2.130752634785767,2.1281116690626485
1.9153859362383487,1.9849271428338042,1.982560743621176
2.0863629938979447,2.090639367698939,2.0892336184051548
2.586274644430567,2.2424691332306845,2.233450679818537
1.80583844668711,1.9046734522114124,1.9036129152569337
2.0475453129266463,2.0141674793815048,2.0119400267196528
2.0063955235734388,2.051071168269013,2.0487642942893776
2.2559999228394974,2.0158412751001022,2.013238087600767
1.8580098266650071,1.9870371928714365,1.9828884848781576
1.8532330598318136,1.7912389977316026,1.7975983715122625
1.962342821002237,2.0387700714369887,2.034978385114709
1.8226245532246383,2.027388781945868,2.0234424348381626
2.2313333226200505,2.188247592954863,2.184302348451734
2.0561286465240083,1.9791296880915177,1.9764966430833595
1.9728617812701703,2.0877191568968323,2.0831955865720273
1.9528087391105977,2.076091667054738,2.0739151204866344
2.072219388979431,2.09448427160999,2.093717569979605
2.123456407340553,2.072300143057056,2.0696668165795025
2.0889585578351504,1.979418388074441,1.976164850989003
2.5562814298243377,2.226215039379002,2.2214221397211222
2.0976760352046493,2.0649990642224783,2.0633451351452563
2.004836269722238,2.12521296705786,2.119129253068712
2.0474911080814144,2.1199290843790517,2.1140257730136653
2.104897423889966,2.0391183621895106,2.0363705522473743
2.374122984100528,2.238268253363023,2.23173373259639
1.9896581636051334,1.9053616108394564,1.9029381556194283
2.1173476992474236,2.087122733231413,2.0841904465375545
2.239367077391884,2.0028035791760788,1.9980545873367586
1.9411942810958736,1.991227928985102,1.9910745718659366
2.282338594013367,2.0826807977225403,2.0792101926399664
2.253410349664936,2.028664737581467,2.0243154952820084
1.9468152441533784,2.001260290489898,1.9992460749348768
1.9703301317619344,2.06206610993784,2.0599947619699615
2.1579802254848905,2.039974989543629,2.0373035730435487
2.0559731590517365,2.1061853355208755,2.103295110140472
2.0200565150097636,2.010622162778471,2.0080458651696222
1.91426100170212,2.0098137563507095,2.005070012740846
1.8862658547340057,2.0430118143828215,2.0384173247550446
2.2176541585840335,2.1513484661197446,2.1428835072875483
2.1396555218425384,2.114100679155425,2.113454556944527
1.848647726616805,2.0777899212572293,2.0725871217933896
2.1013609316390136,2.0218396028937122,2.0192509571429613
2.1630462259848007,1.9491306938957105,1.9477970630474797
2.2021544639687067,2.0096326629951964,2.005025596002949
2.2078865511278574,1.9898434971936498,1.9863912574794313
2.2278519848663056,2.0444222819936484,2.040537704106715
2.1844364312798916,2.2205940485996845,2.216987391615901
2.0121120695078245,1.9844956124203779,1.9824878295150965
2.248637103478568,2.15050090780543,2.1486032200104708
2.062897859059994,1.974637688051455,1.972800979648957
2.0297721842215033,2.127553109749876,2.1266569092295895
1.9484023629173417,1.8946848346994563,1.8951335594801133
1.9458749819195567,2.052284292562187,2.0470432917963666
1.8032289271646968,1.811639269615692,1.814254730237113
2.011784496366368,2.1420580968011853,2.140353685458604
1.7765694967262777,1.833446158737508,1.8356427269556215
1.9511690898459402,1.9597710470893928,1.958323695707032
1.8166829033983758,2.0536689585435846,2.0498728854844064
2.211423900479823,2.0252976872455437,2.023539635347568
1.957727478612631,2.0098921701375834,2.007872016389427
2.043380957523182,2.09911514939308,2.0976055900068302
2.59143996925158,2.0978901330524127,2.0963650033067838
1.9028324175521512,2.0402935070261186,2.0367276776019407
2.036900099363016,2.165687056132187,2.1625534972302525
1.9214464663563566,2.0004001923472514,1.996887719462456
1.8981892228483415,1.9916426910647038,1.988984389576983
1.9838739944063115,1.961896214382838,1.9600160991434126
2.253057477852587,2.0918974031573647,2.0885836644529694
2.3145951198824424,2.1057757958011805,2.1034208315401592
1.9260424203936668,2.1019411585119774,2.098241298145773
1.8601930995254734,2.047394907848848,2.0412718947314255
2.103238720919578,2.002433309936436,2.0008840953828373
2.391666960891832,2.153391001061568,2.1487599722623485
1.9614810430773355,2.0298157433194173,2.0264807422368767
2.005040398451994,2.1105897926384367,2.1087752433962277
2.0998787351842254,1.9915878035648327,1.9900101864142745
2.182444110195214,2.1762620102050305,2.1711369493112653
1.897320063017553,2.0050006785918044,2.00251534287761
2.0041542064452296,2.0414679249445387,2.0374340916151588
1.839429892784743,1.9958867000952372,1.9887087746251764
2.0533628706644382,2.0164845922326493,2.014872480163794
1.9877254903902557,1.998965112548645,1.9966397825202415
1.9138089820635305,2.0234960538471003,2.019732450737449
2.1758116439814272,2.2670950842213666,2.264208302846513
1.8504642098911304,1.8022361987572215,1.8085790486444764
2.002092760782066,2.065073717871521,2.063297459593597
1.9496988533065882,2.0505908034005214,2.04958707047051
1.96917506889874,2.078786551258048,2.0759589702830366
2.630581213943401,2.400068504663714,2.3981582894068447
1.931954730818921,1.9159732840760086,1.916212300970495
2.10971274336455,2.0782155315031408,2.076284491509849
1.9198143713139824,2.0424118143839256,2.0374370470519807
2.1802384375554773,2.1377171604291223,2.132976051109855
1.91937655631323,1.9906643844502838,1.9882949262144036
2.233601449015464,2.0702663907978986,2.066843834690706
1.7581665761718148,1.7883681014414587,1.7938481835145788
2.2807555165768103,2.06180156757825,2.057053223653116
2.083282921220765,1.9598445181731632,1.9602178618129864
2.6327999669220254,2.1111658484151983,2.105202069154706
2.265781218049618,2.242043120100108,2.242037433118313
2.2751227062445287,2.0522372727239637,2.0464860357223174
2.064541036416862,2.04394820036055,2.041561784489577
1.8418694443239105,1.9598722221158353,1.9570757519695907
1.855638529489621,1.9742641802147902,1.9718164625710957
1.9281396643216056,1.9975040944821483,1.995416722244336
1.9582559755090343,2.030381182570722,2.028424659413835
1.8075549312499342,1.956250295825849,1.9530223572163656
1.983950301259516,2.0763048334997305,2.0743527493493215
1.953171068007988,2.0226768208070354,2.0190881100473344
2.2021045752164454,1.9879462677511046,1.984732580419784
1.8113515457275304,1.911106446158797,1.9099969044101326
1.999728245219068,2.0142430882836817,2.0111237494876715
1.9926649457128534,1.926300642100647,1.9259706110384776
1.8837241047519169,1.8355757921996267,1.8378030568338137
2.0464582642001106,2.042844260891152,2.040030713794382
2.0338366603078013,1.9703385110301006,1.9690103549397118
1.8533945086024883,1.9116069503623794,1.9115066007316557
1.9005264680487248,1.95806087942282,1.9548272189770066
2.043602430114822,1.959877287834776,1.9524473648779317
2.072409859137928,2.1153291770544684,2.113124158140416
2.215043454523191,2.0528786944486206,2.0490233593819305
2.2124949573642834,2.034135520863705,2.030725877183334
2.1005388708126773,1.9986735567016443,1.9970851003074586
2.207035459646512,2.002627170179593,1.9993976304505492
2.1027505894478646,2.0167052752335737,2.013687787145982
1.8100958953479331,1.8953149725787697,1.8966957961418207
1.977347172712792,2.0525510481743074,2.049018390739429
2.245672681810682,2.0393896953410837,2.0340537142539787
1.9614810430773355,2.070257690432059,2.0678181575254646
1.8801832382383998,1.9951415890376762,1.992252349865331
1.899054011176713,1.9874628846904707,1.9852236656795967
2.011784496366368,2.0764109464016114,2.0755764115620527
1.8146530810614783,1.9168531933957382,1.9153075552209282
1.9307264626570277,1.9998289847115571,1.996891348454442
1.7650099649017954,2.0155363358065967,2.011982539963805
1.8484816028724191,1.8022078689367544,1.808002867410111
2.2345233691986883,2.092267112655178,2.0899110722911365
1.8875885504895784,1.976803023999413,1.9729912677968007
1.8866637413666347,1.9339807026797327,1.9325094843922854
2.0337783778851923,1.9991079347076963,1.9971410452476035
1.7025741555968943,1.8261873570833103,1.8283102622231246
1.857380764066824,1.943628906617292,1.9419258637352672
1.871138699145419,1.9685273461717008,1.9642040128572038
1.9078230283399096,1.8712358540732659,1.8709773126200022
2.152753139378637,2.029059141141057,2.028306898371825
2.0926382085629682,2.1140028973923792,2.1086830487329995
1.9883968083298922,2.185319561610681,2.175965574132719
1.8701194468759068,1.9179305481345503,1.9165329772900526
1.9086409709958305,1.9898759928070902,1.9871882948760922
2.2208499231752206,2.0869793337708775,2.082139176327534
1.919486113101458,2.0861287707442813,2.0826262929925305
2.105701503511727,2.0193229072457775,2.0178066492292106
2.0517263555018306,2.0514668822706024,2.0476938203062045
1.8965715538527692,2.0070784052619164,2.004638457885622
2.1074987736994952,2.0424867237164728,2.039869060211899
1.899669066381454,1.9483094001056775,1.946237841671806
1.9971910857045687,2.0803415255992337,2.076922971539147
1.986224776990574,1.9993356197154888,1.9961352023743077
2.063994872842217,2.0082099839150733,2.0048703156765852
1.9889914716915733,2.016540385513385,2.0134372960928713
2.2046584882179276,2.0716821935455494,2.068716185243345
1.9699184574138413,1.9887008724753763,1.9852679939417075
2.0221769261867557,2.056770711068913,2.0566433195931917
2.207522220707035,1.9839946768399432,1.980960619036741
1.9804066519316925,2.1621607211353306,2.1590378553337346
2.21417382983172,2.012249964028217,2.010069234517774
2.0781769606120015,2.079093929280028,2.076371109563649
1.885600640225205,1.996314780500766,1.9930872955071566
2.0878629625538423,2.15556339334619,2.149688096087719
1.9800952206044755,1.9955322627178946,1.9972706114464764
2.197616033869709,2.1890006017113013,2.1859688444312315
2.0696294516912777,2.1379395669629733,2.1347455026339306
2.0152920708473747,2.0120695118146124,2.0098763693488793
2.224290118588666,2.2446515831946035,2.2379474117119855
2.127235297946092,2.075694264512556,2.07141649012558
1.9324639889839452,2.013432046811273,2.011122483546872
2.72538076881291,2.5705931527766133,2.584290403062592
2.140196082787445,2.119640313659781,2.116972466822226
2.1295968523700872,2.1845689202251655,2.182847466111042
1.9904697222558951,1.978927861759832,1.978217631107675
1.7791402874504842,1.7746925934399678,1.7814377617818407
2.0125697026748077,2.065598150354651,2.062804641897795
2.0334866947125914,2.020243640512148,2.0163501617829387
1.7599057874870394,1.951819337375515,1.9509234838457838
1.8062692844949755,1.783047251360624,1.7892265275037529
2.789619528143978,2.307415677524457,2.308382179224094
2.048032461504876,1.9467919298678393,1.9456538158826135
1.9654959351561296,2.0469752853118517,2.0434142844671412
2.1232361930375974,2.100368919772636,2.0989515360755595
1.9667586444175904,1.976949725226363,1.9737366523082547
2.0154850083090583,1.9973676848700388,1.9932525741100702
2.0860083739945785,2.0803711012831654,2.0747435005293653
2.2207129707942213,1.9850450601105725,1.9817521907274904
2.286162734779702,2.091674154088719,2.0875336894426777
2.2785686342069593,2.0497754503748835,2.0458485945275777
1.816884496318449,2.014219793025985,2.0033730523799456
1.843761290669324,1.7950001378192342,1.8009756579590412
1.8150610824374271,1.9003782039902593,1.9003321340623844
1.9315462603976816,2.0411482114774016,2.0372510505724803
1.8499707706997657,1.785517997806882,1.7912265955251847
1.9080571208389583,1.9848215108373786,1.9820524334613387
2.202328980858182,2.262654543314345,2.2626624912339364
2.097508785147231,2.26917814903687,2.2656987742431447
2.0044273341593972,2.0757023577323466,2.0737988102383365
1.8554792394502333,1.8081067025144137,1.81230910167218
1.9558653522038365,1.8789463592129192,1.8813460765903272
1.8646270643206333,1.931124253984951,1.930784745612879
2.0605329921879467,2.083900409333983,2.08240351605358
1.965580391891896,1.958812639075051,1.957456711688156
2.1646076237101637,2.062632057956352,2.0592512750683265
1.9246656303762912,2.000635568245937,1.9964366783774365
1.939345514792052,1.9888005168113219,1.9853407000178542
2.043214682931584,2.1118148030208688,2.1075034013506273
1.8650791346417792,1.8083438107720053,1.8144140961751019
2.0838221039550846,2.1197959821807766,2.114833868798942
2.013481598561757,2.0096223449134247,2.0074132498906745
2.2075951374638363,1.9948758670004016,1.9936713070883392
1.9572858696569564,2.076816537701336,2.0739407888895736
2.123786272953677,2.0590868602453822,2.0572341877172087
2.288975262384446,2.103203097382717,2.098239245926389
2.2106110210269483,2.018018629897282,2.0152596969132195
1.9534423327892219,1.9949331396687922,1.9938625367848597
2.1624727226399187,2.0940403305994275,2.093417708156681
1.7971977752703387,1.906608246140667,1.9051720471284406
2.050982648655642,1.9954270226120583,1.9935907480201642
1.8935444457764454,1.9900922551180753,1.9854414229519852
1.8629589828704174,1.9615169669693813,1.9602964107371648
1.9057018190450568,2.0278247989823934,2.025359120927832
1.9705766865239278,1.9827108256265704,1.9827059209120108
1.8603479632521576,1.765947776474953,1.7740918730559398
2.2554185196512018,2.0674664057042373,2.0646498203988064
2.076086952147184,2.119583614637232,2.1191145380197707
1.9415810465055925,1.8825313914615234,1.8851329319307144
2.21334789126129,2.02607631976519,2.0234471444953703
1.7990085443063024,1.9003813179282014,1.8996594887280311
1.9780577967964463,1.963189385874937,1.9605026359714222
2.186973929637301,2.1792334854653426,2.171523751180017
1.9016226066011153,1.977199155078603,1.9752185021539619
1.9660863017608423,1.934761072584635,1.9331753979994768
1.8562741741043105,2.0040312870094374,1.9975459683591255
1.9021075501456215,2.005994990982702,2.0034902913059303
2.041207910085751,2.04587927396745,2.0441594069690123
2.121243224834878,2.0987596445302024,2.0965074424479546
1.9708229050929198,2.055846711646885,2.051532831778762
2.3003696162548,2.0274644543029305,2.0251929741631556
1.8653798405601787,1.9171309417516553,1.916692330511856
2.585282853600313,2.5082640329802075,2.503269965787593
2.0381002761122406,2.0685577922154397,2.0660399495534976
2.1717212816631357,2.140876949290239,2.140530035425694
2.280063634359378,2.034301728621681,2.030182097794
1.8796318809313828,1.981037527438384,1.9788259299771074
1.9735901840781698,1.9160089173614094,1.913658196568536
1.7942108703195245,1.779623175720905,1.7864582615114846
2.0316091347079532,2.0129781308387362,2.0116040165012152
2.0343022711362857,2.046404806125541,2.0442377643247776
2.4475377778707985,2.188115563304135,2.1839185119021445
1.8721518319467965,2.01701659263128,2.015006154930628
2.20175501999147,2.0165382860061727,2.0115150921272376
1.8581667231704868,1.9844875131283894,1.981452015149908
1.8903333005064034,1.98928705602141,1.9861331270044462
2.284012424388059,2.013408617081706,2.006238475907152
1.9951214816206293,2.0207712109945595,2.017102490677693
2.0000778775822687,2.109324615212492,2.106228122574369
2.0387259068582244,2.054658310273144,2.0518605487556685
1.792579109952226,1.9809559567073118,1.9760017293758252
2.2159095023048434,2.0921292714458706,2.085258434558531
2.01250439554932,2.1695943219557976,2.1665589556098683
2.044760932020693,2.1810492213531916,2.175627674459775
2.1834563176949078,1.9617820623023503,1.9571028432194182
2.0417116022648547,2.0534148986419565,2.051160374601954
2.067688271950449,2.0480606096932337,2.038881488397297
2.0599752703527954,2.209752094860077,2.2086394781972656
1.8493105653207214,1.7993892686021227,1.8056471405276495
1.910149835068975,1.8372278372338589,1.840350316669781
2.043214682931584,2.0599866483317255,2.0582897629411736
2.063247589960112,2.0380872145195865,2.0349088794684236
2.5966467994106783,2.2174678406853965,2.212204433459646
2.151193544637666,2.0219680285815347,2.021544386496489
1.976713161128786,2.0156251007971018,2.01260399259354
2.2344163740115626,2.140980423680794,2.1324255502478566
1.9760769246878658,2.0088392976823535,2.0036542109712103
1.8434189237851273,1.9353680297602627,1.9334264697229897
1.8803207982774057,1.982315612201536,1.980527922014752
2.21553543209951,2.1103548242254466,2.108854078713216
1.805406453616492,1.887880398243577,1.88849853498226
2.1433096805360425,2.086721218535493,2.083579315098891
1.8247499833233811,1.7764549052656577,1.7842148409994998
1.8317029291478581,2.0076711092159822,2.0041945737977596
1.7999063145391903,1.871725661015866,1.8742580926303511
1.938561268385099,2.0513528833157557,2.048947873548364
1.8926513785375327,2.0782103836252785,2.073420927982973
2.265392404087962,2.120534262178052,2.1196675362331954
2.0216801682869225,2.0615301360521507,2.059529106285101
1.8466431857168923,2.0440138164678143,2.040260299991639
2.2006023448348757,2.1856477866459176,2.1801486786305126
2.585206034676048,2.2391824604446553,2.2329143036813197
1.9904697222558951,1.9997843248525191,1.9975846874907734
2.0352878875383835,2.152857059185527,2.1486150838380174
1.9571974169699304,1.9892236521085718,1.9863551737571474
1.897693098375841,1.967188112990131,1.9616539071001515
1.865979643255761,1.9946089670782854,1.9912893029369974
1.9999381043069677,2.0262251823901596,2.0228472927666923
2.047111240215856,2.052265363956048,2.0509061452375636
1.9699184574138413,2.0452734642277837,2.0426464901357795
1.9485881550744661,1.9963679148314675,1.9939784004093188
1.9136957932319882,2.0298738822990994,2.0281878587122577
2.1009092240483733,1.9820073258865398,1.9781244631792965
2.230680818485689,2.119751057698515,2.1084283160980757
1.975678139725996,2.083996312227852,2.080924458038302
2.099630610827322,1.9771740067585228,1.9768561264036677
2.1688702567841855,2.1813980832742184,2.1782916454810666
2.0226723665025625,2.0440702505826476,2.03961843027263
1.8182886847157236,2.0034269778671945,1.9980317702756278
1.885867037573247,2.0343488727629095,2.025624451009414
1.994186099354076,2.078976124920287,2.073377231933539
1.8617353321227474,2.048962267271187,2.044137627493598
2.0413759565723892,2.0593941520704044,2.0555477415108876
1.9865259084094236,2.068994407970672,2.0667573679089988
2.0182920135248494,2.0453863135932515,2.0413300768027676
2.2203930695514082,2.144551548586104,2.1426618303349003
1.9834154807742101,1.9946940298331841,1.9906724370310593
2.0226723665025625,2.1158844915753106,2.11118403305875
1.8646270643206333,1.927775633583048,1.9262623187271082
2.1332973268191053,2.0798457009396074,2.077344083362233
2.540565371139332,2.1189690091336946,2.1122113286765156
1.9556869916194142,1.9977784799584282,1.9960959887541838
1.9731049082654595,2.035424799973898,2.0332769637694117
1.968345472842938,2.0122404088399994,2.0148181743998053
1.8435901957522223,1.9326743272958813,1.9302861974635825
2.0352878875383835,2.145388622116027,2.143493627549644
2.5158858533538386,1.987829360695155,1.9839712121270314
2.0415438538718536,2.087620231239212,2.0871528631989413
1.7731635551243876,1.9572332992677361,1.9569529377529102
2.003675258412179,2.02250438432629,2.0168271931889277
1.938561268385099,1.9562329217051246,1.9561982239999645
2.0007751569518284,2.0728333187520445,2.0687924150729082
1.892779244941862,1.9615730276809789,1.960620860580078
2.099382172346842,1.9815627210474285,1.9792806771223241
2.2760245994068375,2.0101760525760297,2.0059926692626577
1.8737317193463552,1.975107195529579,1.9723069070012333
1.8621952480630757,1.9660599055193482,1.964769851255837
1.9990972284861295,2.0099073027855248,2.0076549858815937
1.9488664800834021,2.094992272005802,2.089929187424304
1.8997918140851535,2.0196432250364307,2.015192497399286
2.0349406116248483,2.043793416588477,2.038381222405907
2.1688995501056474,2.248277343808014,2.2462736024933925
1.8822350350416452,1.8321413286641484,1.8346771915874802
1.9548821593640904,2.113970243815995,2.109182005890324
2.2042884937936993,2.0148726681940636,2.0109422906207186
2.1236397334498007,2.0389734051361215,2.0396899686708263
2.171084698226501,2.06461454189097,2.0607431361779365
2.004836269722238,2.0371832581260034,2.033410981435162
2.051673329839782,2.0578179921820987,2.0533500715404593
2.1652348197721776,2.2473816751872913,2.242440458538399
2.179126692462855,2.1318115191258435,2.1265348470609795
1.8088304119892293,1.970104875008842,1.9656989997199683
1.817487778008664,2.065837396481149,2.0610471604522904
1.9066477920197986,2.0410594513093567,2.0385083342243693
2.3927528969638376,2.3119933788453606,2.307081857120718
1.8866637413666347,1.9824989314590271,1.9792520072360151
2.2752290050480557,2.041689391269221,2.037475079122673
1.948773753439304,2.0235179082399197,2.0222903495878066
2.351099455711899,2.178456190764601,2.1728011171249966
2.2802541201941664,2.044669322818846,2.04231457876917
2.23720206516375,2.146376204575694,2.144297256545277
2.170009603581297,2.0608786330385813,2.057499057728377
2.071694624061508,2.12639961319094,2.1240167990968013
1.9364859051028005,1.9824694230122855,1.9823412613572788
1.8744449969055266,1.9629399974115798,1.9614816969564317
1.924452852542848,1.9865469624797163,1.9834816158203017
1.8608116971436326,1.7936977993477514,1.8000561512126851
1.8376650120360112,1.9479535503890875,1.945754284438232
1.9824949752896002,2.0304503877910505,2.0263080893613896
1.8546805005682931,1.9321749826104802,1.9301263369942196
2.4455266192425884,2.4054851155160955,2.4031730712172275
1.9398339083105562,1.8749233103653447,1.8765062992200954
1.9654114387656199,2.0569967764681683,2.055140318410859
1.8594166250325856,1.822414575457732,1.8265130460449113
1.876285566202157,1.9755975719749461,1.9743677185315152
1.9685116976345491,1.8610523407310953,1.8651263951704267
2.0042225262631357,2.002421058030154,2.000383792074769
1.872584177618644,1.9241322893729103,1.922186989850314
2.1035634701460166,2.0346525077895397,2.030357990824112
2.1514809019761856,2.0500637565155264,2.0462368738817056
1.9878748855138468,2.0681155744725537,2.0667896845794487
1.907705863258637,1.843392265798589,1.8459808167104903
1.881690306703573,1.8364990576238664,1.8400009889994267
1.8680622671315885,1.9691061609649534,1.966824994811315
1.950985972357075,2.1279162633007767,2.125763644901295
1.8397806144560134,1.7960499743340874,1.8017368539075203
1.9111867921725012,2.0095984067725423,2.007835092484233
1.897320063017553,1.9705676631233116,1.9671079293927805
1.8650791346417792,1.982340997324463,1.980077588176901
1.9654114387656199,2.0599306518224525,2.057788140472827
2.093323160354691,2.001143760372677,1.997688818088705
2.0833728889999032,2.057786641813688,2.0544890046504283
1.8696807316926907,1.8227293023026931,1.8270431873127393
2.0503962617034066,2.0844914146131304,2.0810300732162457
2.1036851130214957,1.9950722761789808,1.9935419272044728
1.870848112064475,2.0281117172085823,2.024984734784481
2.081747056510965,1.991850351947599,1.9886283742389548
2.0296530519431237,2.115762727326232,2.115014753255076
2.150873779958809,2.1282218878790173,2.125939260784615
2.0758533288438414,2.0871467330485305,2.0845716219888346
2.17923813719655,2.1672595250988285,2.161998027299629
2.2100593424314834,2.0388747419479967,2.036134766619293
1.8459695874009059,1.9509137993976786,1.9493627724104234
2.1427107921933115,1.9727620476731549,1.9688610315320432
2.3099990735862925,2.175788290998416,2.1730308842154336
1.9952649643002967,2.017003663989177,2.015717342493031
2.1095554235947493,2.0146236890502833,2.0117507445673852
2.3949305565318983,2.2395342123881896,2.2323037620132036
1.882913500911421,2.049367916786317,2.046533026645205
1.9427363013688455,2.0082406328815092,2.0073135512794256
2.075946812044018,2.1446518925541254,2.142619304005596
1.9325656640260882,1.9725271034224914,1.9680903322365615
1.9808728006619494,2.0483471435133684,2.0460663067795224
2.135001094652663,2.1332973911964648,2.1275455995317243
2.1432764555946524,2.1227520525868804,2.119897521569355
1.887324830356305,2.0531117422839613,2.051607628160245
1.904750639877578,1.9894353506063456,1.9856585014818209
2.109319208675088,2.0314789245960077,2.029325901403128
1.928556121139461,2.0693700438844345,2.066951780185187
1.862042082877632,2.0084966358755247,2.004464319967237
2.207716609056562,1.9935776230245723,1.9921464815332772
1.9599193363483973,2.066567546349318,2.0619044949543577
2.254699289915019,2.032185486710091,2.0273806480933727
1.8913674355531183,1.9460628226521466,1.9446756868275759
2.21356058535201,2.058256680223727,2.0556140682985435
1.8721518319467965,1.969982028377652,1.9676474356133506
1.942832233486964,2.010338825656918,2.006894541144412
1.9518996845774494,2.050850691679493,2.0481411091183364
2.0275558978317925,2.1185982790366884,2.1125581447439354
1.9858476624337977,2.009814706390562,2.0060168677287176
2.042937233714928,2.2676438993009205,2.2644789971012247
1.9281396643216056,1.94905895575716,1.9462945395264355
1.8676181551844069,1.9832858880846167,1.9801779670550994
1.8452932411118295,1.797189794778524,1.802841826040631
1.9633715253868336,2.0292995325198255,2.027110247692464
2.2657257158488724,2.118621242401053,2.116514452874361
2.0027136169033666,2.060665773014285,2.0558522720128067
1.937576041005297,2.0066135831426233,2.004108115643433
1.8662787440755735,1.9339628147282775,1.9321466732950539
1.8533945086024883,1.8328407779380655,1.8344054219950645
1.9277222168954258,1.810206868543305,1.8165098589742836
1.861581746009703,1.7996536792149933,1.8054379157746792
2.141407062654906,2.0279985765898396,2.024348857514199
1.8612741509473532,1.9716461748089913,1.968622350676445
2.1005388708126773,2.0040871954103565,2.0019435652581357
2.3065232419618953,2.037637621768397,2.0362739690696654
1.8902035929029264,1.9897385788711612,1.9878142365666505
1.9360878169032154,2.00802270017062,2.0048307740155247
2.047002566774089,2.0118143344696815,2.010650057254244
1.8498059650183825,1.8033494987675618,1.8089106975732339
1.8541994151124541,1.9121117490379955,1.9126284718821922
2.186221327865915,2.1055280482357746,2.1021279732013465
2.2016300369531754,1.9774493106065039,1.9752528971168215
2.000983827051609,2.082601004672449,2.080363732653801
2.2110178539740346,2.0176060073620006,2.0160260274596196
1.8258977517133137,2.0208371179532585,2.014804241560866
1.8583234726046736,1.9194556664718503,1.9199231363950937
2.539740441138543,2.162403706730879,2.1545297265992276
2.024763459141084,2.0112467091835255,2.0080964151850647
2.2373076715678977,2.1274383723415027,2.123228251931518
2.6279729823073974,2.2225289477994243,2.2139641268978005
2.06284784539248,2.1305663200277496,2.1257229913925313
1.8232069671378155,2.0068113890111583,2.0048011471306335
1.8682100445131007,1.8006991469690063,1.8053310835456289
1.9786871348847561,2.0351604526984293,2.032813726370813
1.8392542520465573,2.0511876002209584,2.0476595463981995
2.273664738581143,2.0518582186955787,2.0467536298712923
2.1529749624703265,2.0002795495827925,1.9986249450648956
1.9734285700686955,2.066236994015549,2.0641572127428076
1.8931622725143273,2.041214620831214,2.036057133640083
2.119679214713359,2.094487201222255,2.091949123190925
1.8728717944931508,1.960776304683356,1.960328863730128
2.0792365355882994,2.3565372664747986,2.355865901505415
1.969423205518877,2.044500729250764,2.041656390613022
1.8757213659695093,1.9544605634612129,1.9522393095771298
1.8656800094224582,1.96507162352699,1.9621229591586902
1.9110718804079698,1.9866074944551806,1.9839694471302858
1.7575824930360904,1.9541066807980199,1.951383258345019
2.209313474241125,2.0079462416099054,2.005544655841239
1.928556121139461,1.896285723101957,1.8940108235071356
1.8946858798191717,1.9858488605748623,1.9824278241795645
2.039462625757067,2.0884393839004813,2.0808543053429003
2.0598228819275373,2.1328810424483766,2.129966344154906
2.247874705929473,2.0442061648931897,2.0399954924836847
1.9887686996281277,1.9937420466104565,1.9925296223784246
1.9859231477380983,1.9966076037456106,1.9940450938358056
1.9687607478746192,2.0509533729713727,2.049093580977368
1.9341845305849938,1.9742401745260467,1.9715229924320994
2.3551960310046605,2.3406184925582485,2.3401747162185864
2.099465020128402,2.107940377187155,2.107010222655167
1.9132422991662676,2.0686962450955027,2.06496038053385
1.8818266524955898,1.9423727199277527,1.9419449488421048
1.8611201414495913,1.9148908028474587,1.9151339062944608
2.1686357592423615,2.1138183396979966,2.110820521798155
1.9629436142027474,2.01102467815894,2.0084263230888415
2.2051753838384656,1.9852487400424161,1.98298353467642
1.9670938768379287,1.9882945923601625,1.9856225840441302
2.512582398013809,2.1305391675419303,2.1258981782832755
2.043103752030013,2.152949816158761,2.146281973778784
2.039858133500713,1.9718018373432606,1.9705377279701644
1.744699803900807,2.0182369183945146,2.01374263828859
1.8731589225702523,1.8023131710846145,1.8079609078119931
2.0190502743882375,2.2075388810157377,2.2006347779027746
1.9567544965364654,1.969130602956626,1.9668950126073512
2.210179395930599,2.031170060313368,2.028585228080753
1.9706587966870281,2.072043401894863,2.07002835866491
1.9412910516752855,2.0217515724808193,2.0196792857864674
2.3170706934228744,2.1233668385634354,2.121554872276213
1.9848634995879975,2.071215333076457,2.067927308361462
2.019868257999304,2.037729538519458,2.034878577774331
2.2161662907998596,2.0393290549985883,2.035860936844671
1.9732668115558583,1.9168840232678652,1.9165920255345306
2.274856732363031,2.0686141644112976,2.0669070961672866
1.938855768645035,2.0654701612424464,2.063250755080862
1.8540387443951185,1.9450596739929862,1.9422855768033118
1.8664280952320929,1.974998266817133,1.9728084113135265
1.9944744175694789,2.011017812535405,2.00903442432546
2.0484104928753437,2.0282578717062734,2.02792005507243
2.2089516163495,2.011078298062256,2.0094187124481615
1.9877254903902557,1.997724713075057,1.9948304228417295
1.9639688944499505,2.0764226495735136,2.0727410004076416
1.891753630518585,1.9849447485162006,1.981821094434149
2.0111934032216974,2.095943764193717,2.0918933022637196
2.009607880257858,2.0965866348843623,2.094096161768616
2.0010533312600387,2.02583914799105,2.0235714353174017
2.2803925512425334,2.0941161083050814,2.0915406110911396
1.8535558011248225,2.0118018314517156,2.007877699064913
2.197335456947262,2.067397170644685,2.0604993929510402
1.9974747272273161,2.0426590733052667,2.0398055683044767
1.959570435801317,2.0055621771389887,1.9986163185928212
1.8626539060962148,1.979430472404594,1.976041420552495
1.8468111586894818,2.041465925801991,2.038082230300636
2.0475453129266463,2.051280050837645,2.045570372852445
1.9649883606076264,2.035037832315392,2.034099758184842
1.8441029509004139,1.9698586258463244,1.966934506368434
2.0547768613122237,2.034046772001986,2.030585069425183
1.9195956011367858,1.8757447495617257,1.8770589857347586
1.888377275202497,2.053472644494347,2.0500214885258474
2.00551582345299,2.003906057760194,2.0007242395935614
1.8833192854569463,1.9505367441744943,1.9493424109599284
1.9784513887390789,2.0031588676883403,1.9973983552243375
1.7747446846457646,1.7912230977905983,1.79564425908415
1.874017391528449,1.9776002762440323,1.9759265785616105
1.9406125441475286,2.114847668954892,2.1103337692144604
1.9809503760398122,2.033039308167437,2.026161725888919
2.1602541368030512,2.117494267277999,2.115486960820396
1.9891398357026993,2.148585267084593,2.144129575288389
1.929489552740077,1.8715013801244254,1.8729046407001406
1.865829893091492,1.976757007237185,1.9751935949680637
1.8801832382383998,1.9498733029953776,1.9480799824111297
1.971068788439287,2.0058492443176466,2.0025686798131743
1.9894362029824473,2.100104665486048,2.0967486385896223
2.0583435018699654,2.1828699466128625,2.180975729132492
1.8337144057396122,1.9741918163089216,1.9708176700678806
1.9355889402605633,2.0655132462567236,2.0624148861961453
1.9804844264493515,1.9901789790056685,1.9872911614209534
2.265651690817978,2.097775822074094,2.097086253426288
2.03389492468747,2.071630211687175,2.063438800530107
1.8471465952638724,1.9102521434095814,1.9105381316506347
1.9249843130711528,2.0764892325203292,2.075424804637101
1.950710942858357,1.9848928009484779,1.9827370849429782
1.857223127799561,2.0121502195832104,2.0078793882342425
2.096165620072981,2.0019767647512294,1.9996540322293788
2.328859255475541,2.220986626533586,2.2178571083692824
2.1008269836685005,2.206624401917002,2.1980892338654883
2.4082181311952358,2.268898120792792,2.2662592970036597
1.8699733352843775,1.9952932848709428,1.9916234831537554
1.9669263386127334,1.9844754580525874,1.9810879269078354
2.020682669851638,2.0883015922165913,2.085102806743178
1.8092533423912132,1.784566187927545,1.7908278317007422
1.9488664800834021,2.002410480540983,2.001284319122894
2.009142869187742,2.0228965297120496,2.020827214046506
1.9186077260012695,2.041029814122342,2.0364530482645584
1.9993779475100237,1.9487352120351347,1.9486054599182312
2.0104023369420974,2.0821161027784036,2.0771131397714218
1.991204391952536,2.0096168585465497,2.005930943736449
1.9220950579531069,2.0678073922339277,2.064558139883882
1.8842623706888997,1.9959359169999524,1.9921255368436337
2.1612904554132863,2.118397903949077,2.1142744748760056
2.3366614903316205,2.159201242769827,2.1536083509909645
2.1033605647184745,2.0188851714262803,2.0165032416528623
1.9561325599387454,1.9806121829812917,1.9800772182928115
2.296882698921003,2.1010490250262794,2.096301023692034
1.9796270705052303,1.8750486940106752,1.8785135853079815
1.966002082127574,2.0856646847184086,2.081906816376613
2.0144536872519456,1.9438752705226687,1.941964342845199
2.1033605647184745,2.0121230862296686,2.0103306217008634
1.8879833682955223,1.8388858959575658,1.8427416867714794
1.904631373391143,1.959679442336282,1.9572084606530304
1.9354889954041705,1.9988269501918892,1.9965161875626891
2.269486094113861,2.217172070930516,2.2132943571057733
2.0780383267703852,2.1102376855248255,2.1106774372421766
1.8914962640564346,2.0074256908482497,2.0037887760608966
2.0851635520133183,2.253204443710778,2.24148728475595
2.20723029975415,2.0030655543837677,2.0003111970672682
1.88479894063792,1.9502724517793286,1.9487344631314003
2.2640912993864304,2.0735480171071075,2.071064618686278
2.122795032511867,2.1079847532035316,2.1045945999886806
1.897817263791457,2.119885742551143,2.1123629854750687
1.8757213659695093,2.025799423099291,2.021680183131431
2.00229994517582,2.0102220762425698,2.006972510389181
2.153449482346679,2.025493307297568,2.023180070461861
1.92886781665623,1.995434675772226,1.9936591844663232
1.897320063017553,1.9888461924769554,1.983176945948958
2.1338204278894803,2.0909726695331106,2.088987982445158
2.3541041517409838,2.1045827474869903,2.0984507209061727
2.2625946941056725,2.011535823223965,2.0082192626844653
2.2766941831664322,2.0472619466210507,2.042054245933518
2.104615218503036,2.01793303216205,2.0164184417700945
1.8785237637826708,1.9587996164325914,1.958665562185124
1.8340774975070095,2.0304491019516266,2.0265508585900744
2.0215557720672734,2.0920185383741767,2.0894264582318995
2.0234130726564192,2.065997869207423,2.064198061902886
2.0709767260170757,2.015518261052611,2.0114724716080477
2.6924428702423366,2.18759591781317,2.1807579137345523
1.846978961750648,1.96232766842903,1.9579474062803133
1.9350886486197805,1.9638887543469858,1.9620231164538842
1.7914032662586652,1.997318871057989,1.9922350465723335
2.2135842047594005,2.048199691298025,2.0457604275255927
2.059008087558289,2.0643387098990327,2.0637392913933748
2.158319850902957,2.1026318839041958,2.0971030390075196
1.9456863307761534,2.0553551286232117,2.0508426677387686
1.8775481871229376,1.8551437934202628,1.8564066084595194
2.104937705943869,2.027305945742324,2.0229446454525464
1.8743025818794647,1.8249798537734492,1.8280601681964277
1.9277222168954258,1.990050126890677,1.9882427467201493
1.9793142988525014,2.0133424747716973,2.0087423104620687
2.2558062958744416,1.9928252492304406,1.992452494173166
2.3409980112641917,2.1782569538464935,2.175621816200297
1.8882460738364122,1.838586788647787,1.8405933604946254
2.212423723119708,2.08754154593045,2.0826613848481195
2.26250081202484,2.1085907568688413,2.105636725561182
2.2126847974374977,2.0427555745165735,2.040355523127787
2.1585356813972782,2.127987964852485,2.1231528653074765
2.1554617263696354,2.109437739613911,2.1055695779847037
2.0889585578351504,1.9898145796622835,1.9870185893697991
1.8778274965706836,1.9910433380105845,1.987722829242025
1.8499707706997657,1.9097410609560455,1.910556344587654
2.207838010305297,1.9904170141973627,1.986872839781208
1.8533945086024883,1.9256410113406586,1.9249700667193061
1.9145992467896775,2.071223838265537,2.071993342595484
1.9547028144621819,1.893344710100298,1.894043169744374
2.01490559432292,2.1341966945628954,2.124565653583457
2.0535730136631165,2.0612124812610135,2.059098254752577
1.9479370318618754,2.025400892065397,2.022240207902287
1.8289196539821706,1.7920885841216738,1.7975747111720612
1.87921718454754,1.9744304633952434,1.971209701527135
1.9904697222558951,1.9789273468773512,1.9782171725369024
2.2138674310079676,2.0423371259973107,2.0403194982816983
1.9961948780232919,2.110387137610121,2.107815697467641
2.125862837109784,2.133998844046911,2.1285524066988986
2.209915187548776,1.9903214185371736,1.9895536914988088
1.8964464846062596,2.04011197353334,2.0375695924739805
2.0960392248228015,2.1291927875106937,2.1233002657664013
1.8950646758149428,2.008634590634648,2.0063524968947393
1.9094550685916825,1.9769500291905924,1.9746557700057226
2.55095817722408,2.448325071750689,2.4512273029516805
2.2594367825030934,2.058927339730482,2.05617902924022
2.062096070414612,2.080612640652111,2.0777153218383693
1.9351888205562195,1.9634408043211995,1.961277088848124
1.8904629098049344,2.0275043790025733,2.0244479212817863
2.2187862535060727,2.0586923541531514,2.0571940409868072
2.008008671373485,1.9970789989109137,1.9938713622328188
1.9983230353165107,2.02607167512869,2.0218319154074935
1.8776878993726798,1.9516074125835272,1.950674681554513
1.9068834788507036,2.024765176029738,2.022416437905554
2.215699169560801,2.016613187254346,2.0157526391194023
2.419230604518397,2.0150543923137576,2.007874745261845
2.0027824720702405,2.0340995059091207,2.0303619282129994
1.8831841314324307,1.9801827297755121,1.9777666129718736
1.9048698240643218,2.1436552331542322,2.1377816095145663
2.3247764686057617,2.2240287550961946,2.217531085660595
2.021804481691965,1.979249261705363,1.975569024934999
2.1291695496213525,2.0975555643284483,2.092461078190229
2.2794390637429025,2.008909699564345,2.004990788228608
1.8075549312499342,2.029286064322841,2.024931394182276
1.8451237223815458,1.8121539974867538,1.8169393990648168
1.950710942858357,2.0843711488419876,2.0801888299221787
1.9824180559752262,2.170196093731212,2.1630710443357866
1.9609619832808587,2.0608318157142986,2.0577167128742113
1.9455919300022306,1.9996442810313964,1.9976356842615015
1.9315462603976816,2.007350735964641,2.0037967170203643
2.1076577409158856,2.0812526196474113,2.0766341033112594
2.24751262312581,2.153169883749335,2.150200945024409
2.206596405874485,1.9897313311622766,1.9870887415903735
1.9110718804079698,2.0000638443939827,1.9978876348552643
2.0430482621967947,2.127891498562416,2.1255260990812994
1.8958197682951528,1.9567952060434493,1.9563412020128874
2.074351415151566,2.194654873230456,2.18901263286728
2.053310298690791,1.9688931473103513,1.9636275880712883
2.0217423353339603,2.0649989595252616,2.0604877646218878
2.1004976773025756,1.9919741183298658,1.990614965677877
2.0010533312600387,2.009243909258583,2.0055331044818057
2.085875224729998,2.1183061005093937,2.1117653053681598
2.217746802593391,2.2102356050677257,2.2004045467684876
1.969009454672633,2.008114691311331,2.006908943010612
2.1505214548014044,2.085805628268694,2.0832657950109144
2.0492180361392607,2.1314458175794746,2.126692011251929
2.017212500268106,2.094516075960243,2.093195619576561
2.0179117228475403,2.0472029393846563,2.0440535409094935
2.043713069364073,1.984636638987321,1.9837346261784456
1.9891398357026993,2.0582249523196454,2.0534100108065068
1.963798420059304,2.026875465557018,2.0239492556417638
1.896946216092982,1.990251101950685,1.9877072498589876
1.8904629098049344,2.0311320803608695,2.029376229606366
1.8241730602602262,2.0006746749241184,1.9977880520473965
2.2153715672467844,2.077132048338294,2.074016253148022
2.0441549812511997,2.114663404365738,2.110409392279954
2.240389380784648,2.110578745642582,2.107835600132226
2.2607471417168643,2.2774351577708893,2.275262480131029
2.2847598025256075,2.05073718237462,2.0461667516067905
1.8520985164059152,1.7796959261744152,1.7864767213003114
2.056076831436198,2.0179271839993693,2.013588144859033
2.0396887315629995,2.1448384871327435,2.1420958958592555
2.2976356821626536,2.1642201317890875,2.1604247957383897
1.9676790367897832,2.098100419850321,2.095642664211927
2.2557481738726186,1.9918468905563633,1.9903760782695512
2.316850772388958,2.117576023216472,2.114298691377078
2.1560552929866703,2.066079856548607,2.063515170037877
2.2341165012105644,2.103137220602582,2.0986992536699147
1.875438559191093,1.817486017338059,1.821436880490345
2.2034474090656637,2.0598541828951142,2.058235570345458
1.7987833141011427,1.9517418838960732,1.9504323887120245
1.9309317706751057,2.093233496648375,2.091827717397351
1.8493105653207214,1.9351546503904917,1.9332857412620137
1.9833389494838367,2.0274234241828495,2.027605927582504
2.098801256212,2.050624213773815,2.047302729483825
1.9712325249126699,1.9315294497784419,1.9302311945449335
2.0275558978317925,2.0145454417612365,2.010644350019258
2.1612296411442484,2.086023946273044,2.0831011000703037
2.0893078515955006,1.9814161932656391,1.9792200409343748
1.9016226066011153,2.0097486245330565,2.008043062163543
1.9993779475100237,2.0167376480145567,2.0132389276338913
2.0698707285275866,2.053770904142574,2.05411327255398
1.950710942858357,1.905037303084036,1.9045967040937923
1.790456307470151,1.9894638741343893,1.9860211177917702
1.8751552790784176,2.0016395680875867,1.9986382766607083
2.072457447305825,2.120745243162159,2.119625673421282
1.9928830277948788,1.9557670234812963,1.9542023497128063
2.211852978462759,2.019781276128664,2.0183197147209437
1.995837776067213,2.102086911446864,2.1003902695416974
2.1479080029198414,2.1448579204795597,2.137296309030558
2.176462000553474,2.017916646428339,2.01492073117745
2.2033482351663594,1.9846323055165735,1.9818748518344638
1.8914962640564346,2.013135084691736,2.0091318299614853
1.7969699828817958,1.7825258165849693,1.7889925408109684
1.8699733352843775,1.96366370976071,1.961978328839407
1.9364859051028005,2.060215406874666,2.0574523084589527
2.0837772291709458,2.083307474655887,2.0794064711903837
1.9552403100821092,2.0373467809947496,2.0350256587146673
1.9861494164174922,1.9832869524388572,1.9798240156807672
2.10437300575426,2.0473088550407312,2.044326181430305
1.9859231477380983,2.0266697425387754,2.022059613284814
2.254153408209536,2.0156533956754354,2.011401311384002
1.9309317706751057,1.9413407835103738,1.9399537818272323
2.17677231536953,2.078998172762251,2.0728408071629563
2.212874466262159,2.1763509239965866,2.1691570941822667
2.0317859545974555,2.082588390916539,2.0796823577246877
2.316659998891458,2.1235957523645497,2.119891085901813
2.2554379250322216,2.0503220635723847,2.0484280001031334
1.8130107269943654,1.9871687144715844,1.9825965512880401
2.0890896163459245,1.986601945359424,1.983670310441263
1.8349817343507238,1.9137987800514007,1.9129429663133957
1.9397363374372567,2.0339173827063357,2.0289600006810042
1.8260882650792305,1.7816852877577747,1.7889001890663558
2.007472516907334,2.0416270999162522,2.0395099750059615
1.9853940933701275,2.065724894088812,2.0648061941778892
2.0116533050062286,2.0553690449759476,2.0494575505266526
1.7494744095541503,1.894394587864609,1.8926860735070652
1.9316484669512537,2.0113018796577444,2.007621425324438
2.012634986832339,2.1058579725698148,2.1015298540427727
2.258616145868468,2.056837365208201,2.0556978324363206
1.8507923578792034,1.9736152093610386,1.9710053184969625
1.8125975234376188,1.8993596651853373,1.899122401472622
1.9897320906475118,2.003345993613618,2.0020194002574025
1.7996823427042328,2.0123436893671736,2.008246037410125
2.114566937844165,2.0057343482873,2.0033043251295273
1.995049698192536,1.8624936204854792,1.8649722813090008
1.8499707706997657,1.962713697683966,1.959976204462202
2.228315068987602,2.036515434850064,2.033059687566558
1.945308426192824,1.981443369344246,1.979111080729421
2.029712627533622,2.119245573537918,2.1146201389153436
1.9332757498547672,2.073742138039354,2.071040944640445
1.871138699145419,1.9574211951761094,1.955251785167472
1.8835892719368195,1.9481426752201085,1.9457860807503118
1.9478438193911476,2.109855805735865,2.104955280886523
1.8835892719368195,1.9890734996974406,1.9859765646047607
1.9119890506461483,1.9656631181317243,1.9635025855182624
1.855000455095336,1.8039237860915847,1.808669099554442
2.0520441997185954,2.111642552467747,2.108966644690308
1.9896581636051334,2.044077806672345,2.041720550244189
1.8152646988397612,2.117854360759354,2.1109556841098978
2.000914296611438,2.1376508129529483,2.1347585416574777
2.2967542755470904,2.1545914435594877,2.1443626872690067
1.9671775875578352,2.0006563315465917,1.9961662551252317
1.8778274965706836,1.921378149452997,1.9201092197132836
2.0283975753744996,2.0888088104379183,2.087243007110324
1.9758377590408487,2.030036143294302,2.025464607975819
1.9804844264493515,1.9236111349328309,1.9226730901178066
1.9758377590408487,2.045760737756567,2.0451000443162535
2.204214416326927,1.987972589229402,1.9852189770069084
2.103806680731898,1.980086427694442,1.9776530583651484
2.2080321062036434,2.0089559045349845,2.005737134503134
1.8779669789174243,2.0162669504186423,2.011688480162277
2.047219851476627,2.2049786266849503,2.196349488746384
2.024334847360946,2.026631597366657,2.023241106047446
1.9409036515920257,2.0249303051638297,2.0197997210300405
1.9706587966870281,2.009099508332225,2.0061814242603493
2.1851143419453045,2.0894826308847505,2.0852238590849015
2.0495400951437586,2.029605171401556,2.0244704973415075
2.0098730777669163,2.0499096901584197,2.045837124314297
2.102016112410596,2.0035313867935827,2.000668156594631
2.2012295879092743,1.9693462722301536,1.9673577704114313
2.2114477611461467,2.0311370881699076,2.0278841351319756
2.128919867188967,2.0016903724859825,2.0003590571514325
1.998956708212856,2.0704038262368845,2.06744906251091
2.115447284477731,2.219977803398752,2.214576344393203
1.8764263230278648,1.8620197798682867,1.8630205625527165
1.905345740214786,1.9543847187884624,1.9521889807016777
1.9564882170197326,2.0383371318991417,2.0368142759271772
2.2010541497038028,2.0201719376973917,2.017249995721352
2.240493423004719,2.085477740939285,2.0783435839754687
2.459025471675565,2.5541978060408614,2.5630423188079794
1.874017391528449,1.9819667349248005,1.9786851631661362
1.878106346612845,1.9767450121761148,1.975216487903967
1.9546130744581482,1.9709057671312105,1.9690917176948832
2.20087856397132,1.9708368447335438,1.9685407715793848
1.8979413395841807,1.8665666428079974,1.8681865890730576
1.939051829927358,2.0542324222762134,2.049804881697906
1.881143827195224,1.975823710164885,1.9737445037307166
2.1334020563185896,2.0619868029595656,2.0583135397351917
1.91426100170212,2.027927093640296,2.025370727652835
2.008075581593355,1.9595822893905057,1.9540931568608713
1.994618406919241,1.9946807291821922,1.9915913737151576
1.8934171493633123,2.006341715956296,2.003959368292982
1.8790787269280447,2.045388901008626,2.040507615013633
1.8182886847157236,1.9226027551111733,1.9214736196466684
1.884664956530763,1.9766073740494108,1.9752293414280144
2.08065555155201,1.9991571823406546,1.997027431611381
1.8803207982774057,1.9939386978403177,1.9923742524992303
1.8612741509473532,1.9750235267320697,1.9718253728449273
1.881417286590676,1.992826108457933,1.9897186731951546
1.8842623706888997,1.830798837260026,1.8352457330240637
1.9815697905122889,1.9181541737022172,1.9158233385876038
2.0303667142479513,2.0414429860470054,2.029504282815771
2.209963250176337,2.0205206225352197,2.018715933890309
2.0561286465240083,1.9887352123055335,1.9869765490408997
2.1163237378642714,2.1057742225595395,2.1000881949452674
2.0046319151349175,2.099622667137107,2.087707099519275
2.4914113840091288,2.1234996371438393,2.116222791704822
1.965580391891896,2.080189698475801,2.078740945411886
1.9512605780910506,1.978430354109798,1.9776063623623807
1.7783734360072385,1.9429505598938068,1.9373890610301134
2.2418000353122514,2.117684141285705,2.115311989074374
2.0213690222041687,2.0248275166944003,2.0229386465933534
1.9882478396170922,2.006359689675423,2.0039284659415837
1.8322539616269937,2.001211238413815,1.9942232758899179
1.9585196402307257,2.020028609871666,2.0216655256508727
2.0577793501387216,1.9879736129013792,1.9864674211727156
2.0527310476750182,2.049943443608863,2.0478057156567373
1.9926649457128534,2.0780265192894696,2.0769290345757914
2.085697550506355,1.9766305794114842,1.9735533853758627
2.0691459891412185,2.019725240804013,2.0159748364252175
2.2085407547900933,2.0311369633289016,2.0271858597630947
2.0238437996936027,2.195003170643843,2.184104081672141
2.161776317599893,2.3334524616964116,2.3381945560789523
1.874017391528449,1.947691687038477,1.9466360131836926
1.850299892794875,1.9423408039594434,1.941099354887927
1.9099185555484524,1.967154720192066,1.965347196703633
2.1835654490391376,2.0691721639939256,2.064867350697425
2.1704170595119265,2.0340702871542895,2.0333809769395543
2.1005800556824177,1.996075096144779,1.9947758251666037
1.9705766865239278,2.044190588069327,2.0408542186331236
2.06434261127262,2.1601360913374523,2.155354112022556
1.9249843130711528,1.845175762503671,1.849295642492844
1.8294801024132625,1.9065067152428254,1.9058850697636385
2.021057356696639,2.0605738908496423,2.0566264604889954
2.0211197314404346,2.2033816365148255,2.1942741983552354
1.8908511494457572,1.9758036724557275,1.969821676220127
1.7707616536449975,2.007757781897849,2.003483975421605
2.1159812391659316,2.053016173855769,2.0494952422896846
1.8454625866051324,1.9618834067505877,1.9593133894495498
1.884530866954285,2.0010887325708824,1.998858911249385
2.0600260395421612,2.0629794286379664,2.062031641896122
1.9289715923171542,1.9816629685357066,1.978529830481325
1.7987833141011427,1.9114150801445708,1.9098014039821094
2.1078562699248655,2.035781133246871,2.0319485200058747
1.9517173163642028,1.9496092247212025,1.9485510912330164
1.9163921954511833,2.0772685696263222,2.0726510235050175
1.9986753452745911,1.9977106734752528,1.994745140460498
2.0184818681755248,2.0910995566333175,2.0872461322156846
1.7918746444965823,1.8983003413871455,1.897848343009048
2.4257370999918737,2.2167879309523335,2.214473152233167
1.8852002618968111,1.9599427278146417,1.958422762999188
1.839429892784743,1.9328918809938527,1.9308690279586034
2.0947283392870677,2.004243743567515,2.0009131986600224
2.202528250429211,2.2347897804872208,2.230357664309276
2.039236248971703,1.9999120262521846,1.9966768264764236
2.161563895345305,2.2965241891526484,2.299179897381656
1.9119890506461483,1.8596052993634786,1.8620641753512714
1.9184976158785787,2.0394438274925153,2.03667276461907
1.9135825306285446,2.0044154493219692,2.0016331468650175
2.091864756564424,1.9570628037990452,1.9557998890074542
2.0059900283369787,2.0814150567900107,2.078299863449192
1.8925234166085403,2.0577574351969563,2.0522019574719947
1.95755096574372,2.1466865993459305,2.142523056660885
1.9445501951097413,1.9912594881309043,1.9880732191696984
2.080929004155786,2.1191465603820556,2.1150189667292856
2.016893801760226,2.0773890698237176,2.06932181185032
1.855000455095336,1.908951140210786,1.9074949801857186
2.0207451699216077,2.131441893143511,2.129401783253483
2.1504573297796914,2.035526375356685,2.0333117661018476
1.9823411041371086,2.0897520352120886,2.08540443862105
1.884530866954285,1.961289700529997,1.9595563305338066
1.916837561450902,2.0354555824003953,2.0304979584908023
2.1537652134421332,2.379975413740976,2.3772468007435816
1.925302416886912,2.019951152865035,2.015526745720903
2.0343022711362857,2.007300013842651,2.0042610431128485
2.3582453545920705,2.0818314499819848,2.076248492870584
1.9794707520009238,2.0108004615496906,2.008904553013846
1.9493293900522448,1.9895546628291065,1.988661771290194
1.9680958479594763,2.0529677718053603,2.051820922631157
1.7861238694638026,1.8772561026977068,1.8762225470930147
2.1193799075984994,2.1946171851539336,2.189658523620977
2.65299788007154,2.179173419861241,2.173789298022575
2.0201819142120936,2.064495605043765,2.063089546134447
1.9587829174182358,1.9635124875374457,1.9596796394267826
1.7621949428678376,1.8577330415658715,1.8588640961329115
2.0906121592764504,1.9944031236585649,1.991071429178266
1.8715736436989734,1.961363127176687,1.95934445395259
2.036728020436553,2.074907106478406,2.0699662329260495
1.9805621677018026,1.9432120550416228,1.9402657110001358
2.064739256647453,2.09157166775135,2.090893845005937
1.965157711270419,2.0624203405880013,2.0604093345123027
2.217213542836149,2.048456658406312,2.044634960104084
2.071312077834047,2.5308287633654856,2.566863037773398
2.136587487164152,2.0760594796418705,2.0730720933035705
2.2704115805392617,2.0608208871861904,2.0586407359485657
1.9237060865831617,1.9713395147490884,1.9682791720601602
2.2638301386562003,2.0854741968734367,2.0848839952893865
1.8838588308561803,1.9559251823866484,1.9530403266336354
1.8494758626734216,1.96405323925651,1.9618784327340992
1.8641737741015936,1.9329759419466805,1.931997227790093
1.9466275893467406,2.0177911209093375,2.0146407000908444
2.017467066884297,2.0728433199996426,2.0688719171616308
2.322714035270416,2.139455561834308,2.134535716384061
2.0746339147001582,2.0308747350833607,2.0278190142973203
2.0083429808587896,2.092177862545703,2.090486209960825
2.0216801682869225,2.03517893947581,2.0305132269931296
1.9642243033254894,1.978534661202719,1.974759072089007
1.9680958479594763,1.9500507969301772,1.9509267143395648
1.9167263266952062,2.0334519378378992,2.0293084195314175
2.017276174557253,2.020377401247105,2.015572316649087
1.8761446922902127,1.8076364433322065,1.8117228702318515
2.221009588836745,2.0710476241532985,2.062081175553354
1.8799077833991844,1.940761576162155,1.938654076721995
1.8911094872288423,1.913812400159793,1.9122600344590674
1.8822350350416452,1.9851279567034517,1.9816905894231587
1.9558653522038365,1.8928212640164115,1.8935925778342706
2.1694261147409395,2.139599785546711,2.1389355491807693
1.8881147715889024,1.9703033764893247,1.9697452359118648
1.8493105653207214,1.9817252614843568,1.9816581415912808
1.9859986018185718,2.0916628392553527,2.086970830331595
2.06793199308955,2.1077156393497667,2.097642952760352
1.881690306703573,1.9821603406004382,1.980629626328823
1.859882941746533,1.9323952072866084,1.9311058395957907
1.8842623706888997,2.042969238831059,2.0381036564516197
1.9764748340773166,2.040317165671769,2.0380825000328535
1.9716412180228686,2.0813145150197814,2.079354099654465
1.9396387127118437,1.9190111816828477,1.9196531154595293
2.0372437868782107,2.0363129507996827,2.0340590712529307
1.9514434138380472,2.01373119429476,2.009354316798954
1.9404182061715365,2.0237112300934905,2.0215904811968275
1.8296664933521898,1.9762122032016352,1.9744957993715682
2.353842815717444,2.047447181018451,2.0430579602770136
1.80300954466531,2.0086912072969785,2.0041858430306054
1.9483093940325467,2.020495056461539,2.01727895565622
1.9099185555484524,1.9663966958272265,1.9628189347311964
1.957727478612631,2.0222797410259,2.018694130667789
2.026528753442591,1.9990664585216382,1.9968377968305968
2.0317270331158093,2.002649035787176,1.9973282276115727
2.0504496443570064,2.010648702842121,2.008012963702272
1.9363864672100495,2.2168747837588976,2.2126824613788014
1.8328031509297271,1.7901493949608098,1.7964884489901523
2.4716742011146344,2.1166213861250327,2.1103849356645985
1.8863985867763446,1.9827197724557202,1.9803823830346632
2.3608443352705493,2.3796065510113507,2.3825524458091425
1.9283480162451698,2.0010294434764395,1.9991400497305158
1.9590458082769842,1.9789692702915378,1.9773455662539443
1.9908374257663777,2.1089897560230346,2.107839179441618
1.85435993117067,1.8050838564129754,1.811083743907937
2.174761083124677,2.1344964266012934,2.1344200241955296
2.1042922018904258,2.176126266422145,2.1758117693641843
2.3072748398256886,2.1972421767222787,2.1956406944463605
1.961826250816093,2.0261208634703896,2.022091776581242
2.260406073693075,2.3450751635835148,2.3455174312424973
2.2140324704253893,2.0442905499520347,2.0422546571571956
2.134862552917526,2.2323211176391426,2.227722074343144
2.093664738205543,2.075176752495068,2.073875615016569
1.952354790908088,2.015706494495496,2.012475417838673
1.966422786883987,1.9747004906728838,1.9672804529629793
2.028277566790827,2.025105902135245,2.0228915400473326
2.2598364288471453,2.0455739652448037,2.040308422099852
2.056697686384851,2.0822665183896487,2.077187911038955
2.0041542064452296,2.0365781293161387,2.0320957155723334
1.9260424203936668,1.961543081931803,1.9574667929354317
1.933680231304213,1.96439943499728,1.9634684376872489
2.0389528958738845,2.1415011401616573,2.1360815977104455
1.950710942858357,2.05052492647179,2.048131407150118
1.7861238694638026,1.7726502151723353,1.7797836043435264
2.4366198716808327,2.2176503045464373,2.2080578224591774
2.004495553004982,1.9898829173956705,1.9874289545458321
1.8765669629732478,1.9860952719100373,1.982076086817039
1.9296963099894269,1.9512211613357573,1.9499222190412389
2.137239095484676,2.058680175474135,2.0547477719411775
2.056490958944529,2.0474193140178247,2.0427343550219086
1.889683776272299,2.00059532995957,1.99693557614181
2.108490223440821,2.082300046534249,2.0802159126787703
2.0997547122185183,1.99668832670762,1.9949433046240581
2.258558775668022,2.0197761426967538,2.0181553108644175
2.211662385296869,2.02987887016393,2.0262881985988037
1.8381964623494556,1.9110711196870853,1.912397718221019
1.9335791979883652,1.9947041515270585,1.9922184837295531
1.9579038176216153,2.105738447300448,2.101819565851083
1.8937987553238056,1.9991701857358641,1.9959463401488802
1.7677752068955748,1.9391347532086571,1.9326369073252745
2.11022316886001,1.9248337196602476,1.9248298160178163
2.0266498866254494,2.0821324511182127,2.07920577674449
2.214761807518363,2.015314516079099,2.0134701098237664
2.0783154952563883,2.1501668676878007,2.148386311972357
2.1451615962265866,2.112801847963743,2.108651605134691
1.9501596070058147,2.0776914495376317,2.074944050242954
1.9010145019530307,2.023560308547874,2.0209060273100583
2.0831929117501486,2.0763414388372587,2.072629035205154
1.8401305925121503,1.9588836932829976,1.9573773298931307
1.9949060470433841,2.01726580005936,2.014555807311083
2.1117854890003938,2.042422469015699,2.0386881167861155
2.1895072109454308,2.113568568325678,2.1060117454492664
1.995694740598195,2.024143433626143,2.023803800256199
1.87186298533284,1.9724668024614473,1.9710718993350351
1.9812603470008958,2.009234406003732,2.0058716565504278
2.009607880257858,2.010538145686946,2.008470984849674
2.012439065438731,1.9385755688757762,1.934993763771427
2.2028765156537276,1.9916901820839088,1.9898171687959962
2.0431592256049083,2.0959303294840295,2.0909719457614058
1.9332757498547672,2.1551628939957697,2.150463922295624
1.9602675592577086,2.0570424380794545,2.0544170930514976
2.0046319151349175,2.0293635522672995,2.029602087540142
2.0214312929159095,2.0892284274385835,2.0850342828473623
2.223029178528269,2.1847078028486453,2.181629500727807
1.9992376415273916,2.0125755490026185,2.0111636983221266
1.9963375246002544,2.00762771460572,2.006233347135749
2.0640942909967337,2.096769022711819,2.0943288469398262
2.3664156260074654,2.0000726630190466,1.997940707713047
1.9325656640260882,1.9512852929848297,1.95054698828196
2.0523086652232085,2.1695335932538393,2.1661949207513636
1.8831841314324307,1.976693246947733,1.9746898604128957
2.0521500299975135,2.1202833897388023,2.1173520540212696
1.954253662967449,1.997429052317101,1.997187429435506
1.8686526002291814,1.9762437515195166,1.9731393104391293
1.836418255107767,1.971836840039642,1.969420642748311
1.8912385099955897,1.9683156516133673,1.9662939096310539
2.096165620072981,2.112389548016811,2.109900648887324
2.212352464729678,2.0309510597645315,2.0270996189090975
2.1294545195813512,2.172612213367888,2.1678835270349106
1.9820329709631466,2.002042766167994,1.9985374560560918
2.105861926270822,2.0137593202186608,2.01074711892878
2.147127117204186,2.07165580676661,2.0694866787830115
2.2928500650345622,2.137473572278451,2.133488300186957
2.0606848165709963,2.0346659476815243,2.0321004268152163
1.8621952480630757,1.959174951132395,1.9581993229661396
1.7858796813509459,1.8959875930409336,1.8953171243306404
2.046076321243731,1.9896376460322542,1.9882295414755577
1.9882478396170922,2.008473937058294,2.0049649733248582
2.162744583071631,2.1057347953411707,2.1046713312296075
1.8867961642539166,1.9550672067254482,1.9540704182262911
2.2160962886079867,2.0563685202687383,2.0525732400010464
2.2095062102600957,2.0048135767788113,2.0034001583796583
2.2064254139500514,2.212142456366005,2.205323219543186
1.8489794765237493,1.9816935815211956,1.9785884922521966
2.1952318861744935,2.046934367294477,2.0437046668428427
1.8180888277669056,2.0119246212715125,2.0087200007984483
2.1332973268191053,2.187372266548982,2.180237623323886
2.0409275003159832,2.088975562191074,2.086550193248961
1.9039140394126948,2.067792243145825,2.0625980494768115
1.897320063017553,2.0256024617594086,2.0221442203512683
1.864777889628363,1.9186947434508879,1.9168795753342374
2.039462625757067,2.105072767394619,2.1010407179630337
1.9859986018185718,2.0086872550349324,2.0054909191184658
2.0046319151349175,2.0649096611083264,2.0597223423883
1.8156711664692047,1.907999330331449,1.907079605876909
2.2713692063930244,2.3001911880607726,2.2997183119097953
2.3439042727104553,2.14554068612356,2.138459162666686
2.006867480052158,2.120409541428591,2.1197433274065833
2.003743755696492,2.1200323837972688,2.11558993219759
2.2125186967498243,2.029638061813463,2.026238488426247
1.8923953590035927,2.0186528739185587,2.0148444790184263
1.8693876193329615,1.9464046844912366,1.94450296704797
1.9456863307761534,2.041814776353028,2.0394845015549556
2.088827411149978,2.1020289022464325,2.0981883126442358
2.10152493176057,2.0249113993360868,2.0211201769377425
2.1357268732919437,2.1990091569572385,2.1977091310150003
1.8517729364482056,1.7909878983973733,1.7983449447425208
1.9872765703239175,1.9872449373865724,1.9851706654204682
2.298146887248594,2.2159262160613986,2.208318186007066
1.9948341792756574,2.137490252039775,2.130028345285262
2.212376220210257,2.0140377075216684,2.0101873654343048
1.9059387980072775,2.012369982122246,2.0107829842482317
2.0983436120539958,2.1395618932692275,2.136134585542238
1.9341845305849938,2.075224250333156,2.072270266951888
2.110771386903084,2.019281420964917,2.0157305460379416
2.043602430114822,2.041594904742215,2.037293089529755
1.8113515457275304,1.9137601372880142,1.9123742561969514
2.2029262204934135,1.977773666555721,1.975460770073576
1.8886393759461222,1.956575053939044,1.9541559198454053
2.1556806106189166,2.062072842193275,2.0604244532307163
1.8731589225702523,1.949205615235598,1.9492111737483042
2.1220945228252144,2.0923891893608837,2.0890225711103296
2.1083319259301385,2.1144996355667263,2.106831989686146
1.8899438821484598,1.9740593695040398,1.9718731353894658
1.8677663227092833,1.7717196092783658,1.7794481603398133
1.8720074704051908,1.9920565756056376,1.9885134577162118
2.078546166300753,2.0688410421299057,2.0650704701756526
2.106262412606829,2.112208206430181,2.107287913507898
2.238087538704476,1.9981972788133533,1.9928993899480791
2.0824261421424044,2.038470489939914,2.033813088571248
1.9715595533243166,1.9219401851401636,1.9188384294876175
1.69214094357333,1.8192260140423357,1.8194458003661
1.9635424049504375,2.067973299214046,2.0644816806901165
1.9951932369821295,1.9900176562710035,1.987672233309366
2.06434261127262,2.085025334113713,2.0811086307966047
1.865979643255761,1.933481605272968,1.933254672377148
1.949791099459873,2.0083213317145363,2.007544251121275
1.8712838052451115,1.9499953761248054,1.9471011669458993
2.105179225360942,2.0153609668789048,2.0140166808619275
2.1703007261605247,2.123667181928447,2.116412472071413
2.14144059723416,2.1949091905329454,2.188222394683485
2.1032793439063107,2.0084186199535985,2.00533477014559
1.8837241047519169,1.9764255163132791,1.9743617997686398
2.309226288758961,2.0492732727340774,2.0469984085879847
2.1720388341123806,2.107942844921953,2.100236965352994
2.070256143875053,2.153401487927266,2.150660863831833
2.2045352294252494,1.99153807704476,1.9889524589522427
1.855638529489621,1.9598644512338397,1.9574586186055538
2.118855032605714,2.0880974101473857,2.0842348635623904
1.9415810465055925,1.8866614743903385,1.8883387991437135
1.930005990347829,2.0137768402500065,2.010393232356357
1.852261067955069,1.8893497364054124,1.8895724325680425
1.9706587966870281,2.0574387266094676,2.0555278108343917
2.1013609316390136,2.0242718929878425,2.02142157006626
2.046294668507762,1.9970616654489979,1.994531927541901
2.206571987000061,2.058698732670523,2.0542843851292276
2.21211476215553,2.0158899782627056,2.012548932710437
2.1573922609556546,2.0829388801387547,2.0812426511848865
1.8381964623494556,1.9938173298599489,1.9895322760114191
1.8532330598318136,1.9606069669639778,1.9585232143401616
1.9905433220947688,2.1060084206766474,2.100824261683039
2.217027744583505,2.071818456761049,2.068293075993307
2.048248571543125,2.000050705849318,1.9979705824050544
1.8912385099955897,2.0380276323389754,2.0339401052333406
1.7946740417156164,1.9558006209958037,1.9519822793912533
2.1108104871926576,2.0297340970128404,2.0264689132667675
1.9613081899101887,2.0611069021566317,2.0577518261042265
1.8948122381103851,1.9823874414366824,1.9800228036964946
1.8683576923297642,1.8082549473152396,1.813505889344944
2.09233778547924,1.976950778939695,1.974651341823075
1.9961948780232919,2.0273210205333427,2.025471462034353
2.2842505029414895,2.0809401319905603,2.0761088940362407
2.0454745670033136,2.0192160806520674,2.016949039625152
2.034650725088914,2.018270692942032,2.0138223727173363
2.2052245454811197,2.012357901795785,2.0084975143940516
1.9605282834152016,1.8970230481139967,1.8976717046689235
1.971804436782473,1.9325949278710202,1.931255256109961
1.9850910860320008,2.0815147210462133,2.07937362259544
1.9457806813964482,1.9583970798908872,1.957163003685067
1.9449297155216683,2.101193194371436,2.0978650932854284
1.9644793499193645,1.971086381591495,1.9702253502584277
1.8130107269943654,1.9071096814885427,1.9068850111845896
1.9938973271912364,1.9989719763794758,1.9975529958004201
2.437561289070731,2.151986754485236,2.150479606296914
2.097550611044042,1.9956100133344254,1.993041652999492
1.9098027999628955,2.0104307765802916,2.008469571051233
2.043214682931584,2.1819376361961877,2.179508322631007
1.8842623706888997,2.0946131127190015,2.0899466806282434
1.9177248914460248,1.884746515359272,1.8849898006009846
1.9405154018354809,2.0766559337809505,2.073683822024791
1.8820990164795828,1.9890417324075185,1.985060516207085
1.8224299521001548,2.0055985257888778,2.0031269176472546
2.0659735183378043,2.077562313752449,2.0768632017678597
1.871718376505667,1.9607884140273795,1.9591208427857043
1.999307807890216,2.087479876254496,2.086350528337333
1.8831841314324307,2.0471323578113974,2.041612849568465
1.9976163840135626,2.02904474324396,2.0239105251584992
1.9894362029824473,2.148910069136571,2.1444653915302587
2.2122098754436386,2.0135101907239226,2.011800623402858
1.952172887701762,2.0618479285648785,2.05869652399085
2.03001022220103,2.1221530086884672,2.119186968384909
1.94311971872055,2.0679023811319586,2.0649371430208583
1.9827255383813664,2.0252930235041897,2.0203948770968143
2.045803033252401,2.14223719092474,2.137336152624847
1.8077682127388477,2.0087245562952005,2.003820202634589
2.105380265509429,1.9757957380528204,1.9734597113712988
1.8378423525821188,1.9517605142354382,1.9500168651677376
1.9826487164635975,2.0757288578471296,2.0720292908140086
1.9410974575964586,2.0310233598977927,2.0274523675683302
1.9011362946957053,2.009459084899392,2.0077156793443782
2.2111373609096745,2.0580151371669584,2.0541361795312416
1.9387576564006386,2.101626929575605,2.0965190609176
1.8752969784063849,2.0290344581143516,2.0266283372214695
2.067493072426817,2.193392535593582,2.1886141272167055
2.019679810778816,2.071749502693058,2.068167500598842
1.8416963802816722,1.7928215612030114,1.7990768634806837
1.9890656687496269,2.1012959225775094,2.0987606893873734
2.2351855425508598,2.147630787749386,2.142768862008338
2.106182380434166,1.9833354880948808,1.9808882939966566
1.9389538264659611,1.9987765291591357,1.9976085636743095
1.843761290669324,1.8250622766123992,1.8271836757366104
2.0671020779317937,2.0608022369603307,2.059147977956629
2.2109461171629814,2.0266332544146866,2.0242934665267343
1.9704945390060842,2.0683882351425966,2.0662071988358157
1.865979643255761,1.9144292898084303,1.9147797536990585
1.9441698612787546,1.9906222231124997,1.9904645132117338
2.2001495599828718,1.98623824473059,1.9829761475402083
2.040590458697346,2.2076388540898435,2.201422433470427
2.018545110097564,2.047226947635115,2.0428939461537934
1.874017391528449,1.9745454784853276,1.973209212304294
2.199063913587391,1.9810358003531203,1.9775777985416374
1.905345740214786,2.079869784928941,2.076496007258324
1.9790009876381096,2.06011014367946,2.0591646037279387
2.0253130926823215,2.0721481003727398,2.0684817842442493
2.2566955444209023,2.0442606615620873,2.043135568343094
2.2075465291110192,1.9973479162541894,1.99582718996386
2.0424924674272655,2.1147771552046923,2.1088132226853222
1.9007706578465222,1.844680250371658,1.848609781165421
1.9807951921692237,2.0274904480400293,2.025056280497456
2.406904925193139,2.5785233392965274,2.5991498353102056
2.0291757651944353,2.1192647070522375,2.1155685716570902
1.8989307358663736,1.9592515640534167,1.9567028835546236
2.2629698159380913,2.1770782237163027,2.172740352669323
2.298640992254601,2.1716738529182855,2.16871736093158
1.7918746444965823,1.7879819377406667,1.793440787289886
2.019365308280021,2.066019302974261,2.0612369273343067
1.8557976676689663,2.0170908021792364,2.0148469684400543
2.009142869187742,1.9973892729399807,1.9935665424873514
2.058752750934403,2.0730604448482306,2.0721217310194504
2.322714035270416,2.137993049993873,2.135270815862669
1.8960707294003232,2.0411909084992854,2.038332876899829
1.8750134609967875,1.9994805890834302,1.9961273971893503
2.265892179869773,2.120576325992194,2.1193860947598764
1.8799077833991844,1.9337114435961662,1.9325122746530035
2.2427902196739744,2.0737383504002462,2.0707907670982504
2.1575781176437383,2.0372770855276774,2.035479920934621
2.351791538518156,2.024387158793515,2.0199651762145807
2.218347998775597,2.04703376435306,2.044308547237027
2.6871081444469924,2.3188563010147085,2.3161051862571953
2.080518680511864,2.0206020563770157,2.017410559522945
2.220370200913863,2.243645900588246,2.2340481534870547
2.070736831253606,1.947029469307376,1.9452662774732565
2.22116913394216,2.087468821420458,2.084533230508738
2.0066653604719944,1.98583038433687,1.9813299811641292
2.007807795448793,2.0370075130712757,2.0328108449881714
2.677878177139704,2.7133251535828196,2.7038341227775717
2.209072305002743,2.0153729369466595,2.013159938432993
2.098967407862594,2.0013212624505075,1.9993858551742543
2.272143063838324,2.1255703255900817,2.121712458281373
2.2107307596046963,2.0081985733054926,2.0047846604324637
2.2111134649610884,2.0038271536558674,2.0004374487181713
1.9374772153845639,1.9873760681022539,1.9845435909664038
1.8874567413600714,2.022652281416734,2.0182070451419665
2.0650362037610126,2.049396196524412,2.049335785461099
2.0985517645276786,2.005240992455025,2.001688146125668
2.1069413770631726,2.0637789764200853,2.0566737973623646
2.1968499322636457,2.293304521501102,2.2941675582339123
1.8964464846062596,1.9759099861283795,1.972220452128271
1.9280353955294989,2.0191195594353286,2.015221007749007
2.052361514281665,2.161139975215196,2.1572550225098093
1.8937987553238056,1.9949818707849756,1.9930122457661144
1.8922672055710312,2.044399377513669,2.041958862103715
1.9747977105723584,1.9081056173241846,1.9071259272217036
1.949791099459873,1.8750520549217504,1.877011008232091
2.2453678735731963,2.089900683054302,2.0873645924963586
2.3292343381515708,2.160496711159688,2.149623252744104
1.8570653426926036,1.8019557813224745,1.8084895692020426
1.9409036515920257,1.9784050597941263,1.976555918422009
1.9827255383813664,1.9701882971226772,1.9673939613379972
1.8913674355531183,1.948616935364693,1.9460591374435277
1.9212297330036425,1.7830291730609442,1.7913300554295746
1.811975733803,1.9427766120679029,1.9417305360237087
2.8463405015355594,2.4875766237638577,2.486113977245274
2.2243125672482376,2.0704669825271234,2.068879833258095
2.061492519961344,2.0636492466555088,2.061364381803865
1.9362869732572356,1.9735033267662339,1.971179027911535
2.020369855109112,2.036803834043049,2.0325361684866836
2.728325182766204,2.9903855548001586,3.0439676980792596
2.0610386060179198,2.0826309700562,2.0805454164239356
2.042213956800106,2.174871274188696,2.1688258894486627
2.0963340202626406,2.0045110056052757,2.0009027261304424
2.039122958746243,2.048311908593856,2.0457388233413534
1.9024703647112466,2.0197467112759564,2.0159839746908803
2.084225511346524,2.0575956086191827,2.051968637820712
2.2063276415759105,2.0088441239295705,2.0052912547020014
1.8801832382383998,2.0598108382129023,2.054265824256302
2.008543277130594,2.0622226604390583,2.061031131326477
2.3502282218915473,2.229028782615578,2.2248155770591995
1.9697535244169493,2.0526063551737743,2.0456845169334534
1.8676181551844069,1.9602694702687464,1.9575838237377696
1.8775481871229376,1.9642453740553187,1.9615591976148599
2.212090977107068,2.0405806050008652,2.0380668234162203
1.9001595329048855,1.9340466219663726,1.9336240303333048
2.679520304856036,2.3171402314305642,2.3116146645984994
1.896946216092982,2.0908270675055625,2.088406386798799
2.0090763436356873,1.9724143779812293,1.9691139454954887
1.989805987816692,1.9556345242345534,1.9543565469360065
2.0098730777669163,2.026691921715233,2.022359591972059
2.1808749871000526,2.102825254384405,2.1013462209473213
2.554723171818701,2.3998797112448518,2.3999738808043816
2.0725525884385885,2.0803357851662794,2.07723903969524
1.9091066379890673,1.8745114881781044,1.8755148608936363
1.8721518319467965,2.088049732986415,2.084423204035803
1.8434189237851273,1.9081983801352995,1.9082075614890641
2.0088100022020265,2.0462218669081236,2.0459942777539175
1.8827780240524046,1.9325718335350917,1.930189908941626
2.3211078928404736,2.1983634863322967,2.1886678395750914
1.9022285731798334,2.0077562581962396,2.0044406299048387
2.3207910428530685,2.1418889817079685,2.1380472302714164
2.327072522820976,2.1015740479461957,2.1002941523842544
2.1933671507176253,2.1727974361010354,2.1706953689381976
1.9863001064490997,1.9374471221890541,1.9362452321092363
2.324903858897977,2.213978466089507,2.215127888774918
2.2920313309103344,2.2023151790771793,2.1960387834135267
1.8843966717324823,2.006528270408275,2.001421157059244
2.0177212859806306,2.0847443867454425,2.0841764858575305
2.4790822771853707,2.3815721175771403,2.377816168198624
2.1079356256125865,2.0150670906466797,2.011729415196821
2.157701927816863,2.0778776933077516,2.076795639941395
2.152626274304019,2.0071905391692955,2.0032535949526284
2.0723146475683696,2.009489525314742,1.9966694573819002
1.857380764066824,1.9924417193554695,1.9873891658247458
1.8954426373454374,1.8558372119287498,1.8581606805904074
2.1199033995526904,2.050115523514351,2.0493751625670606
1.960354509430747,2.063121627947277,2.0602837960322287
1.8687998607905572,1.9874452787333121,1.9847863830742192
1.7479251810967669,2.0262350249470056,2.021415163803999
2.2559418529988364,1.992315188872813,1.9913864516859543
1.9718859909140987,2.060939050756447,2.0522795635018123
2.1027505894478646,2.014087352391098,2.010481714682344
1.9477505580407999,2.072506630417824,2.0703410078839757
2.0505030120341483,2.0990607845562956,2.0929364788660725
2.22543197683733,2.090901177119713,2.0849087761699923
2.075666226719345,2.1412955812869328,2.1393978465770664
2.3352198269385442,2.297957334314107,2.2911557890102823
1.8865312155972616,1.9794597829433886,1.9783479940483266
2.3687958826162445,2.133870466784437,2.131275802139285
1.9065298280505512,1.9908510889463802,1.9879091740368788
2.0786383578378373,2.053943081887067,2.0528181803609176
1.9671775875578352,2.0702950919357335,2.0668636803679057
1.9570203803340447,2.0684635958004436,2.0664386110502653
2.071120519673945,2.165310477198123,2.15494585303185
1.9445501951097413,1.929170417715967,1.9286202629529878
1.968345472842938,2.0616055818029926,2.0584682336489304
1.9391497790930505,2.02113103071141,2.019110433655705
2.060178266359227,2.101880546942949,2.0988703130721347
2.151640369033288,1.9955169952063991,1.9943586402823357
2.2351002163850193,2.059503063090161,2.055578995120177
1.8878518637914197,1.8270651678594985,1.8306867244935514
1.9484023629173417,1.9875987227710763,1.9857002238908912
1.9477505580407999,2.0267295323194707,2.0233137857803123
1.9159456872359062,1.8750656932688097,1.875900609510217
1.948959158439791,2.0340026132569844,2.0317582137929655
1.9324639889839452,1.8455277647008401,1.8481634092791652
1.7650099649017954,1.9246415115874016,1.921941289981354
1.8584800752591795,1.8010317665622355,1.8060245983752368
2.2162129460101103,2.1095861524192068,2.108701341191767
1.999728245219068,1.9930882097253981,1.991262514769634
2.1510337253898153,2.0377408904686933,2.032212381112881
1.9435978272622738,1.8775539542937265,1.8774318093320477
2.212447470549869,2.0208910218637177,2.0165538949496318
2.4637059670895542,2.2407928074218852,2.2331805965887526
2.1034417520067334,1.991336950741174,1.988594660654282
2.0070693789782332,2.0401942545741636,2.0363936189180065
1.939443301452441,2.0240552615671477,2.0201559701051806
1.911760212142453,2.0173400726107094,2.0138976519411096
1.9258313095488107,1.8758252549866057,1.877388497089358
1.9790793661335582,2.0759090164351197,2.0729075483914663
2.109043266926432,2.0496565606387036,2.0471017708814014
2.2348013054205698,2.0915604907808194,2.0907919568691953
1.9072364080646769,1.9956972738816847,1.992963116768248
1.8741600468252537,1.8093672348536964,1.813184682322512
1.9486809784541408,2.048447955578313,2.045872665295078
2.357866406619661,2.2452658919768336,2.241568188249489
1.8092533423912132,1.9072706207771208,1.9067955378763037
1.9325656640260882,2.0503658747199207,2.0486525777048086
1.777345139910706,2.038479534147357,2.0330292327084747
1.8850665931460546,1.8396722422286842,1.8414620358258396
1.971068788439287,1.9077797105340968,1.9054430264778484
2.210754699130119,2.0226371053868113,2.0205288989972217
2.0856531065836066,2.030545016889672,2.0233974730825177
1.8365969420098076,1.9037828660558396,1.9037090355957877
1.858792841391197,1.9877638162117146,1.9835979682203866
1.9408066689639383,1.8491015226877534,1.8525565521149288
1.9729428599225072,2.0139957840124176,2.0098897695996665
2.154803654766273,2.1186927474772053,2.1124293240311807
2.268739208346649,2.1245835963600728,2.125196967171578
2.5514900729831758,2.181424556169471,2.1761326914210253
2.068564226760488,2.1390454598302635,2.1350690636315552
1.963798420059304,2.0251885473559166,2.0244581937801636
1.8769881835782947,2.0315538336308294,2.0263743854809
1.9130151074571384,1.9930779045009992,1.9906237315882755
1.9719675082605694,1.9325012813394316,1.9312032522263776
2.218671011537793,2.0934914408239784,2.0911595901224618
1.9889172445026162,2.087161421145957,2.083864321584506
1.787822757497537,2.1735386602804208,2.1688376818514485
1.9631149009861537,1.9742576810987118,1.9713922857060595
1.8439322089234715,1.9549431608527021,1.9528401758784457
1.8796318809313828,1.982309109430898,1.9799028851930691
1.8439322089234715,1.9133985581880926,1.9109133120982102
2.2430987150909596,2.208001431069814,2.2050405213610498
1.876285566202157,1.9752711364821063,1.9740773746403257
1.9724558418164069,2.0355413422772606,2.032303600208936
2.258233389746134,2.0279202159563514,2.02577061714246
1.9878002032272275,2.0675658155195986,2.0644665812928076
2.40758712827534,2.357863675424821,2.3500676473566244
1.8905924209562026,2.0031379272295986,2.00065392242552
1.9580799831332687,2.0228817263246204,2.0204543248429054
2.2129692365588083,2.0441371737562783,2.0418848131145344
2.040309130892774,2.1389695465506686,2.1355688779440767
1.9974038578739353,2.009429459155167,2.007080528127744
1.9925194133220119,2.07688858723966,2.0761128649641907
2.060330372208595,2.0347365258665793,2.0324121071214667
1.8690939963281337,1.939300924647844,1.9387665405839192
1.9480301955072505,2.0177072943147873,2.0135875619672627
2.6421320582202044,2.0410634365344063,2.0365398811360302
2.1016478420764253,2.0393203478760196,2.035874529812481
2.041095796073908,1.9823486882117303,1.9810172574395137
2.117838839185249,2.069433415109744,2.0654966805187938
2.0859196179436466,2.0304881782960944,2.0268880146510484
2.278777853606696,2.049149823580133,2.043286463715583
1.8786626748616548,1.9828637284898611,1.9808564954399612
1.9408066689639383,2.0822951488016694,2.0777490401669403
1.8128042570260519,1.900701725049097,1.8996063140149864
2.2672376902327978,2.0775690042710404,2.0779830656592275
2.0822452848277324,2.0932659016739246,2.0865588757451876
1.912901400073856,1.8537933377626707,1.856941615066734
1.991204391952536,2.0539890476156213,2.0508046910023694
2.207740894931058,2.0184090673633013,2.0153114086895467
1.924452852542848,2.094575153022685,2.088984371832269
1.9517173163642028,1.963078234171352,1.9631972815365608
1.9583439068835968,2.0352745212462344,2.0308473752410965
1.8449540300386484,1.9614194768562965,1.9586253135985863
1.9613081899101887,2.0336321844824097,2.032084532087131
1.907705863258637,2.1513913423189104,2.143890522611051
1.881417286590676,1.9863117612294112,1.98424263523592
1.8541994151124541,2.027685658342383,2.0254399827842957
1.9586952013405594,2.0098865443338387,2.008967147408022
1.9585196402307257,2.069784605488209,2.0671060431267496
1.843761290669324,1.8254091430991004,1.8274746657593255
1.9837976555761259,2.0368328763524794,2.03287953992648
2.133890071662618,2.1597416854237053,2.147430081174772
1.8940526881535464,1.9577360971131588,1.9550681632094906
1.9533519569913715,1.9671953487980713,1.9635753823073592
1.8266584766809624,1.797862736757685,1.803177014244993
1.9990972284861295,2.0275785316671717,2.023349077963271
2.026770941532271,2.130562026708791,2.124494818157091
1.9600935323333752,2.063347464023429,2.061006096338326
2.1983031253184895,2.139870780500107,2.1371160852080675
2.1075385275180523,2.0214045625327057,2.0180613739524085
1.8820990164795828,1.8994149640122724,1.8976923975952853
1.9028324175521512,1.9749026462821615,1.97144935457059
1.9908374257663777,2.0278454128647976,2.023893206584794
2.0690491507711815,2.138346730564428,2.135437772389689
2.046621718960112,2.0446107332671835,2.040550888512033
1.9517173163642028,1.9862821251659073,1.984263269791576
2.292178927789039,2.083916734501031,2.0804263723327714
2.1396216885119177,2.046916404083587,2.041087457780029
2.1069015026529714,2.0322503989540777,2.030406795424077
2.1033605647184745,2.1952190318154026,2.1857624183418043
2.1259715331731317,2.020279433178633,2.0175595900417957
2.0161907383538584,1.900421436320056,1.898403255634332
2.5777228204709384,2.1069171763015806,2.101031276423365
2.026952377359416,2.0979519428996722,2.094778923077524
1.9933908790241799,2.0096544233815905,2.0078745477902395
1.932667280372677,1.9295143484024697,1.92917862815638
2.138977771583073,1.9778849257860087,1.976407129945518
1.9671775875578352,1.9704316365136185,1.9680001387945656
2.0506630252959064,2.0825276115535627,2.0775949473868254
1.968926590504883,1.9790989639342573,1.976267298915018
2.100374044891606,2.0239171328574335,2.020502548315571
2.208153324962469,1.9955730129495097,1.993225752109728
1.8606572617820683,1.9279212653375106,1.9278322109689796
1.8874567413600714,2.0080285586075446,2.0047967896067607
1.8914962640564346,1.8289945858593921,1.8322679093877974
2.484408504428255,2.2226799077000767,2.2191508563245543
1.9995181466069814,2.117509854232345,2.1152046694231137
2.033661758863705,2.135836818761761,2.132726400026635
1.9072364080646769,1.9546841181998338,1.953126724510907
1.9824949752896002,2.0645626129135097,2.0595651096017353
2.2051016197183864,2.0997147131493854,2.0932557507168488
2.107299884307758,2.0377776217665633,2.0352554893390207
1.879769888215133,2.0853196649204193,2.080929457973483
1.9211212654018044,1.9714769481718053,1.9690519341424437
2.207084186658982,2.011148652684207,2.00795510012871
1.8913674355531183,1.9802967514025562,1.9778475606226142
2.208589133234604,2.0043542744096086,2.001484664244512
1.857223127799561,1.9774351800276848,1.9743647649811007
2.0423254102430857,2.112639105630777,2.1064889579887756
1.9024703647112466,1.9805402792068703,1.9774329724723283
1.7863676827049084,1.9012069704078496,1.900228600216486
2.224043026099268,2.1060507262159907,2.099651797212041
1.8274156792352767,2.040475776807226,2.036140455399368
1.8948122381103851,2.003107609667419,2.0008854507132616
2.051673329839782,2.0201849651713935,2.016508923188055
1.939541034071286,1.9869164228705152,1.9843422854700141
1.9022285731798334,2.012974230506549,2.0127531140355748
1.9963375246002544,2.1034194130858417,2.102328052915578
2.149202815131628,1.9644758976929504,1.96291137514765
2.209554366619341,2.026584478077865,2.0241308485289915
2.0532577122105873,2.0893606831783105,2.087349539780648
1.7969699828817958,1.7811339712063956,1.7876281154234017
3.0590503972754792,2.2364977867575226,2.230683629435307
2.2577155906391297,2.0588446919555117,2.053919900826534
2.010005534325912,2.0206330988728194,2.017585153822834
1.9547925094148586,2.011800119385753,2.011488580028366
2.172442282313028,2.08042731122307,2.0785843873664507
1.9313416689555134,2.0453037733725927,2.040197158966618
2.0798786682520034,2.10236939004874,2.0945540430087055
1.933174484179223,2.0157454092321414,2.012721838200269
2.0349985354257787,2.05638566573071,2.052427041410287
1.9370813589358256,2.0725658800325184,2.0698430659547142
2.2612577375196365,2.0379574981456283,2.0354020166615574
2.1543952057625217,2.156981818462617,2.1518120851682854
1.9961235131650867,2.0246949340030125,2.0221795954185957
1.8541994151124541,1.9228224110060266,1.922516212167896
1.9027118176988145,1.8926120392432155,1.8910809231734977
2.1534178821974415,2.2116978538452363,2.2076825385213703
2.11006625530653,2.0335520639356686,2.031968668080297
2.1006212319156443,2.2143982313740636,2.207728784035456
1.9901750264589175,2.0405541946358574,2.0406723989821254
1.8866637413666347,2.0029881181472233,2.0004281810022837
2.0943886158330924,2.0673111440788206,2.063024071288419
2.0767861333104447,2.166214335172827,2.1638016247795324
2.2068648258184393,2.0011555697956043,1.9977762381057773
1.8803207982774057,1.9428522355506734,1.9422246183085012
1.959483104455745,2.045358361345332,2.040330670275219
2.0722670241544017,1.9652962530506175,1.9625573108003653
1.8943062454458155,1.9832746891909263,1.9804061265763382
2.385064492099113,2.272076289054118,2.268234061011943
2.029950740996564,2.107938528553101,2.1071846463207766
2.2673662746352976,2.296101117153022,2.288535406390477
2.0163827464791204,2.048819685283848,2.0446515798292944
2.091433733745271,2.164790862250751,2.1594182107159248
1.954253662967449,1.89022041096412,1.888954538810645
2.2089516163495,2.010652490250618,2.009035525727799
2.278795279520182,2.048717059773588,2.0449902279284915
1.8837241047519169,1.837026785564079,1.8402895848747578
1.9233850658714067,1.8826501567328942,1.883161380123826
2.210179395930599,2.0148814719645114,2.0115647952528355
2.2115908682688206,2.0295167328542636,2.0261388070716198
1.9745568488199465,1.9877333860755122,1.984540318116502
1.9925194133220119,2.0085061929036074,2.0050478669306258
2.855295412867791,2.085788955578174,2.079601235243719
1.969505841947988,2.0236265996089178,2.021603156454751
2.062797818675742,1.858378682027909,1.860690434181926
1.9751984362485997,2.0796780293271806,2.0744569153866315
1.862042082877632,2.014827065331487,2.0124527167066466
2.0493791338454033,2.0623128968141664,2.0606239397325554
2.000635912112871,2.0298511424480594,2.026168194029762
2.816416140419876,2.3356359674233587,2.339860530711756
2.092466594802799,2.0034752814977215,1.9995340444673984
1.8478154410655536,1.7953211801315598,1.8009850728708683
2.1219097676439582,2.082658005272586,2.080453756459099
1.892138956158829,1.991873771734797,1.9879708884643033
1.9727806662512104,2.070257252457307,2.066678417246983
2.2429548058887265,2.116646989080144,2.1150491895155294
2.001400459559411,2.033312470398793,2.029474808445868
2.022548629541842,2.0635895806007887,2.0599564679018654
1.8986839199054386,2.0466044682638618,2.0418664074873276
1.925302416886912,2.031808765251585,2.0292241961287543
2.241095871347924,2.1478050686289403,2.144397329195297
2.017212500268106,1.9230605445488764,1.9234168638877427
1.9470963553811989,2.0548136775374597,2.0508106516336264
1.9874263330080848,2.0108835681057227,2.0072750816881553
1.995694740598195,2.017468502734907,2.015161668724129
1.7575824930360904,1.7527129113141138,1.7578092567674877
1.9722932104972961,2.075370124569976,2.071330314584085
1.8912385099955897,2.027500114019577,2.0243729396859247
2.599398036752485,2.117290339463013,2.1137382157633366
1.8635674774301734,1.9587797722342588,1.9567138417557617
2.1186672405963614,2.1385416270072133,2.131288716596333
2.2044859055707944,1.9998018532141835,1.9959425348975701
1.8489794765237493,1.8929995769974877,1.8912172899347484
2.104816835049056,1.9992350231844658,1.9957410424436652
1.9984640402909966,2.0221578994246228,2.0184204762581146
2.0947283392870677,1.9901516708236824,1.9876454019870398
1.8715736436989734,1.98489791559477,1.9817866452216544
2.114720322879354,2.0820441496541497,2.08206697854996
1.9557761941523752,2.039931203955714,2.0380962715132087
2.2666304787008666,2.1146417421965036,2.1116674819740395
2.5013181853249953,2.3181035541042374,2.31835698840678
2.3127501319636288,2.0563930872670784,2.053390336720847
1.9613946373039135,2.005164031662452,2.0032887676382036
1.991643782510705,1.9500501756093243,1.948405098112795
2.260007479938504,2.0784688134574636,2.0769311103617656
1.8069133893334803,1.9373468843727857,1.935612782524732
2.105340073894703,1.9947649169316193,1.9937890989902578
2.422153740483552,2.5033267072840513,2.497555789503347
2.4471368914883445,2.248408937356321,2.2367197040808278
1.7946740417156164,1.9842816645633745,1.9810015138391743
1.9979700491489214,2.1078777507538455,2.102598932204718
1.9486809784541408,2.030694764566969,2.0253837094704306
1.8253248754496845,2.0087948646174953,2.00545241582639
2.154237890911671,2.0440904106941944,2.042994811153903
2.2759539972612943,1.9954982527829768,1.9915386074620818
1.948959158439791,2.035197058035957,2.0311133021374923
2.071216322549597,2.0414341251617394,2.040418246978114
2.5736671299181113,2.3975643771547457,2.399842076583412
1.9901750264589175,2.0509107428039086,2.0479344663215175
1.8793555292915358,1.948075656789127,1.9467573049029485
2.000217544830301,2.0688546460185067,2.066861212787076
1.8103058488777166,2.0148978182823027,2.0116763750058224
1.874017391528449,1.9909113391811408,1.989130093746069
1.8867961642539166,1.983914124052525,1.9818973895620933
1.9564882170197326,1.92421260665819,1.92464122319456
1.9415810465055925,1.9824434872212982,1.9806935010926057
1.933882124265693,2.022137754861377,2.0170289636385523
2.079144628385824,2.162680538390205,2.162089093370894
2.4135818040079844,2.262794092580242,2.2588109279980615
2.023720836044281,2.044339429156495,2.0407553331564845
2.2399309923478503,2.018142127845694,2.0125084464168093
2.1991651426321672,1.9795916098304485,1.976397874513966
1.8965715538527692,1.9827909898544547,1.9798688062714347
1.8504642098911304,1.9300396543367595,1.9283595265300724
2.310180515933563,2.067620891150211,2.0646355912461587
2.0221149036569157,2.084863173123658,2.0800320377536936
1.978608586848186,2.00489013449657,2.002526265105279
2.5092215094218115,2.0800076471211533,2.0786004995296756
1.9029529331451531,1.9871718469969737,1.983676839308333
1.9951932369821295,2.0295064779706085,2.024759001040796
1.8291066832415273,1.9988092048096493,1.9953075738884243
2.4495570648171383,2.23481006217758,2.228495144192304
1.820471052508656,1.9149741044455926,1.9138325670316507
1.9313416689555134,1.8368081931916715,1.8416186183089325
1.8981892228483415,2.001723298661593,1.9979419003877275
2.100785850560243,1.9812832266250102,1.980134547766057
2.117234186423138,2.047468394573044,2.044636492443025
2.2085407547900933,2.0671419476856077,2.0630251565125812
1.9215547322839615,2.010056447376637,2.0063381251061694
1.9947622833480012,2.043962131323094,2.040950105905759
1.8668753546789003,2.024605908470142,2.021281660272515
2.111707665569926,2.0997139687616926,2.0918135651331897
2.098468530050393,2.1898870019066985,2.187401226211891
2.3670394536162327,2.255813019979207,2.2488705305014065
1.7463602513208532,1.9582616649689983,1.9572073298019776
1.9043925930369734,1.9491486926012427,1.9474792256886855
1.9797832546108642,2.0944343716235942,2.0925410404746687
2.2664276967960837,2.1174213381512237,2.1170233109206085
2.0166384495277274,2.1012146140246797,2.0985637194749525
1.8683576923297642,1.9133161826599117,1.9123502185987005
1.967762476169585,2.064012464970156,2.062021525335176
2.0373582103528487,2.0738442102948613,2.071890911435184
1.9868265437336579,2.005346705211265,2.0030599416257218
2.2131113119742483,2.055965592990383,2.051598101861948
1.8369537352770173,1.7915338845599709,1.797752424368083
1.9547028144621819,2.0025795038003755,1.9960052843979574
2.0136115046396053,2.1252528263861277,2.1201480769093455
2.0851635520133183,2.0664273348942968,2.064790317204377
2.0424367980829286,2.104703219378232,2.100881003262526
1.9454029777672504,1.9646467600460558,1.9599275086692196
1.859882941746533,1.964942733799224,1.9635919137278788
1.9250904118862278,2.035048322024815,2.030538977935656
2.038612309932192,2.017884980585953,2.0141748616934936
2.385336132627949,2.1850392916928096,2.179714470666659
2.2607471417168643,2.0788949263036773,2.079013993050038
2.147387747767253,2.0890058832511276,2.086847548326187
1.8541994151124541,1.8202309517289816,1.8232599158150467
1.9915706239424331,2.1176509949452873,2.116246131888477
2.0169575851228823,2.0340360794399652,2.034731936746348
2.1758682784296903,2.095838645098152,2.0940899883954476
1.8479822322499455,1.9480464920003577,1.9463407686412468
1.975358478593626,2.0401198911408818,2.035145249529766
2.086672757120324,2.098005451651584,2.0873918649657175
2.240722137788141,2.1474001619297796,2.145537702547399
2.0458577223607453,2.0293954848582296,2.0271621769428085
1.9746371716775655,2.0374842384254936,2.035229394910439
1.991643782510705,2.0021653146740737,1.9998258155827964
2.3166306346572463,2.098392738851354,2.095320390626338
2.2554961306994334,2.027756189516551,2.025121932453208
2.1976924893236127,2.204860173800635,2.2052081275159674
1.9868265437336579,2.0286442284195423,2.025804614472349
2.062447265672467,2.0321163888657545,2.0291553607801305
2.2146208425919482,2.028345834232936,2.0254272273318232
2.0221149036569157,1.9821749517314466,1.9779194634403252
1.9444551880542744,1.978371189823342,1.976617757120755
2.175443139399803,2.2823931881616883,2.277729640263701
2.209313474241125,2.003535583097885,2.000956452868913
1.8533945086024883,1.9870332649656268,1.9828428772070321
2.165860096652366,2.155870150775344,2.153233529621557
1.929799597435328,2.0847580508810806,2.080731804095561
2.0418792020312972,2.0024670872843813,1.9996808115254958
2.247975176194958,2.1690764874770965,2.1606753570321295
2.064243321717299,2.167085070692772,2.1640506224387157
2.1158288273942243,2.120282506223303,2.112839821008583
2.430793572595112,2.277122009393537,2.274564340973475
1.988842987156798,2.06836487465115,2.0622628152182507
2.0070693789782332,2.119622915858313,2.1140170266441163
2.1664241800113473,2.118127224796044,2.1172463170903355
1.9033139756069493,2.004114292255865,2.002327471274827
1.9502516148867368,2.0779610691833073,2.073287665554204
2.241178834609625,2.3814775179275154,2.3767292902328134
2.0089432208004254,2.065339447327569,2.0568977188820985
2.212874466262159,2.028642662921169,2.0256975071953915
1.9944744175694789,2.006737489720115,2.0041702127672743
1.8714287866874373,1.9271032656201172,1.9258864137003755
2.1003328167815454,1.9940529793843755,1.9928569249418682
1.8865312155972616,1.9820635405432643,1.9792172757906439
1.923063454963382,1.89500305060939,1.895128001496968
1.8931622725143273,1.8291938200042204,1.8318282972363464
1.9902487449250228,1.9945716815850403,1.9940242775757078
1.8626539060962148,2.0390513145387015,2.0349981126625956
1.8411760981760308,2.1216173077937714,2.1161385530878425
2.092552420526028,1.9786475883437713,1.9766199900118564
2.001331086195525,2.101575009499016,2.0969835360540965
1.8881147715889024,2.03718357367381,2.0347022846613885
2.021306730715468,2.09768648505126,2.096504766991936
2.05146107936906,2.0901433670526672,2.0851714748461094
1.897817263791457,2.007570038559025,2.0041651177031317
2.256830544129341,2.1540669878093417,2.1517781065014647
2.0356922353041305,2.040554884738716,2.0381787555606383
2.213158649125271,2.0456229368091434,2.04321355089298
2.085786407901811,1.9787687222144223,1.9755881913386428
2.498342318124732,2.246649410623829,2.230412690253414
2.547665322401054,2.007964646986801,2.003724917199901
1.9065298280505512,2.012552509427409,2.010428637869448
1.9111867921725012,1.959939504927927,1.9563332306277634
2.041319957667081,2.0886005634076894,2.0863016040330646
1.926147880522814,1.9960775119798138,1.9937762256401554
1.9278266718946355,1.8655533375471232,1.8684122174824482
2.0612404783592653,2.1046560545678332,2.0993240098620016
1.9846356286454183,2.02299080491945,2.018811146687518
2.0704485627616034,2.0536053765189597,2.0473113513399386
2.098634963692524,1.9889084435462505,1.986276150129409
1.9153859362383487,2.0876201970571286,2.082218543244534
1.9639688944499505,1.9794367269333328,1.9762453711400823
2.085786407901811,2.1748016934866796,2.170285886646954
1.9493293900522448,1.9942833739069075,1.9940380285075578
2.2067184575721446,2.0000055103881804,1.9972951800926753
2.0499151424058955,2.1056954219715633,2.1015632417740404
2.3908836377197864,2.2210341324680245,2.217399653784411
1.8886393759461222,1.9850642739941868,1.9838526904261582
1.867321428291827,1.9267936761821067,1.9250409355746028
2.2565025410683175,2.0252728349726947,2.0227625483863423
2.022857818441864,2.1799275173459596,2.1709939328232655
2.0296530519431237,2.191644934974331,2.1801365474863452
1.9468152441533784,2.0032163883299536,2.0017030932041258
2.212613627495879,2.103640529578122,2.102390743292117
1.9493293900522448,2.039386884204458,2.039762369676708
2.0190502743882375,2.1303350406016572,2.1240090655462973
2.0986765500427165,2.0478780532824317,2.0431234680809682
2.0254350145723508,2.1301799621625017,2.1273840427854074
1.7734281822254534,1.892232442615742,1.8939841938124213
1.994041770110797,2.031692033800177,2.0304092889480687
2.1016887951018295,1.9977723829657674,1.9957329561411856
2.00517635905659,2.0241950665262674,2.0155945390129477
1.8519358060132975,1.9822186867628393,1.9788809372355964
1.9486809784541408,2.0484469258133515,2.04587172731925
1.892138956158829,1.8438821507437724,1.846929820686677
2.288509000659686,2.0972591513667376,2.0917091882771124
2.2531751660474693,2.0129537357624834,2.007743036480046
2.2178162589021766,2.0592592253194937,2.0573141769634686
1.8474813550944904,1.9416846753473962,1.9411193003365517
2.1335416105677067,2.21252225853012,2.2117854652946036
2.2581567570629484,2.0802393072962784,2.076316003919161
2.010005534325912,2.0181489289131984,2.012405854456027
2.478745046041346,2.0891121554402625,2.0849779260990635
1.9965512869590123,2.0342389031944217,2.030154599712703
2.007673756925478,2.0480746738500755,2.0445167629155745
2.208637500523163,2.022580549731628,2.018755830815801
1.8701194468759068,1.9944602027836642,1.9918105690334778
2.2115908682688206,2.140932056407812,2.1425202724959758
1.9671775875578352,2.070975163521981,2.0688090403050383
2.1485564450783987,1.9679622902779685,1.9609978618047075
1.914373823195863,2.0140597806708107,2.0104727949452106
1.9961235131650867,2.069939134044662,2.065276265287277
1.762762020905424,1.9457199449221525,1.9429098031621397
1.961221700853641,2.0294492172283465,2.028150044362917
2.093792676191674,2.0909738485905804,2.0873007219582562
1.838902408658702,1.9782952700966356,1.9740523203685254
2.062146280582114,2.0998433246816646,2.0961186249977297
1.9606151073130667,2.022695793588695,2.0196125930713587
1.857538251791373,1.9958095738319725,1.9922528011158076
2.2652626443926307,2.1561713110642877,2.1501318671347147
1.9793142988525014,1.9642546006726664,1.963046390857619
2.1142598109711117,2.018123995361078,2.0171609357923623
1.765566935759308,1.9001604038604534,1.8961242835687138
2.0581385483738353,2.072595373712183,2.069017751081358
1.9228487186673537,1.7814348339135855,1.7899615871007208
1.7895036865058507,1.9900715104905495,1.9864572410653856
2.1028727359565322,2.001646187624319,1.9990910382124873
2.165473246109036,2.035364332223997,2.0309372416167726
1.966422786883987,1.981778844323338,1.9768115250784102
1.9828790850235078,2.0655096418061882,2.063075568759231
2.098176930834469,2.0141169635772895,2.0104811078752003
2.0189241116144365,2.017176053031683,2.013397351006143
1.90137962220461,1.9880243410476606,1.9853613816043376
2.2176773234021874,2.3860035031762243,2.384639465598548
1.9872765703239175,2.04218555857365,2.036568154469485
1.9892880793974217,1.9956895665559589,1.993890634194973
2.8423353352575824,2.232377342233097,2.2284137528074246
2.0135465629572353,2.047004136577384,2.0419854957136443
1.8760037010855646,2.0317684533695397,2.0253326841641206
2.2144327423930714,2.043245356631725,2.0395149699946264
2.0568009662517257,2.0817789485771927,2.0789887959251216
2.3160425378317213,2.0696428522810666,2.0658923690956206
2.004836269722238,2.0386342514904556,2.036068904241638
2.0094087327166115,2.053598983939571,2.050508696274243
1.9650730558654232,1.880575180482956,1.8828178210601232
2.2540167214380245,2.202690474881606,2.199890584521601
1.9467214415190952,1.9150132267920783,1.9134647321087859
2.549802816028409,2.4373494160011075,2.4434231305507157
2.1695137440678742,2.1461526281767385,2.1458449406476707
2.0110617929852115,2.051721189464558,2.047838977825587
2.0974669503220467,2.015615766740286,2.0121572969055217
1.875438559191093,1.9708903786852596,1.969860165971701
2.2574273870289034,2.3640362436156717,2.3600014810275804
2.118178148579068,2.006751306488859,2.0057136784795273
2.0478702174551247,2.060855203408049,2.0589073015907906
2.2124949573642834,2.027581344789014,2.026156266664011
1.860038092450686,1.799973764063219,1.8054436754668512
2.104695889901174,2.0303471726973417,2.0277613481401016
2.3276044427571794,2.134109698914833,2.133323672804359
1.9859986018185718,2.07502302391206,2.0735529153428827
1.806698973558806,1.8047336466047157,1.8081903093041483
2.123713016676507,2.053928146046498,2.0498378199610947
2.218993530589645,2.0954785265076796,2.092217565279851
2.171952277630129,2.170985619413488,2.1634223839940554
1.8289196539821706,2.036223353991084,2.031044500477504
1.8337144057396122,1.9630774125592612,1.9611043557511456
1.857380764066824,2.0340541729885118,2.0302665831336038
1.881143827195224,1.7659663635927703,1.7756377017465668
2.0905254762206247,2.0066773987064126,2.002169745004627
1.8583234726046736,1.7975700588498642,1.8034071008169166
1.8693876193329615,1.944950891108736,1.9417838571370947
2.2451644270336564,2.1372591570169694,2.135612635151289
1.78116721956173,-0.04791952784919262,0.5212617459008129
2.035519049652758,1.9990592863510719,1.9955488972528697
2.1007447088346614,2.0010155725386305,1.999209754472504
2.278812704044538,2.0267937417211948,2.02192767425672
1.9690922807915792,1.9854449442995934,1.9829062785340725
1.8605026839111614,1.980444412516486,1.9772577190477199
2.051035867057035,2.0361533453226985,2.0355464022592114
1.881690306703573,1.9145717219049683,1.9122130309871963
2.212874466262159,2.0378332358581774,2.0341156277687094
1.8589490054475388,1.9422234529515514,1.939595931712037
1.9273037738544128,1.993610274994927,1.9907591511675764
2.007673756925478,1.9964098144644966,1.9947959768896384
1.9747977105723584,2.12480005316971,2.1223646979081083
1.9693405312255075,2.0545417250301785,2.0532820602864437
2.167075391169081,2.1421880461028824,2.135256486237587
2.2755299039965364,2.043698349698187,2.039372583414326
2.1591203559079606,2.0444633511579844,2.04015601957516
2.160345788977867,2.1087872748334098,2.107767659243096
2.28550464265788,2.1417120564683128,2.1366169601199894
2.171952277630129,2.1051524763558316,2.099577393523364
2.3166306346572463,2.1102100177271796,2.104993788779087
1.932667280372677,2.0106160513851545,2.0078864971136823
1.8525856958338567,1.9430915193600593,1.9418999363185572
1.9680958479594763,2.0512712340310584,2.0502729820908
1.9889172445026162,2.0905271885659515,2.0859327699390047
1.8258977517133137,2.1448394410941454,2.1358705228957744
2.407961990490571,2.4745992944717803,2.4791771870356136
2.0826971125900715,2.049406726875325,2.049221302520882
2.051089070579559,1.9597433522586887,1.9570071975919001
1.9576392439333739,2.0756982046747194,2.068042551862058
1.8714287866874373,1.8288944844906605,1.8328331604889763
1.8632635059404783,1.9664826591341655,1.964534743794264
2.0371292939480568,2.1028406576469676,2.1003656587685744
1.8064842722146701,1.9771879073443988,1.974695703495275
2.0605836136937246,2.1192524004833055,2.117311327188023
2.0121120695078245,2.068173078969412,2.065887886710373
2.201079221330706,1.9915861428242665,1.9888735651532357
1.7624787394185986,1.622504044171701,1.645368134912419
2.0988428073212075,2.0719877072614876,2.068736909631039
2.114605295239292,2.040216804659899,2.0375305185039703
1.8796318809313828,1.8324920399827442,1.8349506202179855
1.9187177666334723,2.0143458409469037,2.011746868870983
2.0898306217781286,1.9740693779843315,1.9718982349079734
1.9456863307761534,2.022091938773447,2.0203441922461955
2.236842611828524,1.9826490992828492,1.9788085631163597
2.1084110905595574,2.0068166585345386,2.0046396700653455
1.9847116172837813,1.992363936680796,1.9902214470992359
1.9731049082654595,2.067525047435269,2.066335344427053
1.991863083002185,1.9914198034465658,1.9880175941883769
2.0976760352046493,2.0708088235440734,2.0664636625923096
1.8546805005682931,2.057443449585837,2.055044095213109
1.8557976676689663,2.004997868106075,2.0011545975115985
2.0946859061054455,1.993399246940596,1.9895339290096645
1.9532615354140206,1.9809642250756339,1.9767588344007936
1.9948341792756574,2.083991774983776,2.0833875588734814
2.311235992116748,2.080688584838369,2.077376720248971
1.9818787084733236,2.094745167988515,2.0927823963370598
2.4166797025850006,2.156212029757434,2.1486656814819414
2.3151722580061342,2.1143738231660367,2.113604803014439
1.929799597435328,1.9884809262436198,1.9871666659804572
2.205691006181998,1.9978299044741472,1.9950734550145977
1.999307807890216,2.0322213599678256,2.0287260463176824
2.262181308109037,2.0972189550073943,2.0948128251705422
2.050982648655642,2.017273391065603,2.0152007256355424
1.91426100170212,2.01099829427887,2.0080696354202785
2.207497909483742,1.9946943399019406,1.9934449281593665
1.8774083596204445,1.980470378854935,1.9778069972467698
2.1693384479150364,2.066161076876034,2.0651151398896026
1.8934171493633123,1.8178878779723198,1.8222202240505934
1.8696807316926907,1.9757425901001153,1.9727980243186298
1.8194826948514327,2.000549085190248,1.9984335498138117
1.925302416886912,1.9184267120294256,1.9188511406552151
2.257311997771262,2.0738486228684705,2.070170384811494
2.3401928717345273,2.02935754850349,2.024966136927135
1.9335791979883652,2.03745338686758,2.0360015028062106
1.9834919799164665,1.986372703657772,1.9843552741875534
1.9869016252528406,2.0001919500599437,1.9978516044086008
1.8769881835782947,1.9921119813977282,1.9883921515755643
2.1641584445633955,2.084651309257411,2.0840448001366827
1.8807328111645418,1.9854529222721908,1.9822795208155677
1.954523289354766,1.8768924782122052,1.878822796698906
2.03389492468747,2.0671608034734996,2.066130011679521
2.080198938503333,2.1434812039341025,2.1389398363731127
2.286600369295942,2.1090675998113926,2.105600033896534
2.339795848668618,2.2000092615643485,2.190403403639621
1.8447841637062625,2.020083910635239,2.017746217573383
2.027375045670662,2.1131703374479596,2.111757171593403
1.9259368967626918,2.001037747334735,1.9986536665204344
2.1232729123352656,2.0799013837610603,2.0782364974968237
1.9186077260012695,1.8643904032810465,1.8666048484792577
2.1666612240402947,2.119711374562026,2.118818878754194
2.1155618244912024,2.115245856040878,2.1119809009050816
1.9878748855138468,2.022521790884644,2.018620613920146
1.9843313568630228,2.0258087826084794,2.0205727705148497
2.309499342948917,2.0702471611008484,2.06894972373228
2.1133355617739564,2.0164696452620468,2.0155235160291127
2.290797494529991,2.08957134640052,2.086336659559579
2.351678432364351,2.5768775640644757,2.5971919151581973
2.1238961068850606,2.1997422942521414,2.1919806752653996
2.0734540971467883,2.0358662210886975,2.0314922248947815
2.011259173332938,1.8956404586042277,1.8952385801954899
2.2007530551221786,1.9830995403542648,1.9799603466439701
2.08623008715498,2.015113789912481,2.0163758858914576
2.2542509885570823,2.143490150504716,2.136231442792401
1.9698360097559333,2.1338518169964447,2.127170520682631
2.0123083361935716,2.0860205787717,2.084164777045204
1.8564327078963556,1.7961482200006382,1.8021003079868096
1.9095710565942525,2.0425227904291297,2.039931537094296
1.93478779088995,2.000540253065671,1.9981941488644548
2.0181653361990555,2.041980944189412,2.038894885035253
2.032315418470974,2.110033625683867,2.1074850739497553
1.8974444981266192,1.9923757211513367,1.9896875091752362
1.9853940933701275,1.9888328942735964,1.987627819124699
1.9828023278916787,2.045625116832079,2.043607148256602
2.0072710577604735,2.040765010739153,2.0370358903223686
1.9866011136816257,2.1040786737073556,2.1012178559429193
2.097299521656581,1.9982549610385352,1.9951162544225234
2.0113906436291256,2.054672068423634,2.0539494548565314
2.2904507774821545,2.7472842114120613,2.76953376731289
1.9776633493252858,2.0476777702966316,2.04571896490455
2.1551486248643963,2.1489008258758666,2.1429430231307287
2.048895430520916,2.1850602686274514,2.18156331399509
1.8274156792352767,1.967827461304983,1.9647880218423892
2.208999900142339,1.9842863235963941,1.9815710266111362
1.8808699270175269,1.990370265854613,1.9882657166996984
2.2080321062036434,1.9988992557283551,1.9966667524175095
2.3594392063437715,2.0356627642497283,2.0328484779408393
2.241261765696011,2.220150619675243,2.2135838177169496
2.222622275307179,2.076716096657049,2.075251922934419
2.176292540448946,2.1462758586443336,2.145701120512994
1.8305952819394302,1.7813329455283093,1.788500495332125
1.935288935620195,1.834545879396322,1.8398007761600779
2.0347667332561383,2.073108846050802,2.0709320947166034
2.2788475489268034,2.073226588681296,2.068392176681456
2.3126455227708016,2.6370359347679533,2.6584198745723464
2.147127117204186,2.0826589689114234,2.078498240048688
1.95710892054425,1.8790118389083275,1.8807942706740879
1.926253277231055,1.9876144507224967,1.9862396050024835
1.9027118176988145,1.9877688304611671,1.9852614240194857
2.0063280027710224,2.181209348831983,2.1787232925766933
2.287188118657023,2.195965509553303,2.191651972229445
1.8803207982774057,1.937642519743309,1.9363107337678467
1.9560435350501448,2.0196874349129974,2.016402467192829
1.8376650120360112,1.9990342361087725,1.9948547789774702
1.9698360097559333,1.9119916575699942,1.9119786587993537
2.072790236205714,2.13072537169678,2.1288530557423475
2.0668083093543657,2.107380518744496,2.103866878397419
1.9311368392442572,2.03294292453362,2.0285980841580407
1.8509561894470403,1.921599680397191,1.9205762054159239
2.003057635995649,2.0884893592832356,2.0826314176813185
2.212779653235377,2.0504794482547295,2.047930913517658
1.9997982248335617,2.003880716268518,2.0015010817216328
2.1291695496213525,2.176267198620932,2.171924825378724
1.9999381043069677,1.9206713091996013,1.9172339448423048
1.94311971872055,2.0435565892464345,2.040582574184013
2.020369855109112,1.9236177224869766,1.923904066958209
1.8084063708020164,1.9960386126702898,1.9922121158404424
1.8677663227092833,1.840576130241203,1.8433614725973677
1.8839934504283318,1.9931591062260292,1.9896187959954799
1.8891623740466232,1.989179824260722,1.986823678107093
1.9180564786191234,1.8700548954869207,1.8684572061937388
2.2547382286084865,2.11513654741334,2.1110580969511323
1.8551602025616898,1.791275802707423,1.7977440201413946
1.953171068007988,2.0525461014233253,2.0469436603477016
1.994113948930114,2.1523432364220856,2.1500805729910155
1.906411783557148,1.9973893303416754,1.9939021801481878
1.9726183269749766,2.0649067017475713,2.060185693126103
2.0314911622919736,2.1134390532926224,2.1104565802768085
1.976871871960118,2.1038256374182818,2.100435262445678
1.876285566202157,2.010169769882006,2.00648498406492
2.0250690103810385,2.1273498762646352,2.1263805451704045
1.989362156190749,2.091360772076311,2.089729495692013
1.951626062266984,2.003057354712326,2.0005608782662523
2.1702716325034204,2.1058082117508743,2.1034369651695317
2.2071572559404937,1.9980115667141198,1.995535701518068
1.7516175765355233,2.0214483436146344,2.008922299617968
1.978372738604055,1.9847592524708628,1.9819250057888622
1.7294154628681353,1.7915336358613556,1.7959629072076826
1.8655299919963628,1.972222799594475,1.9704319394508931
2.0625975811719193,2.03153394869837,2.03159116689663
2.002368954938046,2.087676194976742,2.084351991269341
1.975358478593626,1.9945992321120962,1.9892988138652234
2.156086485352514,2.0179289596790473,2.0167472468585688
1.9981113249372422,2.0300312343875966,2.029349088791007
1.9263586105991544,1.914591796098124,1.9143589643743315
2.0046319151349175,2.0981605779220893,2.090263098592986
2.098218614425365,2.0808233593096483,2.0758094514972476
2.1604984510400937,2.0539205988455342,2.0508723079880915
1.878384738846849,1.9834322474216073,1.9813188241385449
2.0875110668467562,1.9854153571145639,1.9821646748470796
1.9605282834152016,1.9795717034751754,1.977053484582985
1.8936716477138087,1.9492534229491985,1.9474319092216739
2.0274353491157355,2.057048561444108,2.0529464909701143
2.067688271950449,2.040011000783886,2.0351133564272472
2.2592271486635203,2.068571542523007,2.0671624147255447
2.1003328167815454,2.0111447803782405,2.007645139588154
2.078592267555221,2.0867355790243627,2.079005103050259
1.9654959351561296,2.0264448445121044,2.0238405018561956
1.9972620371349468,2.0249004700329776,2.022434421858867
1.9747174589172132,2.018208195361004,2.015646266339332
2.1642183922263847,2.098466130703287,2.0977096534168553
1.9671775875578352,2.0704611922654697,2.060991141977348
2.280790053323745,2.061196500351164,2.0582949370797885
2.26210606214052,2.083910855298808,2.082718607607259
2.1746756667403395,2.0609078485422847,2.057556504658363
2.283910311528291,2.050763298782257,2.0461575665385356
1.895190755517742,1.8358179067670317,1.8384662773822433
2.159917725601074,2.086369072182061,2.084920446443299
1.9042730789274493,1.9781357199340108,1.9750224550674225
1.8595722083208606,1.949671089342325,1.9467366585298311
1.844273516984615,1.7816794865124805,1.7876716186096662
1.9082908972088148,1.9870229719290455,1.9841966244206568
1.9313416689555134,2.0157658185914196,2.012683333170565
1.8041034767873496,2.073679936642351,2.0700808645244018
2.2237731413000503,2.1688027010380493,2.165563516739341
1.8439322089234715,1.9163763073440734,1.9156978334928505
1.900404243190827,1.9532723401855834,1.951434651434096
2.228116728101628,2.149182682664039,2.1387247698773377
1.866129260166839,1.8232298169678693,1.8257043138940952
2.1695137440678742,2.034071174243174,2.0323653250123943
2.21779310934075,2.1510359404947974,2.1453622523344666
1.8900737868364317,1.9885102473840586,1.9853406039456711
2.0543066952091262,1.9690202200688085,1.9648033888819154
1.9518996845774494,1.9933490212879499,1.9922351428611553
2.2555931052453233,1.9951762818333403,1.9935038496694442
1.87186298533284,1.9396772369885298,1.938609213346349
1.8913674355531183,1.9883909954739594,1.9871881274109855
2.0946434637179916,2.062840208205951,2.059187329289686
2.0274353491157355,2.1146296427806686,2.113649792985905
1.8692408717789135,1.9299946972653446,1.927198248714212
1.9870516957056412,1.9959408168611525,1.9935431722386774
2.10152493176057,2.004570229096239,2.00106031302569
1.9012580014033484,1.9780904547401366,1.97605118544285
2.1592739389242346,2.1235377747397,2.120120375143124
2.1142598109711117,2.0482638377197477,2.0464362861899086
1.8801832382383998,1.9489506283638018,1.9476192092693805
1.8294801024132625,1.7903656376474968,1.7964567210714906
1.9681790946634798,2.0401232517030095,2.035584618623652
2.0568009662517257,2.1635845838969434,2.1607479451836054
1.8807328111645418,2.065053720133875,2.0615096975209575
2.016893801760226,2.0859116377282194,2.077760968355026
1.9685116976345491,2.120131235882835,2.1108042865560015
1.9024703647112466,1.9734195506276797,1.9709878734658117
2.2589218632394403,2.0453480817364933,2.044719030326994
1.9600064554952241,1.8572332630217296,1.8582512654812033
1.8974444981266192,1.9794916539933318,1.9775658235577414
1.9060571657652985,2.0222934581693766,2.0198547018746686
1.8134228789095115,2.0019206676403387,1.9965116832322862
2.2507892612661915,2.1220693929099723,2.1180350111703348
1.9251964464640285,2.0844099028596648,2.079220820524671
2.208250249541421,2.001909643385063,2.0001559797204824
1.863870899450863,1.9237845607018862,1.924032052206067
1.8589490054475388,1.962583227453395,1.9604935083932786
1.9926649457128534,2.0405480497734443,2.036475917227013
1.8369537352770173,1.7822882517949479,1.7893934276268273
2.166927570586673,2.13663389279105,2.1330699524447625
2.110849579747322,2.062154667462115,2.0596471526373366
1.9454029777672504,2.024368740585778,2.021865662183286
2.003332390106713,2.0525613638934814,2.050018022844819
2.164248359460039,2.0708564796496858,2.067368812788161
2.253919034911158,2.032117318324001,2.0252714417786666
2.2010541497038028,1.9783400727540421,1.9753187604441584
1.9210127303981972,2.008179657763176,2.00516388622189
1.924452852542848,1.887116846180527,1.8866158201616021
1.8279812902481964,1.9735036554634233,1.9718071501807333
2.3512758218137555,1.9607739853488075,1.9605534593208458
2.3090896358710067,2.0677524756628256,2.0638344623204685
2.265929154534849,2.122035631324903,2.1212833561876994
2.2091446848848135,2.013801356701063,2.011952688701782
2.0442101478266976,1.9676406895259364,1.966496471077134
1.917503482286476,2.087969442695672,2.0819858595867746
2.1157525775431165,2.046885719939437,2.0457695380922543
2.315733165915772,2.100862624601833,2.0980463947988
2.0327848045946566,1.9958995077473356,1.987058715286905
2.2193615213019338,2.0167110011316494,2.0173608949298516
2.2636807625146447,2.1863535780806975,2.1833612338859543
1.8403053037260473,1.7858045935664855,1.793558703644536
2.0331945586827764,2.1256970858016166,2.1249939725197624
2.5142967732828496,3.0260737242140294,3.088163853621949
1.9000370472150827,1.9312561369973869,1.9296259555948523
1.7890252302258451,1.895218341849879,1.8957258097774954
1.8392542520465573,1.950653065254433,1.9488821003161712
1.9555084529206481,2.014977706292952,2.0131494498241627
1.8778274965706836,1.9955957171327203,1.992108005711792
1.8322539616269937,1.795735193488363,1.800999296689477
1.932667280372677,2.05264835607495,2.0486265203588596
1.9072364080646769,1.9926777590808196,1.9901294337553228
2.3357598442282876,2.200318845167082,2.1936123444648623
1.9340837861349325,2.0159164128742866,2.0121946384022404
1.93568882851728,2.018844927545415,2.016081244709934
2.2018549526090463,1.9977974418001045,1.9938470460562643
2.315615197101113,2.0327425470178517,2.0267185869172897
1.9662546229264595,2.0164980701775748,2.016466268259814
2.109003815170366,2.0550310565065213,2.052509448944836
2.0995478329447916,2.022298213563551,2.0184372659144163
2.276553388752814,2.217158083404311,2.216505922363134
1.8333505100588083,1.9616451548034282,1.9587952077915531
1.9368830974093347,1.9519936956875377,1.9517714092212763
2.288575670054597,2.157872055629235,2.1535961645004997
2.2690492042096815,2.2009629988685164,2.196751771300808
2.260519822807333,2.0303025182562835,2.0282332092589646
1.976395322049647,2.055541290592374,2.052115872454819
1.970740869531379,2.049879346198668,2.048564293199167
2.0960813656390336,2.0119566521794563,2.0101786332036413
1.88479894063792,1.9396180671402827,1.9356182089115208
2.0003571062214816,2.010871657339373,2.0070012454848243
1.959483104455745,1.9923061333782115,1.9909177661212563
2.182937155096477,2.0506111042166753,2.0478856445817337
2.073406754159977,2.165225596424676,2.1581663853324127
1.9149368351999136,1.9834738736838624,1.9808201529819711
1.9911310575508105,2.0356010715263277,2.0326401480678333
1.9016226066011153,1.9993590909452608,1.996842728834039
2.202328980858182,1.9983190673823148,1.9948987068387432
2.110144727664154,2.0372180403095945,2.033982102535755
2.015034509109972,2.032995494836544,2.0308559602906855
2.01822868562816,2.018477990995421,2.0124964901066718
1.9644793499193645,1.9701522235745415,1.967430512185401
2.5121599594425734,2.513564894251515,2.509797669348411
2.191038764054008,2.242091215888097,2.2392286536676735
2.208734201654276,2.0028110457569612,2.0013285633171973
1.9951214816206293,1.991490506182384,1.9886064014997884
1.8640224050667609,1.9297665008798832,1.9278074538782577
1.9720489888570434,1.9858138425577023,1.9828791364455904
1.982571862109359,2.143010111704285,2.1410133856123834
1.8385498132300455,1.802907164501005,1.8074515209435482
2.012634986832339,2.103139480189753,2.0969855262565877
2.2100353234910215,2.0328849023588416,2.0288453700335958
2.0993407353343256,1.9885759144349164,1.9864386579533293
1.8727280472656962,1.9316880897191437,1.930702316719012
1.9271990069389586,1.9048679763174896,1.9061772779074735
1.962857909532493,2.0672495062527645,2.0612730106158783
2.1671935707773193,2.117798354785027,2.1156666531430983
1.9277222168954258,2.050696702570331,2.047995267094126
2.455321386597881,2.1756979789618565,2.1683428979468804
1.9126737617336156,1.9401523124512545,1.9346797223310581
2.2229614156559,2.167082162202797,2.1636508965844157
2.065678018129737,2.075618257739985,2.073324932358486
1.9642243033254894,1.9990025445104487,1.9979284503362176
2.7319949256649187,2.299693913464251,2.2938521688985327
1.9613946373039135,2.000023007769965,1.997332020737241
1.8605026839111614,1.8182945176322294,1.8225865637111087
1.8337144057396122,1.7995383022598297,1.804564712928066
2.0718856129279564,2.0209015703092494,2.018414851746473
1.8874567413600714,1.9813700171515125,1.9798862985066377
1.8570653426926036,1.9397169548076643,1.9375745808699016
1.976713161128786,2.037154853531996,2.0336908259097766
2.10152493176057,2.001442601643204,1.9996898132441485
2.241095871347924,2.01289401671269,2.0082655622085976
1.899669066381454,1.9866804181810922,1.9844820738586377
2.7404529614993605,2.2569104892613265,2.2552037531571765
1.8779669789174243,1.9873575825426104,1.985268274130147
2.004836269722238,2.0191097648429635,2.0162830932899776
1.93668461297559,1.9698757531006943,1.9684101713882414
2.0714077855774398,2.1932471767834256,2.1907291689940904
1.8430758471463164,2.048518409644759,2.0433927737907758
1.8804582469844027,2.0508497712903075,2.04208103833014
2.278009734589684,2.0365364221436417,2.0321477473205762
2.0402528150462693,2.018430202246934,2.0153977809708703
1.8160766183611052,1.9528491488709865,1.9497537675417242
2.3370238254169906,2.112353013766857,2.108659403898529
2.0266498866254494,1.9275853215843173,1.9218958775603707
2.2848276198653363,2.101763635448776,2.098602757640835
1.8274156792352767,2.0551255040543848,2.0506139182381005
2.2165625312025465,2.0499198999578176,2.0482025526958445
2.029593457437278,2.1338814885076776,2.1280053067295914
1.865979643255761,2.0029030994929573,1.9979261852653907
2.1264779998818684,2.186577800286318,2.1823541745740176
2.1016887951018295,1.9933576053939004,1.991156047002594
1.9931734007812865,2.0002440326337805,1.9976923292702202
1.9897320906475118,2.017891278330137,2.014491231585138
2.1212803136404466,2.006404886253585,2.00177534343334
1.976395322049647,1.9752083644011642,1.9736699258812131
1.816884496318449,2.0320646110516543,2.0277755935477644
1.9718859909140987,2.0155206570934,2.012281618568394
2.1907228172246596,2.0892658388905354,2.08646765327401
2.0552458714022266,2.0466143489922417,2.0457036872550596
2.2009287463926066,2.1025650745920603,2.103677395585411
1.90137962220461,2.0166672052234578,2.0137534455473864
1.9528087391105977,2.048092971180725,2.0449419659123587
1.9271990069389586,1.9884900504278769,1.9863540907812625
2.2631758563309226,2.083415899017345,2.0831722114993614
2.1433761139984453,2.157758140431345,2.1519314104505245
2.1188925697082115,2.0441491883542082,2.0414492236542023
2.2431192656533554,2.1256071661232765,2.1229401320907475
2.0601275375378063,2.053595573857218,2.049788814916093
2.361459389320704,2.1254760893756774,2.1206962122215707
1.999307807890216,2.1283617686474785,2.1258806913744737
2.2443895640227884,1.9899549798577028,1.9853912679326635
2.039236248971703,2.052336684340336,2.0467448033958324
2.142009832489913,2.087097172063148,2.08417375115072
1.8882460738364122,1.9619632288661177,1.9603390788893282
1.7621949428678376,1.8571015635481865,1.8585964011820875
2.0974669503220467,2.1058793165915497,2.1025307428892823
2.2125186967498243,2.057895278067884,2.0552457009568923
2.014194960462691,2.026017371891441,2.0248803294896978
2.1043326079691123,1.9481888948797628,1.9477463458020714
1.9416776060165408,1.852667405228938,1.856077871521559
2.2078865511278574,2.012691459524662,2.0095806870086217
2.207497909483742,2.002256663012749,1.9999027600231027
1.8584800752591795,1.9802637298004462,1.9788225847506253
1.9826487164635975,1.9784435934711722,1.9736970185060558
1.9961235131650867,2.0849995096554093,2.084670068565161
1.8489794765237493,1.891932554257467,1.8902058809514655
1.8656800094224582,1.9636150612340724,1.9611510447648173
2.215862779840949,2.0382954600346364,2.0351063645060727
2.0354612857092604,2.1325405151838046,2.12944062801685
1.9355889402605633,2.0975124914954746,2.092309550340628
1.8800455666762157,1.9577651097355768,1.9526406822699691
2.1581655459871336,2.0369270982658962,2.0340424583336483
2.1047765282548845,1.9968598745244444,1.9938268154702654
2.0209949611021765,2.0329560780588003,2.029773552549541
1.8696807316926907,1.9661204313322949,1.9640148132618926
2.284063462988511,2.0440930570057803,2.038727829988071
1.9085243583525848,2.0262422794280877,2.0221327051964493
1.8156711664692047,1.8842373998216488,1.8866571400971957
1.8355219000520089,1.9172176279104054,1.9162641162278873
2.4503831465388557,2.09881609157431,2.092487409679727
2.1065822166656107,2.0156079018298594,2.0142853186044336
2.3048421401542054,2.1943874091678217,2.1918938689144376
2.0530472210541677,2.0598163872380124,2.0580064390493065
1.9769511753116396,2.0574055707373056,2.054970166744941
2.2832624897826967,2.1194664855591845,2.108613744146347
1.8834543322317088,1.947651349472388,1.9449975410056375
2.3759282368127006,2.221905659887351,2.2142125823820544
1.9979700491489214,2.01948507057993,2.014406935241584
2.236609701165758,2.1149235667714508,2.1143017547453615
2.1363468869453603,2.4023993444174345,2.4047037133285363
1.969671001360361,2.0169786606788165,2.0124583666756486
1.9245592737853148,2.003254653421531,2.0013538808918194
1.961653729933024,1.9794016067684739,1.9775278431623353
1.9853183887295125,1.9914239225064123,1.9880212748286912
2.210754699130119,2.0192583159511903,2.0139085707175783
1.8466431857168923,2.083854679839979,2.079365742802166
1.8871928173113561,1.9839966163519747,1.9825228848868766
1.9188277378680438,1.994703275740124,1.9918021212053865
1.8328031509297271,2.0248996864376108,2.0198913047957654
1.839955696227316,2.176119795445701,2.1727920401367427
2.1119410440348982,2.0468535088088946,2.0443617866696004
2.0052443018529242,2.0217208580630426,2.0187012239284177
2.0823809436081433,2.166816169424199,2.159948234673295
2.210706817350114,2.0283838934192726,2.026047362957843
1.966338724536779,2.04979670110797,2.04841696649651
1.9790009876381096,2.0422188456013557,2.040050610934079
1.8603479632521576,1.9331380779997691,1.9315066663289189
2.006530491246817,2.030693984599469,2.028880162982883
1.9504354882064163,2.1180690653599084,2.1146754676215136
2.1007447088346614,1.9962107094585346,1.9949731664210755
1.939345514792052,2.0163477520626483,2.013941302232946
2.138604033020864,2.0606044339390697,2.0593561198336383
1.9008926230463827,1.9351473132677692,1.9356072822851678
2.0186715295920874,2.0724249997823008,2.0680687588862674
1.920577914587223,1.904174364689258,1.9049547163499523
2.2583291423803615,2.053234994072967,2.0511244066590018
2.240555824036903,2.0986467668638458,2.0968611563166797
2.01250439554932,2.046612034538115,2.042039021217348
1.8383732324353605,1.9551780555222225,1.9534811154825982
1.9939695628724166,2.0971941917362416,2.0961448606443227
2.00229994517582,2.072416338211591,2.0706020527085855
1.991863083002185,2.0013871632128852,1.9986345334838003
1.897195537734671,1.9822453080787283,1.9815042278997246
2.0096742152289755,2.059090127421446,2.0554233436020537
1.8752969784063849,1.828243676521683,1.8310273167956748
2.0089432208004254,1.8984296540801833,1.8992188807198827
2.0436577578183077,2.017718042810419,2.0156107516459656
1.9386594896687166,2.0353834657982266,2.0306640763840553
2.0166384495277274,1.98750580982251,1.9842996073427823
2.284012424388059,2.183115842682982,2.1754392564490606
2.0678345416894066,2.0518728209902233,2.049432443488056
1.9227412515551223,2.0472318922625177,2.044118609223843
2.075525781184228,2.0014369919032085,1.9993970677766528
1.8392542520465573,1.9069021111990565,1.9065313756179485
1.9406125441475286,2.0028034112668065,2.000514596276283
2.2078865511278574,2.0007868302230087,1.9983404672034628
2.0291757651944353,2.085636842591798,2.0819612213731626
1.852423460988736,1.9694847227933463,1.967097709507538
1.8890317745385503,1.983541586972733,1.981975104463765
1.9573742786511263,1.998254660997602,1.9972281010200326
1.9605282834152016,2.051259040520945,2.0489702974667625
2.0658258250532158,1.917651525318021,1.9152093780968316
1.8635674774301734,1.9740025732395556,1.9720533521806445
2.1109277416649186,2.126760669017522,2.121754549644363
1.9964800604766388,2.020462190142778,2.0180441313914064
1.9684286043934858,2.0378665061092818,2.0347637106716525
2.2091446848848135,1.970629465321311,1.9683783062648548
2.441247486603385,2.558643495542638,2.5603576183508805
1.9726995148310293,1.9428849942404287,1.9378490498393521
2.43215901343038,2.0912067475184104,2.087026935584881
1.8062692844949755,1.774750949947172,1.7823150398347867
1.9800952206044755,2.0333303612434803,2.033059878185135
1.9635424049504375,2.0039872732702055,2.0024148460299354
2.1034011625512554,1.9892297916579234,1.9883871188799445
2.127774471648105,2.1008027028596405,2.0994590732691987
2.1014429488124757,2.0117214051637244,2.009478515558284
2.099423600610226,2.0048581196119932,2.0012137643280323
1.9110718804079698,1.9918725035715246,1.9902607986868008
2.111824389232531,2.064001883222833,2.0616859112353345
1.9242398157699476,1.9630764601945077,1.9607636885624595
2.3195481266827027,2.1341804452862827,2.131687776834345
1.7669507505362403,1.774079254276993,1.7807514223993235
1.8983130305926776,1.854832666964081,1.8571427822257056
2.099796061915835,2.003800701402492,2.0019117770308954
2.019302344074011,2.0864594362324147,2.0860377978777147
1.8866637413666347,2.029222529368207,2.027044702920746
2.243509352010962,2.0344603436827104,2.0284654697256044
2.223345118609357,2.1776271290049425,2.1720034819646776
1.8232069671378155,1.969311169809921,1.9652299298408566
2.105098751799307,2.0229308529908563,2.0205085092550603
1.7638900355077332,1.9650799945577166,1.9606354236209254
1.921662931163254,2.0843531351100166,2.0798532244791614
2.2115431767236253,2.0214115789674745,2.0197071790205317
2.230985569700562,2.0617350252471383,2.05897502307003
2.2130166056961187,2.0445144788143628,2.042216540186626
1.8902035929029264,1.9938140276784297,1.990589861238036
2.102179566860035,2.01378106437032,2.0107208287000766
2.2565411555520747,2.000280776231114,1.9986212381131252
2.1269831843778078,2.116952486774581,2.1151444458896034
2.0022309095761015,2.0123701541525194,2.010773962653067
2.0439893850770283,2.03891870535281,2.0381477020590175
1.9504354882064163,2.0320856903769053,2.0287288768779907
2.3131084197978224,2.3667111475433757,2.361588982263512
1.8822350350416452,1.9423972061714319,1.9416842392037923
2.1656816412228475,2.0647188720191996,2.0635207714429007
1.933882124265693,2.024652223430344,2.0214289671775543
1.916948725204204,1.955007237899838,1.9530203933769785
1.9355889402605633,2.048087928408328,2.044947158683004
2.355134132162495,2.390673138427627,2.3865474933253354
1.852261067955069,2.0411449476269703,2.0366077768786224
1.8908511494457572,1.963856297790503,1.961946948815637
1.9887686996281277,2.0615359685866625,2.0602422535284424
2.2932582941036133,2.264227084412831,2.2564140581382572
2.2097468816359855,2.0100290401842194,2.007441389995916
1.8385498132300455,1.8009255997405196,1.8068407173359464
1.9271990069389586,2.0057669078521574,2.0017118443538955
2.5712249223884758,2.1694267588475955,2.1640453557372408
2.0226723665025625,2.0856403755250796,2.0793904018154277
2.128491113041977,1.9988359645700107,1.9948828173966722
2.237603091712021,2.107484185159529,2.1040337498692647
1.866129260166839,1.9971557110780527,1.9926760283660827
1.9805621677018026,2.097078804544637,2.0951220026474124
1.8504642098911304,1.956949950036944,1.9550070374517277
2.205641953967658,1.9852604908677904,1.9830763226405215
2.06434261127262,2.084172962896134,2.083144398165547
1.871718376505667,1.822420324953169,1.825777615293835
1.9586952013405594,1.9611291355602005,1.9593177435998688
2.2679897467074426,2.108053967981088,2.105730112102601
2.338866743927011,2.251883163289853,2.248196338166813
1.9587829174182358,1.8929173795060292,1.8917846255168231
2.258118430522372,2.0722830506998458,2.070510753394019
1.929799597435328,2.002713580095003,2.0004859690508106
2.031254995040958,2.0620151764476558,2.0501805727816658
2.03389492468747,2.0602224452332125,2.059222649625104
2.022486730317982,2.0100702471804155,2.0064443699922405
2.157175213259496,2.0000154608295553,1.997571422518294
2.207570834696387,2.0107926407952093,2.0072956507978397
1.9544334591039667,2.0041551423001245,2.0018562748894433
2.2036456158702213,1.9878491594479988,1.9851792208983583
1.8676181551844069,1.9701126443466261,1.9668218059273745
2.0464582642001106,2.060717763716725,2.0568010273080115
1.9923008977447436,2.0353543155495903,2.0312473319345528
1.8611201414495913,1.8146956646806913,1.820107380948675
1.9973329611839357,2.0129055890677052,2.0115395586947615
1.952172887701762,1.9002730810165729,1.8990412776204395
1.9202510906408947,2.0295795775126066,2.024857720265223
2.0415997865341775,2.122348250751998,2.116539848853019
1.9937527704053695,2.0321838449414615,2.027885576947888
1.964054071062658,1.8963118372806052,1.8971085397408314
2.0075396212360483,2.091570897870324,2.089826575648527
1.9793142988525014,2.057127776173097,2.054448135650208
1.943406738518311,2.063565702194729,2.0603923404950395
2.1009092240483733,2.049213519575652,2.0448265394269
2.034360391597855,2.108574668889009,2.1057168779793116
2.2082260225962735,2.008176292488424,2.0057424600877987
2.0297721842215033,2.1072352387697886,2.1040569578774795
2.1083319259301385,2.1137465865595724,2.105306247359412
1.9795489280682355,2.101401652275323,2.0978445725031127
2.2029759135172253,2.1906922383664478,2.1866862614299616
1.8696807316926907,1.9334155979779348,1.9315307327723548
2.204263804219109,2.0186167632819108,2.0139663897966362
2.0951521657132477,1.9976460230760706,1.9951875956850769
1.9546130744581482,1.8874163436475457,1.8884349150149382
2.0854752292775367,2.064101086411856,2.062452962936183
1.8631113134854376,1.842354665396717,1.8448560247961003
2.202403729216328,2.0113488503180803,2.0066892424843408
2.113605580466904,2.0728603822316725,2.0698215177034744
2.016446705186196,2.098436269352152,2.097255638372104
1.8685052108219073,1.9683071379597008,1.966154127463129
1.8458007593771266,1.803739239284888,1.809409187992288
2.0559731590517365,2.0595471020076985,2.056322310230506
1.862042082877632,1.7760102989199873,1.783367900884186
2.2100353234910215,2.00672262466354,2.0044470637868326
2.0140654618609664,2.101107549071066,2.099136781901574
1.9091066379890673,2.019374406225309,2.0172732679512255
2.541438914990786,2.251592109341013,2.248150331397328
1.790218685851356,1.7831751037367631,1.7889965546916544
1.7974252440166625,1.940714307167845,1.9381456245861037
1.8988073721540832,2.0758333262767126,2.070779182018078
1.9171708400872673,2.1408530739807743,2.1330203185310066
1.9135825306285446,1.9873798495208976,1.9824250184039451
2.0534154281400174,2.126554246592726,2.1251394219739845
2.0793743146956576,2.087666354003752,2.0858434610052243
2.2332573873129102,2.1082238743172335,2.1060709566668048
1.9891398357026993,1.9918167702285847,1.9900797695473997
1.9306237186693322,1.988732025577849,1.986369716815441
2.004495553004982,2.142743425310676,2.14007546913868
2.0116533050062286,2.021862796484087,2.0199856778616954
1.9019864420974004,2.016415870935257,2.0139896838797835
2.280063634359378,2.0343001839742385,2.0301806980782273
1.9242398157699476,2.0323318133655714,2.030300588964217
1.8926513785375327,1.955159975917234,1.952742804066959
2.0419350356402495,2.177270494096711,2.1708994988567345
1.986450672131352,2.0537987143224825,2.051076760242105
1.783664915514473,1.887670629357073,1.887826010216643
1.9746371716775655,2.0822395432055183,2.079657988640789
1.9517173163642028,2.0730103454317654,2.070178584835457
2.294543351563672,2.092117116636358,2.087134748711077
1.897693098375841,1.9897613161659944,1.9864099236267436
1.9752784750968932,1.9391348939149098,1.9371352913161388
1.9284520995321794,2.000842526613808,1.9984453558060968
2.206962347876616,2.077273754150854,2.0687045165533657
2.0453101202722097,2.201458322037071,2.193480134361154
1.9581680009405922,2.0298784531713854,2.028452895969522
1.8810069322981926,1.811965383972159,1.816813062327816
1.8609659902737756,1.9657508960300585,1.9639891016894766
2.0968803230188056,2.0135348673644033,2.0100659602855715
1.8125975234376188,1.909201131044752,1.9079334216256574
1.8449540300386484,1.962208101528358,1.9593243474269348
2.028577444389302,2.082494694510068,2.079813982681623
1.8355219000520089,1.785637036391756,1.7926851883167947
1.982571862109359,2.0079883318424985,2.0025600678121602
1.9528993903247818,1.9787654196606468,1.978439101692865
1.897195537734671,2.0037190781628507,1.9997182271505527
1.8584800752591795,1.9127146190233497,1.912456647667374
2.14997574373619,1.9941432894769833,1.9923574930712853
1.9189376397976532,2.0509922517131796,2.0476559394252627
2.2179551029365143,2.0421330609382897,2.039748524545558
1.8671728684358895,1.985892028279851,1.983010572832121
1.9348881338553459,2.010779396490338,2.007329841249926
2.3859542873255464,2.0472272368575384,2.042811501812016
1.9671775875578352,2.0107440029254144,2.009985610769282
2.101073601568635,1.9724745475159298,1.9705385764003993
2.2015299966501507,2.0263940026979084,2.0233490125006166
2.0349985354257787,2.090085865870125,2.0868625350952006
1.9797051793425675,2.010317605264471,2.004604419431617
2.258252543669224,2.0523257999707303,2.0522306952906018
2.0626977260656805,2.1223156156591725,2.119543327524418
2.2161429593200426,2.063909182751134,2.0616225396924013
1.991863083002185,2.035125401091545,2.0343564738865636
2.1080545993195354,2.145208769978038,2.14130401439667
2.2119958099880574,2.0247357781202675,2.0219541590855927
1.882913500911421,2.040094048260147,2.0372129363700466
2.011127609778309,2.094641626646082,2.0901335999087767
2.2577731852252634,2.0004770556694242,1.999362905724301
1.8529096922610901,1.9195503895525845,1.9184154300988396
1.9359881543675983,2.138303214277506,2.135158592362493
2.0249468497496337,2.100003922208709,2.09561961593621
2.2709180211899853,2.189343624740422,2.1873033475519565
1.90137962220461,2.010667199565754,2.0083843283627374
2.1331925425555855,2.0656508323994367,2.059039398917303
1.9429281137120005,1.8454909773662769,1.847658876482381
1.8993002971275867,2.033427899855678,2.0285143954621754
1.9513520194047533,2.037047360430719,2.034334020191468
1.9810279183327557,2.037753634806311,2.0349809185382925
2.099423600610226,1.9944135496822215,1.9921674572321164
2.282972053677346,2.050597616992778,2.046338907820218
2.293127743053389,2.13426096228677,2.1296996359500318
2.5464277689491794,2.0477138324577524,2.0438484811253512
2.0993407353343256,2.008737341466204,2.0055757229939464
1.8991771982191903,1.9604357136013302,1.9593873337282988
1.9454974790181416,1.9904889075138912,1.9867099100168026
2.4367683040385577,2.127432885043161,2.117684451241755
1.8578527827957356,1.9879524845590946,1.9836571944466046
2.103482333088575,2.0054100511200974,2.00304542624901
2.0219287123992573,2.1532351640192675,2.1459544867655205
1.9195956011367858,1.9989739547193515,1.9940330485980429
2.2388855283887326,2.1235749402029063,2.1207464725563567
2.0364983373063663,2.1349401500353005,2.1343719425940173
2.008676687694269,2.025054283768832,2.022136487008211
1.9613946373039135,2.071658763162924,2.06917873754472
1.9974038578739353,2.004907022841388,2.0015163729137524
1.8979413395841807,1.9748330923374309,1.9727426035382214
2.0453101202722097,2.0706381590070055,2.06376444970624
1.852747772816345,1.913228465915364,1.9138924115441394
1.9662546229264595,2.0630400168107217,2.0604597782387453
1.85435993117067,1.9386213847246987,1.9325651926381746
1.836775435251627,1.9577153594380239,1.9550729161797262
1.9925194133220119,2.0014349725667278,1.9966283377200882
1.7999063145391903,1.9354468781637837,1.9335278539336485
2.0424367980829286,2.0470984432926533,2.043946156341332
1.8685052108219073,1.8234848770287921,1.8278351077796442
2.009275848651714,2.0476437057573498,2.0474148134397274
2.276377267940888,2.136588941660569,2.130951117602321
2.127487093534274,2.066954646286081,2.0633517511271333
2.169659709707532,2.0891714918447475,2.0863928107751657
1.97631577512937,1.912623103418495,1.9127510406104191
2.09026519575185,2.0876472386398714,2.0858406461347996
1.9065298280505512,1.9986784900410295,1.993681478148297
1.8530714544919618,1.9120367393575577,1.9128863856073375
1.9276176996704786,2.027341766832981,2.0229105532993352
1.8958197682951528,2.0090074304198184,2.0064357823312746
1.8863985867763446,1.950139673555436,1.9482193974233604
2.2094098643778,1.9900526792739495,1.9892002847536885
1.7162084049822304,1.981766905398284,1.9781125507126873
2.0467850330451065,2.1406506715297757,2.136501379357748
2.0709287709480564,2.120015583260978,2.1191864384563925
1.9520818664858788,2.022774090820682,2.020772445304829
1.8900737868364317,1.9416466090531534,1.9396064001949536
1.8464750424682093,1.9049194369877527,1.9045733657000699
2.0818377386672267,1.9933178271788947,1.9916467742492068
1.861428019042512,1.810048462869064,1.8159561783541354
1.9304180503647834,2.005138304235516,2.0029352900120827
2.094855583639294,1.9872096567909348,1.9848026900800284
2.3022572037748525,2.0577100119373477,2.053940442709147
1.8721518319467965,1.8115317730554048,1.8176099886252084
1.9116456796412962,2.0098782562188577,2.007136436199499
1.9960521205632724,2.0645487929562334,2.060746562377899
2.1152180056614664,2.043497955826901,2.0417535242877114
2.275423751752644,1.9944149475181174,1.990475961713341
2.7126666606225975,2.3099554043067045,2.3102349544898626
1.9368830974093347,2.0157354741830793,2.013953138602132
2.017467066884297,2.009734459987564,2.0058823629907794
1.8955684397577315,1.9459796048383808,1.9462651586124107
1.9878748855138468,2.0867694976333806,2.0852940036574683
2.2407429179121703,2.0231648785378367,2.0185774872134865
1.9799393045625857,2.0426687903499174,2.0415553238956154
2.5212055468003656,2.240515308323531,2.2379761934811957
2.126622468845679,2.0284994731651103,2.02103984727882
2.2274100106626005,2.11890951918772,2.114123095880944
2.1598871151963825,2.1426300742782973,2.138259269320474
1.8535558011248225,1.835244219101565,1.8377905524128786
1.8714287866874373,1.9709108816811844,1.9679082553372478
1.9824180559752262,1.9855180905054834,1.9844698252981665
1.8950646758149428,1.9542444486195711,1.9522343792765344
2.1043326079691123,2.0426671104602416,2.0381168601729107
1.8387262051621174,1.9834590966087866,1.9772264731197433
1.9769511753116396,1.9849834931102588,1.9820414907281156
1.8403053037260473,1.9577000078218794,1.9558886240952322
2.28240716451713,2.0207369440464458,2.0170219057492247
2.079832872129018,2.148224564473617,2.146759602605638
2.0708808039435085,2.1182193556552207,2.1140211242957703
1.9800952206044755,2.04291272678215,2.0410614621526744
2.1616853065873336,2.109793697504983,2.1071778597692403
2.0167023204349683,2.068825016503078,2.0647931861303452
2.086584303636446,2.1609589789534787,2.1562127110532043
2.1299522416791286,2.14144612983796,2.1385101296160496
1.9585196402307257,2.0259535884337603,2.0233951209749557
2.258520520401604,2.072479706415755,2.0708075767610383
2.079695418795856,2.1524873243066276,2.1487707920784263
1.8665773138858088,1.973642064031297,1.9718149478152145
1.9850910860320008,1.988426466932054,1.9867468673618678
2.2129692365588083,2.0182776862259537,2.014897435020209
2.090568822562012,2.0346258640454393,2.0321353888484603
2.251066673723824,2.06380116013522,2.0587885784374307
2.07748279640894,2.129811523881747,2.1292479758677927
2.2558644022174583,2.0094672892003937,2.0075654643870977
1.9108418282551112,2.0003550057963184,1.9969180918055813
1.9159456872359062,2.102930649918323,2.0984370977737647
2.0113249201295735,2.104130124117851,2.0994686180196176
2.0393494712798708,2.178161829595657,2.1775703354246225
1.950985972357075,1.8447553806455002,1.847714003630888
1.9558653522038365,1.8397736718283808,1.845199806754696
1.9841028191484908,2.101321836866755,2.1000163388896445
2.0663176951125517,2.1872060025395714,2.1804112279698047
2.2632507315432364,2.0515042376073707,2.0491347638961748
1.9184976158785787,2.0448196774376712,2.042399721092885
2.057162006648713,2.0950581509452584,2.0932702599141195
2.109043266926432,2.069057141287738,2.068509819127823
2.011850057275258,2.1336833998020945,2.1347924537232577
1.9871266846930271,1.9805949616282208,1.977135433303081
1.982571862109359,1.9415718321084876,1.9382297801751784
2.077018633177009,2.112054469877086,2.1123550404609888
2.1183664034993694,1.9690088726985389,1.9682217712521455
2.130165172487009,2.191313688458413,2.1878362004976895
1.8016869241834605,2.0534191272627402,2.0482478230965087
2.2073033181188078,1.995020439266731,1.9935608036844417
2.0327261953598956,2.015159401938726,2.011885189997556
2.165860096652366,2.116067786344449,2.115241128028201
2.3356654343853545,2.171410587348669,2.1697846095587896
2.2595129626052417,2.0681239603889296,2.0670677282480656
1.9969780669006982,2.0421835961675794,2.0393525351930735
1.9276176996704786,2.017334031929225,2.013935354253766
2.3151870368120715,2.133127305281226,2.1249503030430743
1.9954799782269674,1.9964447713933322,1.9953581726293415
1.988322339156369,2.0087463208360457,2.0067266753770703
2.117989714970252,2.0181363879634207,2.015941143470719
2.024212206258971,2.107870810646678,2.103423857878109
1.975678139725996,2.094080101989928,2.091805701077632
2.154237890911671,2.0386220081707767,2.038025071566931
2.1176123102439632,2.0748412797040583,2.064426635523841
1.9415810465055925,2.0046268148060613,2.0027570847430383
2.0167023204349683,2.0780621165883124,2.0780749086359354
2.1076180111228213,2.0355936203920564,2.0326715797856894
1.945308426192824,2.0010418257281803,2.0005208587245633
2.0734540971467883,2.0825335403383236,2.079665549780069
2.1275230384246555,2.0503671977726614,2.046478411746445
2.0280974097939986,2.0784191022581933,2.075478950424374
2.111044926610637,2.044586313249199,2.0419549503768946
1.8875885504895784,1.98378628031326,1.9814248896409374
1.9472835161889663,2.032917135371759,2.028906962369095
1.8592608969814264,1.9640506030120333,1.9618706678178603
2.0025068970319886,2.0130516516432144,2.0086264188565695
2.1032793439063107,2.0117672403555016,2.0099794004913614
1.9147118490904513,2.0285737882995414,2.0223766161445513
2.0040174909116724,2.022868333814584,2.0201816990356654
1.8570653426926036,1.9678658959231679,1.9654424459315654
1.8362393741001535,1.9676755301908253,1.9650578514358088
1.8709934681611533,2.0461679145163068,2.0422095722324016
2.205740046907667,2.021352302290397,2.017000371602265
2.2810661512604793,2.076217720869845,2.0711029654711353
1.9070012019441616,2.098363482148792,2.091324796791268
1.7778601252360495,1.953558387774515,1.9527937737300656
2.235228192824166,2.114230893872734,2.1108138136477375
1.881143827195224,1.81041209694199,1.815645461705245
1.9538935268016662,1.9929421628899757,1.989634287616966
1.9031937120483535,1.9574023836864138,1.9550741104087064
1.9905433220947688,2.063197683746273,2.0553756501896423
1.97631577512937,1.93252578574672,1.9324999586817464
1.8941795136683264,1.9955254771795607,1.9929980666587377
1.8843966717324823,2.007576462756664,2.004949761352085
2.007807795448793,2.1262258464217596,2.1218254166887145
1.9607886291356862,2.011540379550389,2.010600543526779
1.8871928173113561,1.9915669333815191,1.9900174517819007
1.9930282717964416,1.9978183567485506,1.995572704716658
2.000217544830301,2.0524649452364687,2.0503408665438485
1.9964800604766388,2.094892439411879,2.0914153619839246
2.21334789126129,2.0434291028526945,2.041159641387464
1.93478779088995,1.9961295945536506,1.9936171670256733
2.1384339219145794,2.0811286890527225,2.077297964967772
1.9406125441475286,2.0431120599064303,2.043132778703602
2.301205285351692,2.16375431552823,2.159740532590046
2.1540804540422025,2.0405404312974293,2.039962956190584
2.1261163691881135,2.0423432060474873,2.0399695812685854
1.9412910516752855,1.8544059760654124,1.8577980623464212
2.1314380195685367,2.189960968901058,2.181119821910199
2.0623971343012504,2.046449208506493,2.042288835425052
2.128919867188967,2.22076401204333,2.2132503773553305
1.9432154436226665,2.021380283255602,2.018728480078681
1.9882478396170922,1.989505455481788,1.9881749774118123
1.8546805005682931,1.9382860916032927,1.9358307280808886
1.91426100170212,1.9656060351433988,1.963104317024842
1.9314439944235193,2.016702366153115,2.0130735398769732
1.8745872921173001,1.9566655172970462,1.9554661380717975
2.17444771599967,2.154277211828776,2.1438325354982704
2.2022292747696857,1.9809186214504253,1.9784846184311307
2.160345788977867,2.1201710236550655,2.1174273560117327
2.124553842062364,2.156559946941205,2.1493442485629486
1.9054645147010385,2.013021509149305,2.0112828423847713
1.8268481061953312,1.9565653931015783,1.9543956978733998
1.94311971872055,2.053040404011144,2.049068151445288
1.8727280472656962,1.9518383451719248,1.949819042796205
2.0167023204349683,1.9472123574785483,1.9440505089074693
1.9424481930598585,2.026387512336907,2.023982015939551
2.267164179226996,2.079947710401156,2.0802780615093424
2.0445408104069367,1.9830422998399622,1.9822718302150353
2.0266498866254494,1.9844583241854308,1.9807732967058356
1.9159456872359062,1.9878586654937431,1.9851510321256636
1.9432154436226665,1.8450068830658652,1.8493030739320444
1.937970791489676,2.034064095837385,2.0327418809111926
2.2117815262810914,2.029541530775704,2.027207069805252
1.8720074704051908,2.100885206643454,2.0975117586333982
1.9581680009405922,1.980829018000805,1.9782310945223194
2.1173476992474236,2.1640042227839524,2.159725498363727
1.8597276471309088,2.146860959958001,2.14315377002179
2.050609702494698,2.1606764241706204,2.1551231929513177
2.1264779998818684,2.1650426938890273,2.162354137898959
2.279734222147573,2.048184688662778,2.0437562132868763
2.2068648258184393,2.044727860567739,2.0391201222923816
1.8890317745385503,1.8255018389146587,1.8278951353043658
2.0454745670033136,2.092635915429778,2.0900731172154408
2.2125186967498243,2.0124674949886905,2.0109228236251075
1.8902035929029264,2.067118828787747,2.06390675165764
2.273039453373464,2.032891367662005,2.0271235226910593
1.9429281137120005,2.11641932041888,2.1134005450915043
1.878106346612845,1.9705977718845489,1.9696517603395152
1.9791577108138356,2.03596469412368,2.031882154105861
1.9537131859963712,2.0368845614078004,2.0348143704061306
2.278620957835607,2.05682577320378,2.054079780086867
1.8309653292731491,1.8036228039847777,1.8087616349390157
2.2457741883314926,2.0254475246513692,2.0203464970425093
1.8769881835782947,1.8226065445903838,1.8260367675647053
2.021617980536237,2.056880543525576,2.0524907142288256
1.9265690876372008,1.9978582384402652,1.9960204186913724
1.783664915514473,2.0888372357981573,2.081304670998499
2.224469641255017,2.0916285586886456,2.0860035439852602
2.276570993021193,2.0429300289399257,2.039999862540989
2.0134166114363135,2.0326994302272876,2.0303295548332803
2.256811263626507,2.027731525871405,2.027048555551751
1.9132422991662676,2.0392687793582778,2.036609679911377
2.2873725155065627,2.0611173552708606,2.0568786383878916
1.9131287404535993,1.9729663234079498,1.972279754445227
1.9720489888570434,2.042993225419546,2.041121294597307
2.0968383537808126,1.9450416810987932,1.9416048298573259
1.910611470555657,2.0108232923513354,2.008098276134044
2.208516561382647,2.027754803357789,2.023653254613837
1.9919361248439071,2.003563247248851,2.00207693410857
2.017212500268106,2.133102821805437,2.132132307561011
2.06414398076468,2.0856671150851227,2.0844377889562726
1.989362156190749,2.081026854108724,2.0766503747963676
1.8158740190465035,1.9975335973105854,1.9937918964255497
1.963627783844089,1.982641187743614,1.9801306519203279
1.9274084782288035,1.9872250575085886,1.9844560993122826
1.9485881550744661,2.013212256043597,2.0104320551182506
2.318807774375887,2.0087950430024133,2.0048121154997975
2.0824713301557285,2.0721131141691616,2.071475161723688
1.8831841314324307,2.004359051912725,2.0008020213997826
1.9259368967626918,1.7880301801058778,1.7955351184587585
2.1539859332679083,2.017344530429436,2.0119895149224023
2.236842611828524,1.9989367005023626,1.9934787767066728
2.157454232058403,2.0713613968149445,2.070455999361439
1.8253248754496845,2.0287968139773795,2.0257525978028332
2.0319037421776023,2.0689647468107912,2.0660381595896187
2.208153324962469,1.9877732925002898,1.9868674241605713
1.9649883606076264,1.9735393863198074,1.9714030455094709
2.084583394084108,2.188164702095611,2.18150698705263
1.912901400073856,1.9848243068415683,1.9844282481197468
2.131825335775464,2.1146688635982893,2.1100218272772797
2.03001022220103,2.0162812484490154,2.014053906213316
1.9483093940325467,2.032077398445222,2.0283464981659325
1.8532330598318136,1.9794701589454016,1.9760747162373882
1.986976675901201,1.998377207787157,1.9952977567571732
1.9486809784541408,2.051945619469903,2.048991264597315
1.9250904118862278,2.0021542405379957,1.9990409829218483
2.0445408104069367,2.050330165297904,2.0476262049516576
2.0429927560951406,2.0790235605675074,2.0747746189560203
1.9530805547240124,2.0282500493377316,2.026543868353199
1.9411942810958736,1.856078146388707,1.8593183333969772
1.8103058488777166,1.9995791961219216,1.9923472007707899
2.21553543209951,2.129759866905783,2.124601973359209
2.445105498413693,2.1925942923047628,2.1879505977261493
1.7851448555353864,1.8939201840429614,1.8898610301299859
2.1186672405963614,1.9822038025923732,1.980559467213538
2.1255726910208983,2.224455686506013,2.2236227893213867
2.2111134649610884,2.0135821477501064,2.012069374792934
2.249556399547005,2.1298456183699432,2.1266360585887174
2.034476578722455,2.092555464731225,2.0859433561256218
2.449896101537594,2.1071605154552073,2.1011502681722876
2.0335450675280087,1.9986936724933582,1.9922040179161722
2.1578256626752164,2.1644446742344274,2.1579163638711325
1.96917506889874,1.9866768521889888,1.981521112768808
1.937970791489676,2.017050457947742,2.0149395413799476
2.1589359032182016,2.030190807506111,2.028115510129777
2.273825236622671,2.054000212346686,2.052873091944073
2.1000439773249764,1.9259121085259459,1.9240403123755372
2.2747325001236787,2.019297560790982,2.014828626283027
2.2345447617879297,2.071269821233539,2.070745885064897
2.1588128418396315,2.0326498386829424,2.0308307342742467
2.281479646234089,2.0827781085273647,2.0783157921778965
1.994186099354076,2.0254948223761704,2.0217239562199003
1.9879495372765899,2.003815334863131,2.0015566842777104
2.1192300847802703,2.086730497831767,2.084133802763998
1.859105023881869,1.9546789044016657,1.9532026714836679
1.8383732324353605,1.9310600824812596,1.929174939744871
2.1579802254848905,2.0227515391502915,2.017948919004927
2.1850331099118203,2.093198809591241,2.0891917505801865
2.0177212859806306,2.0669503421929796,2.063487904865711
1.875580021642378,1.9424862607599351,1.9401786126713585
1.9220950579531069,1.9875369182331966,1.9833654859697871
1.8914962640564346,1.9826842861417164,1.9800507566629308
2.2588645741737476,2.059304992455893,2.0581105194706764
2.3593055125292635,2.1271814329581655,2.1236712421973816
2.1097520537319725,2.090770255064669,2.0876219412332793
2.061341334798867,2.107914328551495,2.104119051396063
2.277221355065145,2.082777593644884,2.078315318194519
1.9876507469764189,2.0979348385010805,2.095036149006349
2.1000439773249764,2.0154341133804055,2.012366208963376
2.271477351797238,2.1470987462603595,2.1465570928815123
2.124918314701026,2.033248286627148,2.031540416754624
2.1114740113184216,2.0159023267062586,2.01261414642556
1.9613081899101887,2.035463283053499,2.03216715280238
2.1500721526248996,2.1330349828758277,2.1282752942126866
1.9823411041371086,2.003088392799482,1.998108776975394
1.9639688944499505,2.137505294507018,2.1310047750974306
1.7990085443063024,1.7666108006295822,1.7748446891972893
1.881280611896817,1.8371437445635206,1.8405355510291033
2.215886142368217,2.0521162242589552,2.0498835712696115
2.2628385971963545,2.1019220645044774,2.1007790364112804
2.051673329839782,2.020752659283051,2.013328554695364
2.044044599886302,2.063223800268752,2.0611407483823103
1.9635424049504375,2.0692886692641603,2.0674458274694563
2.2559031310845623,2.057313638256569,2.055927971855131
1.8060540095901474,1.9212153652318462,1.9206720918217148
2.0100717271193744,2.0893103478815935,2.0843129310722506
1.9874263330080848,1.876351182448615,1.8777136879283112
2.0024379388832774,2.04357582296309,2.0388251065613816
2.122647761513904,1.9971424078194717,1.992453783518847
1.8988073721540832,2.0055483844609188,2.003861090694371
1.8618887776546562,1.8124533069161006,1.8169229803822224
2.0206201488420206,2.0562730169024417,2.05619647968884
1.7861238694638026,1.983301835797868,1.9780443336392066
1.961740011099999,2.016940105232118,2.014412227127977
2.05446354606263,2.0765343697141567,2.069763581887604
2.9604307639434726,2.4742015272197495,2.4636225055597643
1.9096869670147028,2.080368914784156,2.0776496662951973
2.1040900469673205,2.017101555934168,2.014104416067962
2.174362169238897,2.2296998058597177,2.2288334001806107
1.9138089820635305,1.973844530586234,1.9715781181440097
2.3968091458902205,2.0488827076647365,2.0462789753231356
1.8404798302831171,1.96288933726819,1.9602560332706123
1.916948725204204,1.9860645409255384,1.9832301388684974
2.431660152116477,2.1455507055158742,2.1349992301871263
1.912901400073856,1.8625632011519353,1.8650985260895472
2.0522029230897783,2.0653430397583556,2.061188819739913
1.938364661905521,1.9899537315666385,1.9871086690566702
2.063297499493276,2.1167062112567603,2.113760423418014
1.8965715538527692,1.8781757867405484,1.8785215668783013
2.0209949611021765,2.048308008364071,2.044280772078471
1.9884712471638957,2.074952243006729,2.070992779540316
2.267531485631069,2.11534602034119,2.115744017853993
1.937970791489676,2.083798017388545,2.0785966286482336
2.0718856129279564,1.9697433946768854,1.968752623934583
1.9582559755090343,2.0366931573963187,2.0342664173548535
1.9310343348538055,2.0050175704927606,2.0016850824632235
1.8932897583256465,2.0024015856037,1.998321389454759
2.2819438964529066,2.1647934128341206,2.1584686715129413
2.026891918270276,2.113501945207656,2.110260819418421
2.249097243236062,2.185567818139891,2.185360609089391
1.8473140595914486,1.970546853072069,1.9675133558943942
2.0565426617879963,2.057689004953889,2.0536331763477045
2.2564832312346503,2.0623393903997758,2.05756656807449
1.9212297330036425,2.0245232219684266,2.022455206201405
2.187803988738226,2.075794016024332,2.0727664432325117
2.2764125034732157,2.032727433623361,2.0313332857074586
1.945213824238031,2.021802399139782,2.020015470623508
1.867321428291827,1.998121301969352,1.993632488713175
1.9891398357026993,2.084209250129558,2.0829842025865957
2.311266075182283,2.04835542497701,2.0452057086984152
2.090871977650981,1.980002651555888,1.9774614874047383
1.925408323237075,2.0615273614055623,2.0586336143357293
1.991204391952536,1.9863202961830018,1.9852807616401789
2.0364983373063663,2.1016915608660063,2.095059950308325
1.9727806662512104,2.1046113595711016,2.1006567258346833
1.861581746009703,2.0264866083694004,2.0232682945344376
2.0863629938979447,2.114422968424852,2.1111343344567697
1.9478438193911476,2.022232073269229,2.0188373716005965
1.9824180559752262,2.0532306964832023,2.0464346701568212
2.0340696096872146,2.1006479794368538,2.0981345866750707
2.048733922115673,2.161865796339181,2.1539911255229582
2.2852340841974943,2.1241949909455555,2.1200875070813234
2.1774196473067744,2.0029853129848645,2.0010259524255054
1.9449297155216683,1.976736657601021,1.9784747806396688
2.0001477244490324,2.026587319699826,2.0229965218015455
1.792579109952226,1.9427205997522201,1.9412898677377215
1.9624287717398348,2.059959074605109,2.0605086708255005
1.9274084782288035,1.9951740029367557,1.9932073244831368
1.9200328675734553,2.0510041497830382,2.048539360172457
2.132001141188035,2.0696294663215777,2.068633653971983
2.0140006787000173,2.0912407783196114,2.0892873212410974
1.9954083348995293,1.9839778261586125,1.9801655036475947
2.101975227548811,2.1319249582342064,2.1309094535613706
2.1495896483883232,2.1292506407813376,2.125962337839226
1.9305209145967543,2.060016017893166,2.057397979291631
1.8557976676689663,2.068644552597193,2.064810842018814
1.9919361248439071,2.02665891458018,2.0234114139960595
2.274110274982752,1.9965611891513075,1.99272582158748
1.7203674518694094,1.857680070560406,1.85950342491939
1.9937527704053695,2.021583455697518,2.019266624038885
2.359876204494182,2.0922910354322566,2.0878359109872062
1.9334781066885744,1.9921762711106588,1.9886320016513084
1.8712838052451115,1.9709543071723414,1.9699122699265317
2.26459407954611,2.1081767876522512,2.1073115043090906
1.9974038578739353,1.9897576363764007,1.9858151202493892
1.7955963770941956,1.9284290747150277,1.9269789127168555
1.8603479632521576,1.975935507811156,1.9732821663847226
1.8134228789095115,1.9152407348199745,1.9138135822030464
1.8098856686890485,1.9350724120195961,1.9314823505358403
2.096123497387714,1.9854090743027641,1.9831439191135236
2.2605577258876166,2.055049694301584,2.054885992000939
1.8640224050667609,1.9031637434640767,1.9045864650652065
1.991277696986475,2.0438551288541076,2.0429916434441786
2.1575161842836943,2.071894186973959,2.070978016576881
1.8831841314324307,1.9950074217242506,1.9915629807949475
2.0913905790845226,1.9833946563301843,1.9802926540516559
1.9017439704521935,1.985143852060538,1.9821106869330274
2.177447746044916,2.065472778830631,2.0624854494419362
1.8439322089234715,2.0051280988834432,2.0026986978875776
1.9525365088144917,1.8821607828309272,1.8837255287485464
2.0616435859050957,2.0949521760266747,2.0935276888610774
2.1576709823381455,2.0725253991081702,2.069657553025113
1.8690939963281337,1.8274372773175833,1.828915232523745
1.9859231477380983,2.069831262513283,2.068896318941104
1.9463457350459596,2.0737060422567337,2.0691382495703228
1.8916249956601714,1.954561717847687,1.952848553114074
1.8662787440755735,1.9217760104657151,1.9209683884963291
1.8464750424682093,1.9603127166935683,1.9576367814134734
1.9212297330036425,1.8161105768840424,1.821150665576159
2.113258345870187,2.0325366893619683,2.029982927331497
2.107379464137983,2.0588927911164063,2.055143804042489
2.0703523773414076,2.1119852487268083,2.107648498180735
2.0746809578175047,2.1342151240928215,2.1314953303277946
2.0017469352011403,2.072302388845499,2.0730243544446805
1.9584317951092078,1.8438785450420434,1.8490454699365069
1.8800455666762157,1.9700906821686592,1.9680858533481524
2.2033234343400734,1.9868634480653327,1.9840391179503403
1.925408323237075,1.962904483832745,1.9620213124907355
1.8504642098911304,1.9700617127746445,1.9671755007638096
1.941870567254857,2.0003119926777675,1.9941961709824492
2.0314321483001256,2.1196850022744216,2.119054209118952
1.993245922202759,2.0502005589736947,2.0444508344334995
1.980017279307031,2.0678962606645412,2.0664300041710852
2.0090763436356873,2.012022965614995,2.0101923751901873
2.108648394066919,2.031983992993605,2.028825497768797
1.889292873813019,1.8252253754828125,1.828710724264615
2.205249121973388,2.0053338932213016,2.001719297608714
1.9784513887390789,1.9143204924024069,1.913614473788162
2.0230430865233395,2.041183243617618,2.0371597645613386
2.032550257985561,2.098514963721774,2.0959683331478898
1.8561154896714958,1.9430884507524429,1.9412392482361827
1.876707486243666,1.9871607107537517,1.9849023866548872
2.001400459559411,2.107517578227217,2.106685266089444
1.9827255383813664,1.9939798927581152,1.9914082235664474
1.9715595533243166,2.0080572998539763,2.0034188833623525
1.8985603789857275,2.0036874551218484,2.0019454144104536
1.979861296340693,2.0961069729836472,2.0940955855555936
2.0039490951562655,2.0239835341117547,2.019584044850272
2.1210205466434275,2.1494341389602227,2.1401622433125738
2.2180013639777045,2.079410504568585,2.077069146646767
1.949514217512899,2.0248958236677996,2.02273952355615
1.9411942810958736,2.0213507446602086,2.018730339583057
2.026528753442591,2.052986352426356,2.049676359740718
2.3040977804755314,2.175150758774819,2.1671727187543444
2.0978431426665596,1.9971626926812622,1.9931144645927512
1.9917169118602707,2.103380066404608,2.0981661432114977
1.8463067285775647,1.794333350934776,1.80050610251425
2.195102929438881,2.039500801737801,2.03411437695317
2.0069348041860695,2.088375485782132,2.0857389880809167
2.3058615746262956,2.1881501067345464,2.1818157552066904
2.01296106369936,1.988253011371824,1.9865902535007938
1.9943303151106169,2.0994702060082626,2.097546997759481
1.9930282717964416,2.1042874908416387,2.1026965436994542
2.228116728101628,2.1658232514277724,2.1579426699820257
1.8870607020578856,2.047731085813554,2.0423760666148048
1.885467285262823,2.0153396042626968,2.0118189559950066
2.0167023204349683,2.0757206266311106,2.0730873634094693
1.8311500403479957,1.9356432651914053,1.9327330767482285
1.8890317745385503,1.9984911525307503,1.9959275350220373
1.963286024635008,2.0071005456039934,2.0050910305668577
2.0959127479273354,2.0545136520439105,2.0527270219146563
2.130908650318946,2.163790611738693,2.1602098111465726
1.8764263230278648,1.9311172872303826,1.928663814753381
2.221283021028976,2.0500722044817477,2.049009789713961
1.9668425110306416,2.0503624769021718,2.0485187577524084
1.9028324175521512,2.03058148638018,2.0250368297644963
1.9520818664858788,2.021832592924566,2.0203784473511774
2.01296106369936,1.9525126204846754,1.9477532324943363
2.0537304690084577,2.0081487514039367,2.0027214430018567
1.9951932369821295,2.086577460834688,2.0825384913288016
2.03301905907218,2.079645509454278,2.0749859169116767
2.486720099837209,2.2635506676453967,2.2569619695907757
2.0014698068170413,2.0112755115672636,2.006874494367731
1.9590458082769842,1.9661746194295904,1.9637394934924046
1.9894362029824473,2.08739114333468,2.086482913703064
1.9030733646024407,1.963215912713649,1.9611672719134603
1.9676790367897832,1.9774221463221362,1.979622551113926
2.080290347184336,2.1054304516494087,2.100462122650907
1.8606572617820683,2.0921850428008866,2.0857070033742318
1.8943062454458155,1.9758385017630207,1.9751135178843513
2.038612309932192,2.117191915413077,2.109316714970419
1.7996823427042328,2.042417841570262,2.033374515950185
2.3218406893127006,2.2091905046647153,2.2060025655945474
1.8603479632521576,1.9547920877433451,1.9529778636087887
1.861428019042512,2.0336384080295833,2.0312880171096954
2.1221683768960244,2.0941241380004385,2.089687335611977
2.697769523439018,2.4813068907596025,2.498507568571861
1.9163921954511833,2.117007928092199,2.1140023357225064
1.93568882851728,1.7955780392789435,1.8028985367527794
2.2576963890292925,1.9987185730761625,1.9968504054940248
1.9499754485416574,2.0658107149257963,2.0626386155387575
1.925408323237075,1.9838009463983879,1.9827052491528132
2.0750099392863754,2.1270178262673505,2.1263281875416555
2.1551799567438974,2.0358665204007167,2.033334496713979
1.9574626439981637,2.0454727059043862,2.0415665187617256
1.9586952013405594,2.0133063622670826,2.0130248627463714
1.993245922202759,1.9425685410572728,1.9417682956773752
2.480397421951694,2.2846746000715688,2.2774410727140997
1.9639688944499505,2.045374803189714,2.0418085157273183
2.10971274336455,2.0423264478098213,2.0399843803125153
2.2665751933324434,2.141744998700027,2.1398883905022643
2.0952368209510315,2.0163968572789175,2.0116178897267036
2.1516084856592355,2.077354784906397,2.0739438883646892
1.8810069322981926,1.9572405186344395,1.9536374455013537
1.9930282717964416,1.8858880053622913,1.887765302892186
2.2850140095091835,2.080646335370501,2.077291040668846
1.994041770110797,2.0060252830893,2.003468786277312
1.912331743733771,2.0243072584186326,2.02055494679278
2.1619885187988888,2.0984806525551307,2.097434845952623
1.9969780669006982,2.043254330297959,2.0397968763480288
2.0344184941226655,2.0080611826784764,2.004291535717693
2.0351722000253654,1.952801054996456,1.9503313913789104
1.9953366635983634,2.1967778990684916,2.19262572929409
2.21776995723802,2.0761348704637466,2.0722135467039164
1.935288935620195,1.9532611350910003,1.952288082000094
2.2420893127343664,2.1902548197734872,2.18013862020551
1.9723745444443388,2.0535439315913737,2.052634957422536
1.9843313568630228,2.0338801463546132,2.0329413327544765
2.0429927560951406,2.1016034894393343,2.0967018202132066
1.9173926721097003,2.01053841208423,2.008152746216872
1.9329717779560487,2.044755012969335,2.0427423990065137
2.5961501260249626,2.0641113012354664,2.060668554656625
1.949144370502418,2.051076270342735,2.050013404233715
1.9610485975816627,2.0403570997612976,2.037164383379616
2.004359090100413,2.03480755113448,2.0330295147069686
2.008543277130594,2.031699433723163,2.030546815466366
2.207522220707035,2.020572629925023,2.017008292273913
2.573968270364564,2.2421083579115213,2.2314625079644146
1.9466275893467406,2.0860854366573744,2.0833157901961927
2.578675119106718,2.4982572314848364,2.5093468788676243
2.1678128963088876,2.0850022031864017,2.082180244488936
1.8138339848317138,1.939919782505192,1.9375505040975036
1.9467214415190952,2.0009870966976306,1.9972910672576578
1.9363864672100495,2.072337740477373,2.069224620561602
2.0059900283369787,2.103131468709048,2.097541823168008
2.2619554916902196,2.0834299510995398,2.08286668903508
1.9468152441533784,2.0040778706192754,2.000884242919256
2.356381246640684,2.216004529314385,2.2063126544759557
1.959483104455745,1.9037209414131264,1.904042213036456
1.7944426238460034,1.9841010879902388,1.9823721510199208
2.258022584403307,2.2114534192023916,2.2157797225010882
1.986224776990574,1.9991372979979745,1.9973111702179458
1.9919361248439071,2.0271882084497617,2.0226537990824087
1.7949051249553856,2.003344493557479,1.9990614546034862
1.9922280012570828,2.0181010241089887,2.015678502310257
1.8570653426926036,1.9275246451805899,1.9269705233495555
2.000217544830301,2.0600864624486235,2.057975687785803
2.0335450675280087,2.164249125764918,2.163329929761412
1.816884496318449,2.0530954980689335,2.0488948127932916
1.969505841947988,1.9427159756845582,1.9397894060322645
1.8476484821329366,2.0157424090163176,2.008979014489451
2.2855553352497275,2.0539294209023278,2.050208401561107
2.2260340074034484,2.132461643123266,2.12831114817621
2.20561742355045,2.0057505682593333,2.002248633222353
2.076553353660763,2.1252186008592076,2.1241310510814566
1.8307804099694733,1.9494895223739936,1.947061878120957
2.0059900283369787,1.9681780736339043,1.9652793999407545
1.9534423327892219,2.023644580685146,2.021856959994406
1.8643250068158328,1.82798537108588,1.830449403884467
1.8606572617820683,1.9431248491852435,1.9413406140094223
2.3351251909725845,2.2547876637315256,2.2503897707006293
2.107379464137983,2.0500003523823622,2.046820850384837
1.9981113249372422,2.0435850376760185,2.0393303901220623
2.003126362892925,2.050547579276636,2.0450853175868096
1.9637131222001178,1.9896405098450516,1.9861131546287787
1.910149835068975,2.0001665650851552,1.9967153112367528
1.993245922202759,2.019852698752291,2.015295987261244
2.1009503313276414,1.9944612624159022,1.9922003351666144
2.029056253586852,2.063251357035045,2.060132931204739
1.8545202928846476,1.8098577081183946,1.813923794020774
2.0250079400335537,2.0900016702249515,2.0873378683837625
1.9866011136816257,2.008213977859232,2.0050348927786628
2.1733614826760657,2.1563834944138156,2.1551737619322506
1.7971977752703387,1.9540741550310332,1.953191986666412
2.0063955235734388,2.087969979726315,2.084675337298256
2.048733922115673,2.108743184572136,2.1047431430704444
2.169396896633874,2.1471205554022035,2.145185403475822
2.1045345140317098,1.9989134342414103,1.997804026319009
2.0169575851228823,2.143782441345799,2.1419642170541553
2.154740869917089,2.0382839126394945,2.038008206621538
1.9552403100821092,2.056767849343957,2.052256660934303
2.10234288549305,2.0184206991039746,2.0164501341569867
1.9173926721097003,2.0436246477190054,2.0389625981001807
2.0232281711332,2.1768365902190356,2.173909614343324
1.765566935759308,2.0051857531105295,2.001465532062444
2.2246041834369037,2.007149267770361,2.0031775122009243
1.8775481871229376,1.9616940220211005,1.9593042798813407
2.0775291515551224,2.15572821722925,2.152288557452388
2.1551172881504312,2.0931025157878667,2.0868896569672812
2.382484413194334,2.213687473949348,2.205625433642435
2.0088100022020265,2.0306020517857686,2.027494299864826
1.8765669629732478,1.9996616830369875,1.9977577553202468
1.9951932369821295,2.1058672535298024,2.1043771266454714
1.9906168923400496,2.013067858296215,2.010401319777044
1.9313416689555134,1.7962034208083377,1.802971419197735
2.0884772546221715,1.9820038277278598,1.979691997609668
1.9812603470008958,2.0617913139999686,2.0545789684964975
2.196311979621075,2.2436358315315204,2.2413929425791665
1.7345967610116992,1.923154992326275,1.9217102756187745
1.9122175878536711,2.0226887983190807,2.017718540392682
2.2919164649200563,2.1678692986757677,2.1562046356429794
1.9790009876381096,2.0441412921367,2.039946206126234
1.9859231477380983,2.1002129603796784,2.0991919813326985
1.9659178230752525,2.046525340703795,2.0430993053645707
2.078546166300753,2.0700364183134976,2.0670468184387354
1.8532330598318136,1.93050179400769,1.9285119007401583
1.8397806144560134,1.9242846942727565,1.9224621530934796
1.963286024635008,2.0370880624235763,2.0358099878917053
2.3135405840895475,2.1180578078896493,2.114525242543851
2.2856229071609535,2.0847455287359065,2.081265286449004
2.2072059546448615,2.00290472063867,2.00022560813685
1.889423273998951,1.9611600125258433,1.9590781356307763
2.1013199102082876,1.999900663921637,1.9985011706799942
1.9490517885617376,2.0791983636069764,2.0725386501706144
2.0133516015640316,2.0534469757747926,2.0484557421602516
1.9970491006099134,2.1046913919148698,2.0992392933948505
2.071120519673945,2.147385873885667,2.141315833575657
1.8934171493633123,2.0401740060655187,2.035632166013573
1.8090420156534055,1.9831549385425864,1.9793547955468247
1.9738323347464295,2.051124836417324,2.045902489481061
1.8931622725143273,1.9629369868284687,1.960954829224379
2.2032738238605614,2.1566953933638238,2.151896285517973
1.8801832382383998,1.9726277046798717,1.9692665880057616
2.0160626227730107,2.1011847683246074,2.0980414285243434
1.910726687652438,2.023483279824045,2.019264745196956
2.2007530551221786,1.9756885221466975,1.972699832457025
1.8406541725960586,2.057591723976802,2.0525714784596527
1.9848634995879975,1.9893160774924399,1.9875847868605807
2.1136441245159108,2.0438735683977667,2.041041062569726
2.5630497502463463,2.3058423710769413,2.3015420396570248
2.2117815262810914,2.029260240635805,2.0269499832493763
2.0409836155479386,1.9685273345502667,1.9665435987733115
2.2645382726391534,2.107820941778084,2.106948968148785
2.1037256439384344,2.0333140098494833,2.0276833191845296
1.916837561450902,2.0087798351221964,2.0056430483775434
2.2707192029384853,2.1618073995858103,2.1609264044893113
2.281720491443589,2.066993418504803,2.0622175613808875
1.987351467020976,1.971047090355486,1.9686080872584006
1.9741546990875016,2.05106592464357,2.048091681996839
1.8454625866051324,1.9449277617396217,1.9434802255775105
2.0044273341593972,2.104628746492006,2.100522452403789
2.1407688422466755,2.1556285981225254,2.1443603114811824
2.2009789167554974,1.9906374672783096,1.9878313828548757
1.8326202918206649,1.7828137915773925,1.7900297801501623
1.8696807316926907,1.950967600596427,1.948014582580151
1.8355219000520089,2.0269001351644427,2.022621758470875
1.8557976676689663,1.8044881229336067,1.810750556814344
2.2123287065643384,2.073945918289108,2.071337609426225
1.9518085237841651,1.8405865084572464,1.8442335376589978
2.4403118994077966,2.249752460612542,2.244725063486174
1.8790787269280447,1.9926951422155614,1.9894598543116633
2.21684178242772,2.047708607555463,2.0465983182164944
2.261917832706597,2.215900204638063,2.2062552335484855
1.9284520995321794,1.8060812059985656,1.812043131861853
1.9884712471638957,2.0462020543369515,2.0459979326032336
2.076133642952167,2.1696722351720683,2.1649809437207663
2.2062298235429956,2.0150425876555675,2.011221858218824
2.0991748997144546,2.083744073928832,2.077286033776735
1.8877202579113304,1.975266855850192,1.9721214934371494
1.9924466037527755,2.0480466376394397,2.0422579455997805
1.9905433220947688,2.131333621123877,2.1290904901072443
2.01296106369936,2.05640434894648,2.0544414791918917
2.1703007261605247,2.151466930352403,2.149084961556839
2.0445408104069367,2.043725752927834,2.0392849583580266
1.8724401853309884,1.7949843682358826,1.800638947076585
1.8887702756505145,1.8576270772985384,1.8577552906852723
1.8735887020292417,1.8022732503421415,1.8079508503558546
1.8570653426926036,1.9896397998176043,1.9852854433248863
1.995694740598195,2.009951276698382,2.008409834884263
2.128919867188967,2.063631662372316,2.059598688084499
1.8687998607905572,1.84105160737889,1.8437852921049296
1.9416776060165408,1.9987734333097018,1.9945611409138988
2.0551938160696506,2.1754452950968277,2.170688017986087
1.9613946373039135,1.9983935724775084,1.99737379471489
1.8514467184793375,1.9671251995789534,1.9653279508409076
1.9771888774953958,2.067855294466976,2.0661612620444014
1.9593957305388678,2.0162544064203156,2.014125011650236
2.172298284705069,1.9826789058747403,1.977322312866014
1.8776878993726798,1.9398873786515538,1.9393919559789943
2.05146107936906,2.1087516608957184,2.1056404667632727
1.8609659902737756,1.9807278352494122,1.9775394285528973
2.074962976215836,2.092034723549517,2.089249422708003
2.4539927235043177,1.9984459759890776,1.9925660315412252
1.991643782510705,1.9977556859270147,1.9952472652607356
2.3356249609378255,2.0997776464648137,2.096438379040937
1.970083239832268,2.0502993102757125,2.0459785654619007
1.87921718454754,1.9040024346975502,1.9031438334622766
1.9148243785272543,2.0141234494031233,2.009756276890265
1.9953366635983634,2.0409287056538203,2.038641194895435
2.255321466541445,2.003667850427629,2.002175185347862
1.802789862405576,2.013126147286144,2.008998734152495
1.948959158439791,2.1169918028863304,2.1124933081349986
2.0317859545974555,1.9483313137635574,1.9464475120074733
1.87070263062691,1.9656092897674409,1.96294310802379
2.7155692484630105,2.048966639380981,2.046180460862334
1.955954465820788,2.038379087738502,2.036875655631565
2.163106501097799,2.082593011401319,2.082333482011059
1.9412910516752855,1.976646740108036,1.97390847463639
1.9627721639547615,1.8422737105769933,1.847826508495861
2.16463753389298,2.123005088875954,2.12068502761472
2.100868108163269,2.0063123275316763,2.0046239992923165
1.8317029291478581,1.9051184301616788,1.9050716673985155
2.0678345416894066,1.934776970660728,1.9305691376753313
2.0066653604719944,2.0267912588871653,2.023197945471364
2.0204950439442837,1.9834619926843018,1.9815351237827126
2.26251959169773,2.100060573175923,2.0976981959930265
2.06523391366656,2.0690210907050495,2.0661518692742673
2.284199507866612,2.079423867955827,2.075755013234774
1.9751183620156123,2.057503273967601,2.056561354270306
2.3368494403088422,2.1751925840520476,2.1707375233216517
1.9648188503743969,1.909595454382659,1.9091327946800685
1.9961948780232919,1.9802648621717343,1.9771100630254574
1.952172887701762,2.0624048231182432,2.0593633133068106
2.0315501577571378,2.0918907945264014,2.0863641534359125
2.221123561916691,2.090687367905196,2.0895678399600546
2.285707342801082,2.1000447675641594,2.095179635479071
2.0115876745201957,2.0167670825838475,2.012965429683408
2.3349763971080164,2.082324637597203,2.0774897953329106
2.267219314814582,2.1532596970640236,2.1467572510268385
2.277607140572623,2.0259420758829174,2.0223731758542858
1.883048869977598,1.9582858625819926,1.9541135582646811
2.1374102205906733,2.0277588195562313,2.0210973484624293
1.939345514792052,1.9172526990895857,1.917207386364555
1.8665773138858088,1.9364558954427311,1.9357174377740458
2.0093423025999746,2.0799738838462805,2.073911928604989
2.022796021576519,2.1150700739117054,2.110451093551563
1.9634569854783206,1.9496503161569818,1.9459449410493694
2.2096747091967863,2.0222887429925565,2.018661873705796
2.15521128379052,2.0025391337658807,1.998683970449438
2.0560250022814763,2.073229988290003,2.0701612207448314
1.9872016428901875,2.0833372950160816,2.0819979646574738
2.2167952662428814,2.071253661368089,2.0681851472530757
2.154300831482996,2.0628795748464452,2.059676908011183
2.106981243409773,2.0205886913514486,2.0188857142163155
1.833532558623833,1.9542119498841946,1.9518340032200436
1.8922672055710312,1.997511742672902,1.9939347212298513
2.2794738089458337,2.0559091472549684,2.0509611557617995
1.9624287717398348,2.0549618695896945,2.0515680898872786
1.962256829107719,2.03928780847926,2.035226316693539
1.9608753271464838,2.0718111879961945,2.0706757041083805
1.8826424392185857,2.017693643981683,2.0136901400779146
2.0480865120703022,2.047303531068485,2.045398763309577
1.9672612594003862,2.04261040714256,2.0372803421410284
1.9926649457128534,2.114108567707229,2.1087607736346077
1.89954623107571,1.9006290318452936,1.8989322833564275
2.376819965604108,2.120815020259102,2.114976789474569
1.9518996845774494,1.9908562109209063,1.988868737812275
2.0161266915905602,2.0850835427874297,2.0844397699886428
2.0200565150097636,2.0935346919149245,2.091089261596728
2.0454745670033136,2.0637915117906727,2.061683983432581
2.4136491655917243,2.235484298665105,2.225907294689485
1.8979413395841807,1.9499094908066952,1.9468226679875884
1.9626863774281391,2.034793048453331,2.033599429846567
2.0398016830635446,2.022821493860075,2.016169642921728
2.094855583639294,1.9905044274029646,1.9879912566853646
2.0618950980886352,2.046435072298222,2.044084104617161
2.145786083289421,2.021371016036065,2.0176164051959313
2.2561353583705834,2.0503265989485593,2.0489014867154496
1.9814924789788,1.8820824761778048,1.8821798424196943
2.1042517875145887,2.010388984254509,2.00889922606892
2.0016776921605297,2.0117477829620167,2.007360923386089
2.2142444739430456,2.004573609626193,2.003979486599724
2.3374926560627336,2.1796707081773636,2.1884278251821487
2.088258086863744,1.9643379693111847,1.9622349842526252
1.9537131859963712,1.9716692857334681,1.9712032267911388
2.112794416691457,2.052378353006498,2.0483241964904075
2.0885648527521217,1.9822766527382387,1.9791496943530018
1.9879495372765899,1.9996752596495369,1.9973377681129918
1.9422558602937068,1.9719677386126129,1.971006622820474
1.8586365314247364,1.9617673179837294,1.9595823486923538
2.050716333156257,2.0629314949379154,2.059169319167017
2.056076831436198,2.082439895327918,2.0774247653136086
1.891753630518585,1.9799870190728117,1.9791033996609668
2.021804481691965,2.0202469967551546,2.0160582469241333
2.3098326213787423,2.409419263238963,2.405891517452715
2.103522905800449,1.9977222689415253,1.9941904108746544
2.3785819873368066,2.22397619785777,2.224115577586095
2.2480956784833626,2.073348801606677,2.0704933060628723
2.2222145877583825,2.0109597722795374,2.0076524340637105
1.9409036515920257,2.068245834013022,2.064653822007679
1.911874669108915,1.9808690550301287,1.9779876047518834
1.9437887103248412,1.830688230571977,1.8364691262926507
2.2142444739430456,2.0513662243141795,2.047831872646955
1.9361874231773393,1.9883996304278102,1.98366729657066
2.198328529704097,2.081105025946941,2.079126801265471
2.1977179682425514,2.1522736182963027,2.1457923530464407
1.9826487164635975,2.066573931312047,2.0637469452118555
1.8827780240524046,1.9781454625169892,1.9757805094589118
2.080061744614957,2.1212920458959688,2.121797707858316
1.9820329709631466,2.033033569007185,2.0302918040475086
2.309393195030158,2.2699122423683757,2.2625206494362073
2.028277566790827,2.111968324783154,2.1082270571111383
2.1568336695247163,2.0354244853461734,2.0354014316098765
1.8584800752591795,1.9576900735288445,1.9558657103829495
2.1018934322996436,2.006174290863088,2.00298642796419
1.8913674355531183,1.980188654846896,1.9767690139996303
1.864777889628363,1.821517748704832,1.8241442878787781
1.9978286647259504,2.087703266058483,2.0855873430697325
1.9540736856624763,1.8864590277336792,1.8875896348222945
1.9846356286454183,2.0900347637780223,2.0875187660888463
1.9719675082605694,2.0020159825408728,1.9975008067689553
1.9615674072729101,1.981945266281848,1.978633675257174
2.183347128677014,2.0093139970474856,2.0060162856452375
2.0177212859806306,2.0515759099720894,2.0476814356707083
2.2570232544799635,2.026020780871491,2.024738083168936
1.9147118490904513,2.015961019821523,2.0130946400198844
1.8837241047519169,1.97145840739123,1.9702129100738865
2.002575829404628,2.0258256729948605,2.022108552482215
2.1635880622412387,2.1239104202609065,2.1190740413634175
1.8049732987077647,1.79032699488411,1.795910753214974
1.8499707706997657,1.9597211731751727,1.9580515116699182
1.885467285262823,1.8433006749075442,1.8462569265353554
1.9969780669006982,1.9922962540835414,1.991346521006652
2.2119244063592363,2.0304165023503784,2.0280925051233285
1.858792841391197,1.9112384030422997,1.9104004913444919
1.8586365314247364,1.7657304489308303,1.7739434915593466
1.9312392839202697,2.016283338393894,2.0124646898556864
2.1057817312212137,2.0693806798314656,2.0668742454312836
2.167930650865463,2.11580343906898,2.11476537318834
2.2995149220773055,2.067463541048051,2.064053151132191
2.1069015026529714,2.042337008391651,2.039269579781457
2.171084698226501,2.0564117447351453,2.0553109529042977
1.8557976676689663,2.0201513865225724,2.0127698945932475
2.0706888164438317,2.3188832688668937,2.3130208672669554
1.8775481871229376,1.9257463134885187,1.9249263592965216
1.9601805669063825,2.086382905326447,2.083541046485899
1.91937655631323,2.036949222710532,2.0336369284489657
1.8875885504895784,2.0526645698093002,2.0489262791634197
2.154929166254113,2.0592835149298963,2.0562294743191076
1.8594166250325856,1.9426424807107727,1.9401900542096788
2.1035634701460166,2.100779503903981,2.0991994232654227
2.25629003778728,2.2814296394117353,2.282586997455253
2.0011922610655617,2.021133076536506,2.016431884182143
2.065184505271614,2.1032661324930926,2.102138286452822
2.2825784969228904,2.0606301938066274,2.057722671448259
2.0999200587630846,2.001901694112016,1.9988158366338449
2.048841609636527,2.0488356390522435,2.0436628571597404
1.9400288887523747,1.9692126371246121,1.9669947981169051
1.8815538514640173,1.9884269897037994,1.9861797473899543
1.916615020840959,1.9943349814973377,1.9909994725449378
1.8687998607905572,1.8293611746351126,1.8338970590825578
2.0053122196712767,2.0257182054227734,2.022986489157164
2.13995976605015,2.2940555263045708,2.296488156609396
1.9226337183521198,2.015919530454152,2.0129939527628875
1.8728717944931508,2.0093522759806652,2.0047800065812416
1.7899807092346474,1.9285606397027124,1.9278721620134358
1.9503435752696237,2.0278973754260163,2.0257626767610266
2.386624803358876,2.2140685422893185,2.208936644159972
2.209241152570687,2.011315206401182,2.009604378794141
2.258118430522372,2.0176829110914043,2.0161882596359626
1.884664956530763,1.9772131455625104,1.974482653445997
1.9551508396690807,1.9918819724452217,1.9947545701246816
1.9779001206921123,1.9744034955898506,1.9718139660875371
1.9804066519316925,2.0169141861537345,2.0128070591710494
2.4204771166214454,2.508025297708413,2.5144972356090856
1.8932897583256465,1.9916373484422185,1.9881170877993113
2.0447059255808635,2.1047539232727392,2.1036269539039916
1.9040338022370191,2.041899300977464,2.039153220271908
2.256405974613709,1.9999129018201265,1.9981682809987729
1.961653729933024,2.0668767000162602,2.064618292994961
2.0449258556233643,2.1335760159872192,2.1319679649282013
1.9935357213103675,1.9974639016794675,1.9959365795902677
2.073737911501341,1.928648230928338,1.9227571321066583
1.9312392839202697,2.070489009426869,2.067273423296184
1.8381964623494556,1.9897732936780397,1.9850551780020167
1.967010127202352,2.2099863212840387,2.2036495843221378
2.3058153381255795,2.172861306668449,2.1685439319951167
1.9501596070058147,1.84800497446049,1.8506344847794587
2.3638436438179165,1.9815538232220833,1.975514127027878
1.9819558560679238,2.0238019506823357,2.018791739052607
1.8140391472980224,2.103502390347331,2.0978299894717747
2.1087274318656846,2.1948947188771086,2.1933620593050334
2.0603810473119135,2.144492460166805,2.1403530798661166
1.7974252440166625,1.799048865620215,1.802960037269333
1.993825063043487,2.057221372059154,2.056993126154989
2.1008269836685005,2.002017776700434,2.000182197905065
1.9759972378718995,2.0620421918180614,2.06055896935546
1.7770870156701912,1.990410940199781,1.986143108127726
2.0016776921605297,2.0118751399702313,2.0085220486545676
1.7866111222898167,1.898125735843872,1.8972983931310257
2.1755282375515543,2.045901957606664,2.040587572287306
1.9820329709631466,2.033416857214971,2.0301241703199655
1.889292873813019,2.0342605652749017,2.030031103984943
2.1288127648674444,1.9369215289036679,1.935952372403229
2.099796061915835,2.001523193408693,1.9984456446499852
2.061492519961344,2.078499944138582,2.077258185370875
1.9885456556845744,2.0103493061329525,2.0068479649255733
2.18400139897143,2.154568679480955,2.151338233142153
1.9874263330080848,2.032587654805571,2.027849483418213
2.0182920135248494,2.0072674751115724,2.0031955312933927
1.8071275203413304,1.7918075924160703,1.7972925217322793
1.9995882061272638,2.0750718500032823,2.0692506857254274
2.0283375806820554,2.1092203381407715,2.1079932323490196
1.8569074084480612,2.0361391653623566,2.030800349950072
1.8463067285775647,1.9303400044036856,1.9281497021753577
1.922310721335796,1.9412239785476872,1.9411656248988391
2.284895416243741,2.086860168382538,2.082842580453553
2.2097949828119545,1.9979722796462962,1.994848854112743
1.9981113249372422,2.080116758233983,2.0751003712135874
2.048895430520916,2.0384156591180482,2.03748954708865
2.110771386903084,2.019280906082436,2.015730081691122
1.9665068100069223,1.972304841567741,1.9699975718694294
2.1000439773249764,2.013352230953801,2.00973066610594
1.89954623107571,2.0133502274817565,2.010894437100717
2.044320432813407,2.086524929618809,2.085034011900049
1.9546130744581482,1.9912676490061123,1.9899917697663745
2.0199310314504566,2.0008814054860515,1.998565990706263
1.8902035929029264,1.8383463402412443,1.840420559171644
2.209458042848046,2.0359948497487927,2.0316223688913913
1.9444551880542744,2.0224728816196955,2.0188869601995245
1.9256199440472153,2.0543943302827716,2.0517709003923015
1.9713961131128905,2.0180597266535707,2.0166812621262604
1.8138339848317138,1.778903525650654,1.7860019161798548
1.8807328111645418,1.8509549277320667,1.853340080527555
1.9360878169032154,1.9937444942022398,1.9914021502998422
2.3898102373629775,2.150425984144466,2.1439893361392617
2.001954508391451,2.0081923086994053,2.0049692977157414
1.78878546164945,1.9910373057939694,1.987961363564445
1.9902487449250228,1.987345827408612,1.9853680143195125
2.193054728955894,2.081857910106514,2.0783725409578397
1.9818787084733236,2.1663029087317267,2.1557368187390487
2.0077407883235696,2.066346809933036,2.0614645085802636
2.077807049519476,2.2035171025611744,2.201709407416761
2.1034011625512554,2.192729775456347,2.1908541456986943
1.9843313568630228,2.0169228465602718,2.0138236284397277
2.1553991446683782,2.06228505008609,2.060503448054881
1.9952649643002967,2.0835063080415623,2.082956560039322
1.976395322049647,2.031443293653143,2.0291613247919926
1.9538033791664198,1.971438116864394,1.9693775016790087
1.8595722083208606,1.8022783349265024,1.8087515005545085
2.3321305070130762,2.0995347451076243,2.092821916018157
1.9500675515748265,2.0438846740123084,2.041066638779086
2.014324368881984,2.013007148912599,2.010430555265015
1.9551508396690807,2.0016670431540566,1.999270583370413
1.8867961642539166,1.9445682271384361,1.9430300944166343
1.9824180559752262,2.1753035116860637,2.168812757737905
2.114873589240831,2.166171032107311,2.1576759720159604
1.8771283580504803,1.9597736981798168,1.9578251544994227
2.208782535507751,2.019243586720001,2.017270936218891
2.321323670184875,2.424448600245871,2.4312553412047087
1.7953662916295672,1.7710958480157428,1.7786392272929783
2.0975924280165206,2.0294752346424296,2.0272477959609816
1.9874263330080848,2.0052948520563687,2.002538775303806
2.0271336376675877,2.109388709291323,2.106534956580701
2.21677200430027,2.035090195728084,2.0323969695115274
1.9382662765806407,1.9645483970384263,1.9635089820894498
1.8804582469844027,2.006599738464725,2.0048206605351826
2.0169575851228823,2.0470429389616447,2.0391172651527625
1.817888724761259,1.7970681464807035,1.802096803851513
1.8709934681611533,1.8086831313596254,1.814772706261175
1.9949778866745613,2.0079203214064307,2.006444320007914
1.8986839199054386,2.0587530407685057,2.0556770608960813
1.966002082127574,1.9827943442490732,1.9842408069752766
1.896946216092982,1.9832314787340752,1.9805241963246578
2.205764562964038,2.0056413310644756,2.0025525240029944
1.8911094872288423,2.0063729196193303,2.004744362550289
2.028277566790827,2.0644050042714834,2.0589239168310525
2.2557481738726186,2.3137052544830605,2.3084188066628393
2.2553408806584656,2.0454259927641463,2.039782343400257
2.1070609519260093,2.0286938452382377,2.0253155926421043
1.8865312155972616,2.073661309942177,2.0677199015183136
2.166927570586673,2.073418261328209,2.0698528572445873
1.8138339848317138,1.9503159740930343,1.9482634202994582
2.0735014285251436,2.0760508037716616,2.0712805882234937
1.827604433533037,2.029092995863244,2.0234503514332345
2.2005018108276886,1.9928809541311474,1.9892422315226943
1.8867961642539166,1.9651973351549947,1.9633714633258519
2.2063520889481874,2.019791652130677,2.0160159277734473
2.07748279640894,2.03997861892565,2.0345968827246352
1.9195956011367858,2.0141522109351127,2.0103802109907236
1.8545202928846476,1.794074650414436,1.801372643546173
2.1724998530791844,2.1520977767428775,2.1474213153562727
2.112251787512783,2.035738705221209,2.0316181036972574
1.8446141230062607,1.8224581250187888,1.824912356155476
2.08623008715498,2.0902835218247717,2.088873191427444
1.991350972677556,2.006095588859983,2.004493770130903
2.0053801125311126,2.059277939795845,2.0617868237729944
2.167341199352948,2.203711627529915,2.2017293019688142
1.9853940933701275,2.0561080071530826,2.0550638410250066
2.0931521473351493,2.153116804456542,2.147101834532731
1.839429892784743,2.051975175020337,2.0494698250772787
1.9373783344330038,2.011698633622334,2.009952676173217
2.233816205533892,2.2620407444357435,2.253099683821495
1.9637131222001178,1.9592926362375813,1.9574033820807948
2.1040091268165955,1.9914384950976836,1.9905457858576416
1.8266584766809624,1.804490368016316,1.8095282665196954
2.0120466011254874,2.051180614127654,2.049636229028478
2.0537304690084577,2.0973679892250114,2.093471293753699
2.15915108178126,2.1603693656745575,2.1553555994648894
1.9926649457128534,1.9673379148572068,1.9651496177345487
1.8975688432000846,1.8595494102332082,1.8613444066638225
1.8594166250325856,1.961347265065986,1.9588492405520768
2.3159541895853644,2.169897517905032,2.163352244165698
1.7328891318221196,2.0162391558800454,2.0119455400889605
1.8778274965706836,1.9257063927460454,1.9249158828976212
2.0544112767774543,2.0542748711553145,2.052945467249462
1.9040338022370191,2.003942861773846,1.9993359362504934
2.2118767904590726,1.983148300102342,1.9796747723338375
1.8841279636466353,1.817809918231477,1.8221997473548397
1.9649883606076264,2.0679775844821604,2.060094606327579
1.957991922041991,2.01462089411771,2.0143655214414986
2.0063955235734388,2.016812243234358,2.0132696024594616
1.9923008977447436,2.037214473372596,2.032987725411286
1.8934171493633123,1.997777608413309,1.996121856639272
1.9819558560679238,2.072401072505052,2.0716153823092047
2.2610309548184513,2.1128771975115845,2.110246228002539
2.463417048807099,2.288999868395378,2.2862696817211066
1.8825067462275342,2.0675996341308602,2.064278755940789
2.098218614425365,2.000105572533227,1.9974132492606627
2.2652626443926307,2.2226333886585286,2.215070841683949
2.132352289618738,2.1170268350189194,2.1150748389181575
1.948773753439304,2.009887770946091,2.006965258975629
1.8986839199054386,1.996745565715735,1.9942555343440937
2.0978848972817206,2.0103139427015506,2.0074493281512913
1.9305209145967543,1.8504514676192207,1.8518348820715436
1.9571974169699304,2.01032968316256,2.00771455673547
1.9762361932840058,2.0752224639008534,2.0733633140263903
1.9250904118862278,2.112656071176453,2.107244425977795
1.9203600999535775,2.011371586706274,2.0090780205994982
1.9882478396170922,2.0453474507424065,2.0447204190274864
1.8111429466570916,1.910415811590272,1.9101515945150749
2.0640942909967337,2.0800173960809207,2.079650950212678
1.875438559191093,1.952263390889898,1.951627298868674
2.5355047996802234,2.295818992940052,2.2845381046779787
1.8611201414495913,1.953181120158859,1.9527828202130717
1.8435901957522223,1.9410743059615378,1.9386318787213264
2.1775881822363434,2.083738314981548,2.0825623475864483
1.7866111222898167,1.9273697153046254,1.9266605815573628
2.4734199989756616,2.290621147362483,2.288346640698567
2.174048192702984,2.154126304383779,2.1542102123495956
2.1037256439384344,2.0081062394293205,2.0055727670121772
2.0324915755971036,2.0596054222674516,2.0570191580354025
1.8358810279789703,1.97233760178656,1.9690594733661668
2.1656221214403617,2.0855107196197786,2.082852165641735
2.2441647375834846,2.0441598944711914,2.0398291190571767
1.9740741618165099,2.036793594778952,2.0345091394129713
1.874017391528449,1.93311633384811,1.9315322648433906
2.2747857511781855,2.041754209999069,2.038916900973742
2.0303667142479513,2.0979242527374966,2.0941719102435226
1.8517729364482056,2.0165777710541875,2.014201278306433
1.851283369412311,1.920880207038142,1.9195544509224867
1.9202510906408947,2.0090321509295967,2.005607784349225
1.9441698612787546,2.010426239885217,2.0075526662381917
1.933680231304213,1.9639901916635938,1.9622763268557453
2.2569461909875215,2.037517479441109,2.0374111742229886
1.8895535747652374,1.9666438648818905,1.9647552351038033
2.0950251141506704,1.9989789655981574,1.9951275348985735
1.926674231467893,2.006083299136798,2.003259302994025
1.943406738518311,2.012942641664082,2.009638817587475
2.1468661500906046,2.145107022267814,2.1368056124906394
1.8452932411118295,1.8066065119328554,1.8112567854504684
1.9255141655965513,1.8288215780037576,1.832562983888733
1.9662546229264595,2.1252948072648716,2.1174890178196297
1.8385498132300455,1.9777057935204412,1.9769267528415684
1.9354889954041705,2.0248602204004538,2.021236091331138
2.0192393585970834,2.0883690677449356,2.080027692586532
2.0134166114363135,2.101716596214021,2.098716243998082
2.2062542823342133,2.0142095055682887,2.011410169713756
1.9917900120158625,2.0178498061299015,2.0115456119955923
2.311025296791746,2.189929287651718,2.179334596336927
1.9330731602366815,1.9496337276568267,1.9488588747811217
1.8788014722811086,1.9986597645786768,1.9956864170057935
1.9544334591039667,2.036996872270811,2.0343530466451525
2.1765466782916385,2.0703746127188807,2.0683552190470897
1.954253662967449,2.0356329131233215,2.0340107993527203
2.036728020436553,2.1843380466633944,2.177091803009604
2.1523087639208396,1.9994578886150882,1.9978055094141975
2.0334283037829093,2.1567574024902827,2.1567525090670783
2.199721025934589,1.9797662153737223,1.976962838637756
1.9698360097559333,2.0236628119192384,2.0221878861541684
2.287908064316518,2.179133990791252,2.172862284935249
1.8916249956601714,1.9795519681034413,1.976813278547314
2.124772605607197,2.0893452986209655,2.083460931851269
2.266519893877691,2.1243786007687264,2.124085835852054
2.3095751318954103,2.069170064957696,2.0627298796916005
1.9672612594003862,1.9973205344865976,1.9925546219008972
2.2513832790207413,2.063800645252739,2.058788107460755
2.2208955542485898,2.0999020669998707,2.098057036725207
2.267347910096377,2.1285101513233116,2.1275328511226657
2.209554366619341,2.0295455672250604,2.0268099318461794
1.9238129627286003,2.0095596195709207,2.0084653499851934
2.000566250198417,2.047531689534284,2.0443350047614257
2.053887794404006,2.0812756811626065,2.077925850358238
2.003126362892925,2.0394640240524695,2.037048545380085
1.9237060865831617,2.010295645870514,2.0053970461640476
1.82436559454518,1.9844983479222336,1.9809855641465703
2.0650856503257904,2.0024173222200297,1.9991906460822846
1.9041534820346548,2.0180163813566847,2.014038931508912
1.8176883750567199,1.9500919011303155,1.948138458936182
2.0915200144607753,1.984718820862219,1.9815048601306504
1.9680958479594763,1.9958163842435923,1.9938810716465034
1.9914242190506726,2.0495791898690268,2.046478507929534
2.1594274061762526,2.0399097201656438,2.037254166893178
2.21334789126129,2.02381725327797,2.0209800056587612
2.10971274336455,2.080345443127442,2.0764892516787627
1.9682623029454418,1.8764488842965095,1.8771559493514407
1.9737516538576836,2.042329157159287,2.03663208530225
1.9714778516994627,1.9785525275127318,1.9762736387195337
2.207813735678914,1.9939572155727776,1.9925475869106566
2.212827065092594,2.0321192849068708,2.0305068748036765
2.166720442142758,2.0055034925383093,2.001543798118363
1.9436932944744032,2.0256672980258696,2.023818067491084
2.0103362621373044,2.0964991664683423,2.0913657483260693
1.8446141230062607,2.026764341162539,2.0221458389082585
1.9645642851317469,1.9764805235480907,1.973088216783815
2.021990796777695,1.9247082496575991,1.9255186602367838
1.920686720087783,1.9165915322629017,1.9168099378982872
1.8357015619668426,1.922039191204329,1.9188198233138376
1.9010145019530307,2.002635730943915,1.9995503582078098
1.8049732987077647,1.9673682715004597,1.964639545687406
1.9024703647112466,1.9874238268321787,1.984655243955781
2.1730746744117724,2.2002762862856944,2.1898643043181774
1.884932819451314,2.0676044501164523,2.0624358191313523
2.1528165421661605,2.0205934583226552,2.018097804819807
1.8912385099955897,1.830811306215667,1.834176902047167
2.0696777312479853,1.9341867617861033,1.930102705811116
2.209578440655847,2.004552695605474,2.002080278166432
1.9525365088144917,2.0147791084945967,2.012625256688709
1.9934633144721823,1.9304202978268388,1.9299061751755704
1.9564882170197326,2.006363725175882,2.000540441585662
2.1576709823381455,2.072525913990651,2.069658025675411
2.051354865317685,2.0349949564207455,2.031457519156851
1.9867514313167156,2.010811463124112,2.006150288365391
2.0024379388832774,2.0175994713996137,2.013272806100168
1.9284520995321794,2.038019162661781,2.0361028794909877
2.102994806638166,1.9969198007453586,1.9940988168780778
1.8800455666762157,1.9923158493190056,1.9897041841338217
2.283245415957489,2.029541620255972,2.0250269768902642
1.9407096331697082,2.0053150210750372,2.0029926032547065
1.8991771982191903,1.9792703543326537,1.9772172007472641
1.891882168785556,1.9708158838239698,1.967758768095135
1.988173309685794,2.0320257575119203,2.0250665107445314
2.2160496075553113,2.0428692715977332,2.039600949516276
1.8701194468759068,1.9745887468218488,1.9714221225355475
1.9803288441186329,2.022202705164639,2.018575495870568
2.3474791177653036,2.1447444976881123,2.1340418436011634
2.206205361895272,2.0078061808914858,2.004235023538442
1.9899536926377617,1.974295337416617,1.9722281646065447
2.2078865511278574,2.035562726559314,2.030324507439496
1.9914974361306887,1.9553997310649598,1.9545635197943558
2.6117480274617524,2.509097679955636,2.5219900850250307
1.797879214464118,1.937131973842235,1.9349729210292255
2.258940956219668,2.057566421619419,2.0562697548182256
2.0108642023317405,2.0195079243660814,2.01648890907446
2.1402298196781064,2.0081816849606744,2.0057956522741787
2.33544949211866,2.0283667479460954,2.023094485544101
1.973509395119247,2.0892376696510424,2.0847321306225353
1.9078230283399096,1.9811520958033264,1.9795005250762565
2.103847186615719,2.02146534049405,2.017840228589053
1.9641392073410144,2.040302619011229,2.0391474083955448
1.9858476624337977,2.0678453752217334,2.0658477055888995
1.857223127799561,1.818252381385895,1.8222847495775687
2.0262862518187656,2.122555625592073,2.1203334898870985
2.208661679985667,2.0129084090106537,2.0092040381876997
2.0762736477597867,2.077938241898017,2.071572808995883
1.9837976555761259,2.017182596257355,2.0076924948315336
1.8507923578792034,1.9561114077651762,1.9542083374957406
2.2121861011561794,2.031668349720238,2.0293170936456164
2.149557440508894,2.0731230306730817,2.0705020993590444
2.1731033732726934,2.302676640790965,2.298631861943397
1.7996823427042328,1.9076294974668875,1.9064523478569675
1.9425442812150107,1.849442736220932,1.852897073864129
2.0289964692244156,2.1232616309342838,2.115698416226477
1.7513132211481928,1.9602196062399664,1.9591655799150245
1.860038092450686,1.9502149946654013,1.9488453815223648
2.399900155402932,2.2331642869455277,2.226738858404627
1.7841597647652843,1.7747955963770232,1.7817596181030328
1.9889914716915733,1.9857774066158367,1.9825844545806026
2.4278940479000024,1.9877610743737804,1.9826260074186939
2.171026728908216,2.075302249208775,2.0739478012250285
1.95755096574372,1.8355024669902975,1.83927259610685
1.8589490054475388,1.968122242693694,1.9661966596516258
1.8317029291478581,1.9065849289483903,1.905839302925933
1.9704945390060842,2.057098327209725,2.055185429004648
1.9745568488199465,1.9835718976012287,1.9807933952424972
2.2141973805037978,2.0806788623651506,2.075815655726727
2.6577523457239183,2.0649231147633444,2.0603674127841085
1.9713961131128905,2.1079793683668386,2.106251977952638
1.8302243977009987,1.9236007571969644,1.9219570818675398
1.9980407006113494,1.9936938099044534,1.9917813161751226
2.285724226031381,2.0889525457092173,2.0835423232539743
2.2810833958220758,2.0543653151068453,2.049841033865804
1.7244151883233831,1.6886726838581023,1.7024738875323182
2.030663274843111,2.0941492018581527,2.0917217550493206
2.279334794995653,2.0322671868179896,2.027425957499834
1.8567493247671356,1.925648544586635,1.924844104196934
2.260102449880157,2.0723556579583993,2.0656370503417714
1.844273516984615,1.9327436315817124,1.9313802164957012
1.9005264680487248,2.0361470345971955,2.0324611382109747
1.9136957932319882,2.0194526683151106,2.0159868423596783
1.9741546990875016,1.9707831818902608,1.9674796107133763
2.006597938155912,2.057518308092994,2.0559051030261304
2.010732358157999,2.0543657590079047,2.0510244728569864
2.2350575404852133,2.0768439681189963,2.071590818968295
1.9030733646024407,2.0564961299432554,2.051914340719437
2.1044133952494852,2.019472326837255,2.0181798204218913
2.255709417167635,2.0280706344991613,2.027246924465759
1.8741600468252537,2.0660122727839747,2.06234507498588
1.892138956158829,1.962019931051691,1.958918114934709
1.9625146813622494,2.0502846175214864,2.0493691834735497
2.114067614526208,2.0302980018748724,2.027966805948324
1.9544334591039667,2.025719708954968,2.0238259312440388
2.0095415215274657,2.089328073358528,2.0856212452553056
1.8665773138858088,1.7724826284352873,1.7799748924107561
2.198023472544046,1.9789782706674737,1.975663427348766
2.2641472214774887,2.1051276561408536,2.104696034062961
2.406855413142839,2.0491187594849447,2.047025555298646
1.9342852174717744,2.1004620092869346,2.0987105184555936
2.0334866947125914,2.114483823926503,2.1126028562893713
2.257350467710658,2.260446135523735,2.2611958862013988
1.8890317745385503,1.983542101855214,1.9819755636131644
1.887324830356305,1.98136060442803,1.979316767556833
1.9357886602422054,2.022139578680826,2.0194074174705583
1.855638529489621,1.9328581924382542,1.931896544372655
2.1052998740760485,2.014451892348159,2.01178591384766
2.0675906969544107,2.1339676065528654,2.13220204677405
1.9296963099894269,1.9883287926125275,1.9843417966088759
2.1589974060199424,2.066807372747111,2.0662409815479967
2.1468008556179563,2.1867312484295645,2.173769107290741
1.8180888277669056,1.945857217422708,1.943680803339086
1.9584317951092078,2.0815784045331602,2.078080354681663
2.112135315916787,2.193975769819912,2.1870600797137345
1.8340774975070095,2.0095720546772893,2.0027430488386635
2.2072546420357724,2.003483500524048,2.0011159014386135
2.0095415215274657,1.9785023089403793,1.9778256238859608
2.0028513015425915,2.0572108088075236,2.053872271080748
2.17047520143883,2.165556560574364,2.162178905055863
1.9304180503647834,2.0243688654554224,2.02103716128987
1.8296664933521898,1.9664889419459652,1.9635616081597629
1.9100342338807619,2.0405542037932123,2.036760122051734
1.9420633185193594,2.0267442055768625,2.0230014790378013
1.9543435836576029,2.02847044548794,2.025587514161562
2.208056355562203,2.038628919022942,2.0361083501738797
2.1717790550423306,2.1198793272152168,2.1204882279388513
2.007874778319783,2.0764730796369197,2.0728034463309823
2.216026263149719,2.0333050829642545,2.0301274489670607
2.2846071367999388,2.05947974158012,2.0553436825608644
2.162563383041745,2.1246702910845183,2.1204141289657827
2.0209325446422555,2.0291030401780383,2.026193146272283
1.9908374257663777,2.103529059601452,2.1022648405671935
1.9831857903440633,2.013880997667138,2.0104530361333337
1.9103808064485386,2.006759755345286,2.0034808627418355
2.1503931844462834,2.1178748004712187,2.1140583122669288
2.1491059911678416,2.1082327983689693,2.1040533854387977
2.2669986884021998,2.144587131751037,2.1428162703080944
2.2930950932044984,2.3469056410813476,2.353119515616134
2.402042855837527,2.410072465647771,2.408262815521294
2.0986765500427165,2.3643424758790474,2.360477555222158
2.10971274336455,2.0386687913051134,2.0353283051858932
2.863173750128456,2.461325623439823,2.464709905209855
2.0893078515955006,2.061896876214813,2.0575303581347297
2.0610890940546014,2.010892471055776,2.0052092881333845
2.0563875112425793,2.0804702172906766,2.078728721441315
1.9672612594003862,1.859276138575224,1.8634285885635893
1.9871266846930271,1.9537822875190767,1.9519019810081413
2.2003005974327228,1.982549047165398,1.9793888131566768
1.876707486243666,2.0877131355500853,2.084123849072082
1.8548405545345354,1.9387022235967133,1.9367192899668138
1.8935444457764454,2.009063765452617,2.0067479893048854
2.136312491936389,1.979910651902339,1.9774417926730483
1.9970491006099134,2.0147270794331775,2.0119800157557433
1.938855768645035,2.017533179654264,2.015101677840705
1.9980407006113494,2.041114320934052,2.039024325071396
2.6216318489604684,2.0955825858963606,2.0911981900201577
1.8190856646950753,1.9155539402163106,1.9142865588947253
2.1476480427002653,2.0317514692110517,2.027653716743223
1.939345514792052,2.0214070796930077,2.0190438232998917
1.8156711664692047,1.9097879250706142,1.9097594685692547
1.9091066379890673,1.998546764487715,1.995548370435995
1.993245922202759,1.982894520893753,1.9791068978201132
1.857538251791373,1.9260549540086893,1.9252129177140662
2.3150983492943187,2.1168756910539694,2.113374082063255
2.1596420661976397,2.1120543098955586,2.109400133445259
2.023720836044281,2.0981945400700583,2.096014525772816
1.99590925203726,1.9412166304798228,1.9400976146882352
1.8882460738364122,1.9423513792913933,1.940695728559262
1.874017391528449,1.9407816305751935,1.9387171112630348
1.8912385099955897,2.0881289533727583,2.084322884075317
1.8541994151124541,1.9234442090398058,1.9229603388026688
2.0951944979097292,2.0019388655321397,1.9988448910954069
2.032432874889946,2.1342114272185504,2.132668251333065
2.5943810774969926,2.239085653552852,2.235821975586594
2.1290982436062675,2.1673775760953387,2.1630781387146394
2.116931167659926,2.0857925035865827,2.079870501831825
1.875580021642378,1.838410594942018,1.8415244486979447
1.8734455636058813,2.025283407418685,2.021007201894257
2.008209329511865,1.949956982631991,1.9502989742462198
1.9760769246878658,2.1224588958210826,2.1215305642333093
1.9732668115558583,1.9173844890392222,1.9170285659146415
1.8640224050667609,1.9585777625430798,1.9569817827331009
2.000705547690306,2.020499394000915,2.0181350424864237
2.103492775275668,2.2194275904864926,2.212055938309164
1.9398339083105562,2.007868791419951,2.0052376715427895
2.000217544830301,2.088436189663591,2.0865771349330076
2.249476616724777,2.2138610476478457,2.2071584420955994
2.01060042016221,2.061837778010275,2.0561882610614393
2.166364876046484,2.137524694205287,2.132096502433343
2.2890584194518118,2.1405513327521537,2.133741391853691
1.992737668583135,2.024021224206702,2.019445468896471
1.82378730906437,1.7830735728389213,1.789681064125424
2.0198054634137144,2.117090143689881,2.1125974909240552
1.9377735265164624,2.0254783989321266,2.021437412465209
1.9817243150683006,2.011066719398806,2.007610565403921
1.9556869916194142,2.003299155753835,2.0013751962222943
1.897817263791457,2.015653028325904,2.0084917551242754
1.8871928173113561,2.004879797550496,2.0030981235232983
1.9626863774281391,2.0627036678995827,2.059080170845604
1.8931622725143273,1.9745536975231752,1.971983465129469
2.270972212833972,2.1225505417085015,2.119545982999834
1.9896581636051334,1.9813033921007919,1.978546754874682
1.89594529470564,1.9338486420925223,1.9333854125152867
1.972211839940377,1.8688720787092672,1.8695763806386259
2.3786714133802507,2.1203629671439788,2.112683013109443
2.220164271678308,2.0825169084174293,2.0804465663048606
1.910726687652438,2.06067887234848,2.0579160890714405
1.8752969784063849,1.980235857338189,1.9778729480040007
1.7981057180948983,1.857265808679464,1.8617322296521635
2.026346906665641,2.048864861626673,2.0469462967342085
2.0025068970319886,2.111949830723423,2.1100015894839017
1.8750134609967875,1.824361224245324,1.828678604606771
1.9332757498547672,1.9557361768994252,1.9542755681987383
1.8885083758511905,1.8391575448127764,1.8411942153625516
2.1163997684111155,1.9885387704492314,1.9867868150040908
1.9087575051694379,2.002547778412458,1.9993474006567173
1.917946019644463,1.9584967107790756,1.9527783651470436
1.9235991451149497,2.0227084886192737,2.0187001015637023
1.816884496318449,2.0078728067679896,2.0045119620594942
1.8827780240524046,1.9737496970461053,1.972558911376082
1.9478438193911476,2.024565955526753,2.023058937280705
1.9330731602366815,1.970430488972577,1.969525963158508
1.852423460988736,1.8177634741192576,1.8222516304298852
2.0456388712428106,2.0804912797925224,2.07649423533393
1.8652295548601483,1.932830522298413,1.9317330458085475
2.0521500299975135,2.0143913606273003,2.012907568485991
1.9304180503647834,1.9945036548408286,1.9928186515535167
2.2649657589282803,2.097315732419805,2.097438569658447
2.1095554235947493,2.0458403215255454,2.043446665254664
2.100785850560243,2.0875626451899087,2.083677226560115
1.9380693414375267,1.823021199565871,1.8275764893778792
1.9400288887523747,1.8849298676087878,1.887153039768302
1.8698270969676352,1.9326717350603555,1.9313961929238488
1.9480301955072505,2.050845135397817,2.0481292739266586
2.3112059049868976,2.0611348458061447,2.057226599509226
2.2104192971796386,2.0237537406068826,2.0213304156357834
2.044760932020693,2.116064268803553,2.114235183945326
1.895190755517742,1.9468799602463593,1.9450247627645312
1.8662787440755735,1.9860012654747083,1.9827086599082362
2.2001747404831535,2.1841194925217757,2.1807227217405707
1.9850152554484652,2.0565021412664484,2.048916153951641
1.9518085237841651,1.975269198403804,1.9730891103640213
1.9374772153845639,2.0360840095320336,2.0315113689726716
2.2229614156559,2.0776622912700047,2.073848382478992
1.9801731284853226,1.9883026210980723,1.986148449923212
2.0349406116248483,2.0699477425035706,2.0664285167176035
2.0179751585618226,2.1049589065359045,2.1036215228943944
2.0598736915530735,2.0244672690921273,2.017811317723917
2.0352878875383835,2.100929294467633,2.098164534884658
2.0138710445744277,2.060513222545216,2.056457488404195
2.007673756925478,1.9941458096645475,1.992123156503098
1.865829893091492,1.9750180509530997,1.9720308358546785
1.951626062266984,1.8648716940231413,1.8677781524197883
1.8311500403479957,1.7803497236519354,1.787592047812939
1.9342852174717744,2.0749306019532434,2.0709718871189677
1.8509561894470403,1.927172381688792,1.926434967505136
2.0963340202626406,1.9630222018999708,1.9614326350243854
1.8671728684358895,2.0098126599468746,2.004773523412173
2.1505855595250787,2.121693335692755,2.1201342164850137
2.008142467633307,2.04633163461962,2.044710449420106
2.0155492763421496,2.0759457628885793,2.0705417252915317
2.0355767958920663,2.0635064530700813,2.0604694241139296
2.4300315967492554,2.238869533091479,2.2362147500484317
1.9687607478746192,2.064898010736289,2.0626499268475564
1.9894362029824473,2.091752714496254,2.0878345086191104
2.0665140911261806,2.1392395710983667,2.1372082358858244
1.993680449253055,1.9953052652741279,1.9930622060856558
2.1152180056614664,2.2073956173020273,2.203055498813967
2.0658750687654646,2.1927301403931208,2.1877909617212596
1.9002819315197907,1.9700433220622697,1.9679764731463933
2.042213956800106,2.106752079440162,2.1046235818379304
2.0699189476428157,2.1006670024500784,2.0998057765822598
2.0605836136937246,2.129062551851435,2.1244198063480275
1.9092228593995473,2.044991456161785,2.0441713142519906
2.280028982742945,2.055691899083989,2.0518590345692616
2.0550896627792112,2.0612081758670633,2.059406518205913
1.8808699270175269,1.9703814669384898,1.969146489627723
1.8374874804693202,1.8122740466232423,1.8163259763010893
2.1602541368030512,2.0769390344111134,2.0764157175335343
2.0032637399282662,2.0294792614698256,2.027713194870052
1.9242398157699476,2.0007455358577424,1.9999645681830787
1.9816470691989303,2.0774459075358984,2.076550786194809
2.1663352176131307,2.122455474770051,2.1217385844407435
2.01296106369936,2.037748141811821,2.0350522526930845
2.004359090100413,2.1085239263892768,2.106890319915934
2.017212500268106,2.1025113597049643,2.1011915527583405
1.9482163765385492,2.0277191700882504,2.025965275223497
1.916837561450902,1.9705942171815902,1.9674735688239728
2.991749706847742,2.301339688696303,2.295644983875139
1.7768284684317743,1.8772209291220354,1.8779200250091486
2.098010107790794,2.014219700039541,2.010402701715373
2.000217544830301,2.065632872273783,2.0629355326324874
2.0147120543747725,2.03179864526398,2.0290986482382136
2.0017469352011403,2.010218640259818,2.0085247046603487
2.095109824357384,1.9751732432120446,1.973246083906485
2.1138752313516154,2.01579029963832,2.0149322500868267
2.1609557521806866,2.0438498006028354,2.0438009662868364
1.9811829037834565,1.9216593686483736,1.9173552659486806
1.7851448555353864,1.7714156794957223,1.778963506557846
2.0658258250532158,2.0679276208842112,2.0629880892356622
2.1814820280819647,2.155231232066356,2.1512670430779806
2.0204950439442837,2.035618757366011,2.0317984512344225
2.0159344189106867,2.113537574187619,2.1106989815535546
1.8224299521001548,1.9544425693426777,1.9463346168744744
2.154111951187235,2.145552647478877,2.142401104549917
2.06793199308955,1.9897291307617857,1.9886672313308353
2.298656912754141,2.316926844810903,2.306129222710323
1.8720074704051908,1.8157003578588278,1.8213256892168324
2.1079752914881147,2.038673126444555,2.0349161105555678
2.1323873706201795,2.1885567309625182,2.1825371521320722
2.1407688422466755,2.0353863636576706,2.029989701370601
1.8331682595715342,1.8059688149843829,1.8103523715865606
2.216655656061199,2.0204948386423673,2.0196175863921706
1.8878518637914197,1.956949308164137,1.9552126132472547
2.165770888412181,2.1395600506657138,2.136127861296088
1.9901750264589175,2.0225295138861163,2.0196729805296796
1.9969070057202196,2.0569906459242184,2.057013642207642
2.100868108163269,1.9812462597669467,1.977483444707068
1.9526272984051616,1.9681957593226398,1.966346491388581
1.8768478930439279,1.9729213339772107,1.971801763325773
2.666317542441813,2.8880239815351354,2.9317842111883263
2.02707323704474,2.1075586871313785,2.100378843184687
2.255263213699824,2.1215798277884734,2.1186234631454886
2.2790390965574234,2.0425346423991204,2.0380280746796053
2.119267551079155,2.0946556388916533,2.091376375142442
2.1489445148629076,2.1527959575504103,2.1466373736030286
1.9976163840135626,2.1168848888445666,2.1142368581496105
1.950710942858357,2.0375643354719446,2.03603862946052
2.115026737123369,2.0586293805280826,2.0545658051107365
2.0361532870806833,2.1441101263934867,2.1424817933721854
2.06224666147154,2.094428729942788,2.093046037942786
1.888377275202497,2.016245546964168,2.0118912182028366
2.003675258412179,2.032421984063512,2.02802574523947
1.884664956530763,1.9809234083194003,1.978227287664597
2.5657573257057167,2.0784195131297696,2.0757865147786134
2.0106664008967097,2.0574103175138,2.053210340725189
1.8532330598318136,1.9293267668086325,1.9273750432809016
1.9368830974093347,2.1097635458048116,2.1052423734766723
2.0661210981687512,2.1510103111788683,2.1472528716543664
1.9249843130711528,2.009214535832834,2.0059980779952293
2.2091446848848135,2.0466662472901,2.0439893005740286
2.058803845538328,2.1129966220395966,2.1083547534914393
2.021617980536237,2.0977216675966193,2.097103037627249
2.6211135499613607,2.2432614702699634,2.235820643700243
2.3984059633987624,2.066459896525847,2.062972368542213
2.0232281711332,2.087653937810374,2.0874627171347933
1.9656648090123503,1.8502653550638466,1.8527913832646559
2.3812166911594783,2.0913392294683373,2.0862049753621505
1.9402236545392966,1.8441498189139698,1.847360262107014
1.7892646381293011,1.9037709427593756,1.9026319527748283
2.2104192971796386,2.028813068237242,2.026445446271769
2.18394695549671,2.2048919532923636,2.1969676356284915
2.0458577223607453,2.107261067998349,2.1058218375534032
2.0522558014954604,2.060617810743771,2.0587391658412515
1.9865259084094236,1.996484501883547,1.9933405932183508
1.8752969784063849,2.0033717983949524,1.9996079268698965
1.7916391295606005,1.8982287387809271,1.8976336563589231
2.234694449785207,2.076882367257897,2.073908302688239
1.9828023278916787,2.0817141381396276,2.079948084166935
1.921338133292342,1.9151894712613389,1.9147696824109666
1.8937987553238056,2.0578040469800416,2.0545160267059384
1.777345139910706,2.0087289156329886,2.0046455055734813
1.9775053299044498,2.086572046772334,2.0849497898871316
2.2108743558429444,2.0236989793020235,2.021581261202793
1.933982984051804,1.9420164063682661,1.9428493660155848
1.973670936979615,1.996935715031493,1.9935862446982737
1.982955809805786,1.9838957177213243,1.9816645078770154
1.8979413395841807,1.9215493820450813,1.919233611452574
1.9879495372765899,2.1967696060671607,2.192171064584717
2.158011123960222,2.033466622016848,2.03346937089395
1.9349884197423681,2.021955902954955,2.020918680516532
1.8320704895774966,2.0097639587575826,2.0052512988811984
1.9279310647465593,1.9711429306729817,1.970764767282715
1.8626539060962148,1.787362366323229,1.7954194069374658
2.39368717342272,2.388899073887385,2.3950206048100005
1.95710892054425,2.0520151339473833,2.048977605002881
1.9180564786191234,2.0051199679236023,2.0017853750574535
1.9686777693377926,1.9769149736358562,1.9747073368084789
2.1390795798365914,2.0911904561319345,2.083956660392195
1.9630292780068728,2.0494036816838817,2.0471044132926677
1.969505841947988,2.0620411923165896,2.054825697875843
1.9815697905122889,1.9850764347215288,1.9826351995232745
2.1112010652036775,2.043186060691098,2.041406237780027
1.8761446922902127,1.9421364573020248,1.9400164783170526
1.8601930995254734,1.8116584677838345,1.815586748763291
2.105179225360942,2.0257855058299357,2.022426600779854
1.8562741741043105,1.9175152430334863,1.9174996207539077
2.000983827051609,2.05341056110258,2.050294920214803
1.9199236536380098,1.9985911883944085,1.9955588324858708
1.8980653258909395,1.8252027657424486,1.8287399331060188
2.2347371984715028,1.996318801453564,1.9907299529487337
1.92886781665623,1.9466047605125845,1.9467961004029837
1.8228189223831244,1.8878138453687907,1.8880743771840716
1.9883968083298922,2.000996734528499,1.9990385786687561
1.9837212847405317,2.0450925110522777,2.0388775331829305
2.0875991003953542,1.9651084076112866,1.962452005882371
2.006463019725678,2.0126342284694765,2.00925370016131
1.8073413673815546,2.0310166950707846,2.023896641326629
1.9002819315197907,1.831091964300911,1.8349203344187681
2.0342441327262053,2.0583204338329844,2.0546704370247193
2.1150650056044475,1.9864563941140723,1.9834119162811241
2.1777285226973984,2.0596749730398805,2.0547984970063213
2.005040398451994,2.0380050575227857,2.0342458510574595
1.8496409957909377,1.9539361354193532,1.9524561636844098
2.2116385489919486,2.0715806992967547,2.067462573938117
2.1746471867214807,2.149787084213214,2.1466564137835604
2.1069015026529714,2.0204220138886497,2.0173763342757782
1.889813878680163,1.9805695286784426,1.976605559094173
1.9273037738544128,1.9009357230515185,1.9002283161718707
2.0046319151349175,1.963183396324374,1.9556847756726272
1.8743025818794647,1.9802636569753436,1.9780648166129522
2.1115129728748845,2.0257457767759974,2.0228420472311637
1.78539017561749,1.935049611046162,1.9341186435133015
1.8698270969676352,1.9685946160987007,1.9664929585735829
1.8871928173113561,1.964157062822567,1.9623384045711938
2.0219287123992573,2.070351432095679,2.068328400001575
2.2096987694341146,2.020585150160619,2.0180327368266
1.9859231477380983,1.991528800167406,1.989016494973273
2.063147731911725,2.1455146758146695,2.1405781737791423
1.8671728684358895,1.9744372908535233,1.9712858725074098
2.0379863019289544,2.1179150142964502,2.118423446743123
2.236609701165758,1.995853614822873,1.9908920950228852
1.997899370527838,2.0235377277535407,2.023187066158591
1.9571974169699304,2.026686847850467,2.0229093483194407
1.9343858468649295,2.01597487833568,2.0128345186725274
2.2114954743511426,2.0213532526381304,2.019640638631202
1.965157711270419,1.8587799890561953,1.8630113165346573
1.878106346612845,2.004990717688835,2.001660325815432
2.2624068892199443,2.429437241028413,2.429453024232407
1.9361874231773393,2.06502631824171,2.061626985018208
2.204090895561495,2.156117029852952,2.152574704616577
2.1579802254848905,2.039018272517952,2.036142507683764
2.109987751760844,2.040473720370864,2.0367234584027116
2.039406056991951,2.036824714707862,2.0321627088828937
2.0011922610655617,2.039465452108126,2.0368281504661434
1.9197050205105697,2.0798616778751797,2.0736387492086084
1.9363864672100495,2.070761325441925,2.067656332138469
1.9923008977447436,1.9988185896071888,1.9962917419693316
1.9312392839202697,2.006557568672338,2.0043334316656396
1.8541994151124541,1.8187903105476473,1.8220438558308931
2.0644914493590103,1.9998833812083396,1.9960719956419037
2.2725737912640014,2.287329596898379,2.284769924395228
2.122279106639364,2.1200710531025186,2.1136470462815504
1.9721304327386275,2.0454276659710326,2.0432675853200766
2.0280974097939986,2.0167486665496064,2.0133501481634917
1.939345514792052,2.081736787749538,2.0792135255842297
1.922526118972164,2.016241677906767,2.0138850042672503
2.0903519944947138,2.104705160619748,2.101284087090182
1.9515347614418483,2.025876664107099,2.024658439438401
1.8435901957522223,1.959900663553028,1.9579588088934998
1.9591333529199169,2.0607403036234344,2.058463501060234
2.06043170900456,2.0007122337536902,1.9984689494777461
2.2070598245690265,2.027358686056712,2.0229211424297198
2.0571104712078503,2.0527151838994637,2.0506333789717615
2.2220785170577364,2.229973309341643,2.2295182235600786
1.9359881543675983,1.9958358959080575,1.9933753940818288
2.1367591681226474,2.086607520235978,2.0865215108015147
2.2105870651166377,2.022763231883182,2.02110525360338
1.9566657807279784,1.8819478174985893,1.8819356952982105
1.9059387980072775,1.8416150959576765,1.844322724918582
1.8635674774301734,1.9670503305489593,1.9657351579974658
2.2811178808697945,2.0208399501159153,2.016750815095409
1.8724401853309884,1.8109680830762418,1.816990378165872
2.4029005218465436,2.220332208916928,2.218553305430881
2.088038672300604,1.9838449495306687,1.9808475670003975
2.006867480052158,2.0691121506011663,2.0642209027225573
1.9919361248439071,1.856050280954512,1.8575299651179837
2.1758399631550374,2.1602748227740296,2.1572073856053557
2.155618096323788,2.0189532550807274,2.017334268222019
1.8222351184229266,2.0306651319492857,2.025023859244813
2.012373712325876,2.0457951748716696,2.0439507543254174
2.072742730063763,2.111830077429897,2.101859723611087
2.102669116266554,2.0078779352635423,2.006517568054453
2.0690491507711815,2.1282565860879403,2.1263434795396656
2.1076577409158856,2.0238878029078524,2.020667691360775
2.183538171606447,2.0811939888991913,2.0755801647183345
1.981801528149934,2.0457767269208715,2.0446960110852075
1.8578527827957356,1.9239272427256886,1.922100325551762
2.2924410783024776,2.089139772193843,2.08530289374441
2.2093616748439597,2.0138233852050176,2.011955370673586
2.4817345202509595,2.129330186119431,2.1262958872234723
1.9761565764810283,2.078494423706154,2.07674018387643
2.0709287709480564,1.9410474488162974,1.9394430578843593
1.9608753271464838,1.8922961939300424,1.8938650185082926
1.973509395119247,2.0690717425496206,2.065762693960062
2.0276161431292192,2.0821086965137927,2.0780020391476346
2.038498644611081,2.066974840333794,2.063508045754232
1.9019864420974004,1.9569674127546295,1.9550934423857078
1.9863754048202957,2.0083381928274124,2.001635821950064
1.9810279183327557,1.9587712483735922,1.9573991167345515
2.084180729634785,2.0312460374812575,2.030114284849051
2.2790390965574234,2.1854521770935613,2.177526295889495
1.9021075501456215,1.9979395868447507,1.9968328167978395
1.99590925203726,1.9896635330665826,1.98564327098169
2.1176500830278986,2.078587616952559,2.0762320774032093
2.0974251065644394,2.0136565397066217,2.0107729650428556
1.8322539616269937,1.9465419548800573,1.94452137650064
2.024334847360946,2.042514303397608,2.036356462414793
1.9377735265164624,2.0007343097143497,1.9994039730545672
2.2749099530945376,2.156532204647237,2.15416962727135
1.9423520527727507,2.016546146202278,2.0130618147178048
2.1579802254848905,2.0776459258414377,2.0760940786688518
2.072837730654157,2.085182971106576,2.0833316418222423
1.965580391891896,2.044664602773937,2.04066394806096
1.9275131201411893,2.0000778566375734,1.9981660408699429
2.1378203271245204,2.1291652603950872,2.126171869789451
2.1840558281083133,2.116068743656904,2.1128276977114155
1.8680622671315885,1.8131196135068013,1.8177540557956555
1.8970709221394353,1.9944804376538303,1.9905345573691102
1.8333505100588083,2.0250577026917744,2.020568423475
2.2005520838836397,2.011465072397693,2.006527255670929
1.8879833682955223,1.9515454401065955,1.949959513982067
1.9110718804079698,1.9973944442228748,1.9955639508307113
1.9163921954511833,2.0143435336100763,2.0105977709776255
1.8373097574459343,1.913762335970786,1.9091597372722076
1.8180888277669056,1.9526203622950709,1.949725427185311
1.8451237223815458,1.8182220847890964,1.8214910307218708
1.8570653426926036,2.0557775876976208,2.0527567855143642
1.8084063708020164,1.9422275539801226,1.93993265586698
2.0066653604719944,2.0450353855000025,2.0391493192944634
1.8483153127986656,1.9770335624071553,1.9747956350893738
1.8481488560425539,2.0015979485316486,1.9980121461555118
2.25487445866726,2.0920880367650474,2.090168876204701
2.130731882241502,2.1028176419620963,2.1015467856983987
1.9800952206044755,2.077817474944741,2.07363998445267
1.9397363374372567,2.012430728278862,2.0096924520303703
2.103319958504717,1.9993377298214385,1.9956984894958723
2.2570617759101173,2.056656517491852,2.0542912702100846
2.2623693086868326,2.0792007610086474,2.0783627542855783
1.9732668115558583,2.021045653376111,2.020585276675015
2.2608039341347967,2.124360662355726,2.120969386770503
2.011522020806965,2.0278810316675515,2.024715664363138
1.939931425394661,1.9510970953328175,1.9510623013610386
2.1006212319156443,2.0430308786593767,2.0405263745785565
2.0139358729434114,2.137342699657234,2.1327100001894865
1.9934633144721823,2.0827296530433066,2.0802004377889625
1.8790787269280447,1.9796543756020704,1.9765781656262362
2.0017469352011403,1.9850407625269433,1.9813482042729946
1.9392476740267495,2.0233124836116576,2.020452129529995
2.363187154374286,2.2104004576743943,2.200496241509133
1.96925781903108,1.8785828401369686,1.8776331615290611
2.149911445628384,1.9871053018353988,1.9861709886846435
2.0887836759721727,2.018590755257431,2.014603750772627
2.207522220707035,2.1444479951717073,2.139424826476897
2.1313675178518006,1.9780792862320091,1.9737940519328339
1.9567544965364654,1.9936486676520297,1.9926110440958893
1.9533519569913715,2.119285893887168,2.1147814255272923
1.8984367492599206,1.9641038284758285,1.962080702172234
1.9198143713139824,2.0071372592403383,2.0038434338231705
1.8931622725143273,1.8163085743100666,1.820573603537325
1.8148572100719904,1.9636263888254204,1.959707170529474
2.1178011023124195,1.9895726025779605,1.9889371791603034
1.9006486062239132,2.0507969088352858,2.0487292724829627
2.1687823516708598,2.0399279815202367,2.039504170328303
1.891882168785556,1.9634271960233922,1.9621167368785528
1.9312392839202697,1.9786219695200193,1.9760291040250864
2.2108743558429444,2.014581692952206,2.0115659054454804
2.262275328805105,2.0815017499811765,2.07665261165836
2.1834836059353417,2.1057879293690824,2.1022385363317806
1.9812603470008958,2.101359687628042,2.0965595477605934
2.102669116266554,2.0205732911344327,2.0181442015519764
1.988173309685794,2.037247511085765,2.037221221002571
1.9953366635983634,2.0048487477944796,2.003487012783819
2.029414560300144,2.0048743048791553,2.0033812237275943
2.0954905671751876,2.1151445531642676,2.1119166688028628
2.2032986305717217,1.974941487566398,1.9731124399021076
1.9010145019530307,1.9925837385167178,1.9900280480193464
2.075385233524237,2.2355540052129066,2.2343138548042543
1.9024703647112466,1.9722439777934184,1.970055123785067
2.103847186615719,2.017098881813282,2.015045382159344
1.8216492161732063,1.8198481545002192,1.822945859969371
1.8315188397923161,1.8027765938162055,1.8075758497505676
2.0063280027710224,2.0533247230371154,2.04884148791255
1.792579109952226,1.76026184053673,1.768955821391684
1.8662787440755735,1.9196846087598973,1.919042875671785
1.945213824238031,2.04568226302784,2.0442728474999727
1.9755183796647144,2.0663662414173083,2.0606736170410924
2.1295612786716758,2.1812107948336585,2.170663411415254
1.8530714544919618,1.9158820422676126,1.916211363374229
1.945308426192824,2.0148214616044973,2.0114994875059833
2.2278740594240434,2.283215158818249,2.280304499359038
2.1969522420741785,2.169005493929729,2.1686141354490935
2.028457550881184,2.049891165001002,2.0488407061274345
1.9111867921725012,1.8629607022725732,1.8634422365195467
1.8228189223831244,1.9503455118460533,1.9477620178136026
2.045200409826567,2.1039535398485567,2.09919294901205
2.1669571432498893,2.0728448008535585,2.068868377117661
1.9086409709958305,2.053218002869504,2.04827140631398
2.107100794102561,1.985194018466364,1.983071544317395
2.308359398977241,2.026769569251638,2.0241982824909988
1.8635674774301734,1.9705565445892903,1.9660060987943808
2.105861926270822,2.0283346734090277,2.026258995549049
2.1065822166656107,2.012375965633603,2.0101108805093832
2.0427149812057124,2.071419621910215,2.0682182492957444
2.480021866528119,2.7117247719926847,2.7395272539336832
2.012634986832339,1.9879702537085533,1.9860732348028929
2.161472789444815,2.1035470783181642,2.1024670965526995
1.93668461297559,2.0169921450712938,2.015458203629161
2.384552945761414,2.0400198997894745,2.032568938454713
1.8826424392185857,1.9955704572177837,1.9930977533930294
1.8474813550944904,1.9185396364016036,1.917640340823032
1.875580021642378,1.8243093712935359,1.8291173443747795
2.0207451699216077,2.084261834983689,2.081617514182525
1.9609619832808587,2.044117849511921,2.04248768504394
1.8569074084480612,1.9170828622677503,1.9124454958251809
2.6467254600595256,2.229136900668115,2.2252821778623266
2.20391784386238,1.9948494768597116,1.9920342144722092
2.0063280027710224,2.0652210867153,2.0626563622326297
1.8257070160200382,2.0530690020728137,2.049929023351448
2.1684890617926595,2.1254661339957472,2.1167510341857314
2.2139617550964936,1.9857862486747124,1.9844858696814844
2.206596405874485,1.9874154562957802,1.9855089942272648
1.7525270700450153,1.5669711268401325,1.6035736704779109
2.115026737123369,2.0513216257876103,2.0491951163748525
2.2119005997576826,2.0543069089817445,2.053409519434361
2.161958217857389,1.9375166215318478,1.9363896523442978
1.8546805005682931,1.9309785710136094,1.9290769828947916
2.2077894582415416,2.013640856597057,2.0101220579017474
2.1485240723000727,2.207204676605221,2.202106852261642
2.0216801682869225,2.012294973613551,2.0090679061027954
2.3158068647847307,2.133399917145793,2.12950017060488
2.214738319918095,2.0694796101211073,2.0667646289452986
1.9263586105991544,2.0732934606950337,2.0683765269752143
2.0898306217781286,2.0144924908482733,2.0125731697964553
2.1048571335928883,2.1777624694140996,2.1748209670602883
2.2438168137300623,2.031469528812779,2.025712445679038
2.214667841389856,2.0338936022498726,2.030790874197224
2.2430987150909596,2.03614019559205,2.0291844844679643
1.9807951921692237,2.055122265731706,2.0540345993221116
1.9400288887523747,1.959959283045839,1.9589103851016776
1.8094643929685281,1.7770861129174846,1.7843614196964648
2.2160496075553113,2.069234704447744,2.0667623943690594
1.9828790850235078,1.96786247920769,1.963951277144289
2.1027098570772367,2.0251602107357543,2.023152362099662
2.108964355527706,1.9991452922607318,1.9967453701001086
1.8355219000520089,1.800742314673995,1.8058792285487226
1.9626005499111483,2.0110236573450875,2.0098300006642686
1.9436932944744032,1.9928467639562342,1.9902331928546584
1.977347172712792,2.0147357362416125,2.0135979564653406
1.9406125441475286,2.007380099932528,2.00418342989565
2.2662062638568305,2.0962147989821522,2.094811830253878
2.005447980451877,2.000759866799025,1.99929832781149
2.110849579747322,2.0189902595625813,2.016706175167954
2.0816563319572774,2.1368672937491113,2.1367654688711495
1.861581746009703,2.0068428710878,2.0022985394409933
2.2942024841200204,2.142054005043103,2.1390127805809263
2.0309593679205404,2.0532065775028467,2.051398777928297
1.8758625923811914,1.8315174916176018,1.8347965876634715
2.275388356190023,2.0212333904933724,2.0186913573405216
1.9764748340773166,1.9859584070790084,1.983414124238616
1.9231707243186915,2.069037957203352,2.0651111812909813
2.0826519771035508,2.1208348334347664,2.1161175596937354
2.454349913306301,2.264510566362235,2.2568389214602598
1.9369822560028251,2.0398476932429634,2.0368161376068326
2.268062978837431,2.084454733145267,2.079360630214239
2.0838221039550846,2.1965000885379844,2.1953337901354515
2.6727532782374084,2.204135982826543,2.199454833231722
2.1517041207370773,2.0090794496990263,2.0045304746956205
2.009475139019742,2.023607706577903,2.021531763922486
2.5592315012605913,2.437582565047172,2.439176824791605
2.0902217818944933,2.1856401277463844,2.18195087851297
2.2612766253524255,2.0838169349458457,2.083116632357755
1.851283369412311,1.7940002393378744,1.8003789869697084
1.8640224050667609,1.9879263074220614,1.9848142994258038
2.2751227062445287,2.1005394749947084,2.098175366248078
1.9871266846930271,2.015547861793707,2.0123057486271043
2.200099189865714,1.9855678056606418,1.9823475293339263
1.857223127799561,1.821735344040619,1.8253780693907768
2.1505855595250787,2.0269333019005247,2.0242989946487624
1.9928830277948788,2.1072948201735624,2.1046943030347802
1.967762476169585,1.9367392646380512,1.9332507034012174
2.0969642345307613,2.004927680643307,2.0014319177464848
1.9327688380954715,2.047147328235183,2.0436846417744254
1.9548821593640904,2.0101620173139803,2.0050813073086533
1.9633715253868336,2.0484995521489697,2.044980777311392
1.8342587430962194,1.9591592340227322,1.9571153751764512
1.9645642851317469,2.0667232425688717,2.06316842233835
1.8629589828704174,1.8051846238047367,1.811568820496995
1.960354509430747,2.072142811087169,2.0695533125119034
2.6333557539411787,2.4430297297668244,2.4451686070198373
1.9364859051028005,2.0131791616163848,2.01065168838831
1.8774083596204445,1.9590749289358516,1.9564793575467134
1.836418255107767,1.953973884193098,1.951893828415042
1.9529899955127514,2.124999385416843,2.1199512313966835
2.0012616867045336,2.1295619464236855,2.129050103092064
2.0352878875383835,2.158566100310075,2.1577904447199385
2.275830388515428,2.0449209290273354,2.0406088409076726
1.9538935268016662,2.0136163095343997,2.009744345231685
1.9215547322839615,2.007636599111333,2.0038574667982982
2.2626322355436757,2.107556355554248,2.106176011076084
1.9067656755811733,1.9763965534969006,1.973990776585938
2.132106550388155,1.9406502018626028,1.9405433185959375
1.9922280012570828,1.9809947731322899,1.9783279884324796
1.9877254903902557,2.1001011799774614,2.0982093286134345
1.978844129077816,1.9969021648370064,1.9935024214964407
2.200526948869141,2.2329592372575844,2.2282108131812537
2.275547591016705,2.00196464218094,1.9982143565080803
1.9124458246042662,2.0576893448096016,2.052817769815324
1.8583234726046736,1.9560113302767514,1.952240577900667
2.52326043073583,2.2290539875398574,2.2227593901581093
2.2369695468882216,2.162347651898998,2.15631324413027
1.8728717944931508,1.9644701767889081,1.9624351814276504
2.101729739593592,2.014496872386382,2.011886226342173
1.9198143713139824,2.0147769114611354,2.0117887536664623
1.8309653292731491,2.0094926437204164,2.005603264780044
2.6047212572744054,2.878149330142823,2.9189684216829384
2.0909585069655314,2.0101922562604524,2.005540339698608
1.8823709448963455,1.9616731176780777,1.9612934749689965
1.8948122381103851,2.040872495713916,2.034850141768553
2.430847267065763,2.349642512706758,2.3517173629944566
1.892907015972455,2.020191947020912,2.017429343417665
1.9709868645110662,1.9776286156337637,1.9752463116610186
2.011259173332938,1.9988473108746603,1.9965532198701181
2.2067916544765196,2.0215529736258775,2.017688205143329
1.8441029509004139,1.9769573060219263,1.9738817988782578
1.8021290083641266,1.7774914980078806,1.7843442548690098
1.8662787440755735,1.9582737773965182,1.9568647222379822
1.9296963099894269,1.8867753601105501,1.8874745212529018
1.9538935268016662,2.141049388187211,2.1322155606704998
1.8964464846062596,2.1205254875338237,2.1166131304019276
2.188284436508116,2.017113324651763,2.0132481029308287
1.8631113134854376,1.9303318693811349,1.9283721696383407
1.871138699145419,1.8190531183560312,1.822603235847522
1.8371318425282204,1.9262097362201096,1.924525261663507
1.6912374733322553,1.4321414145331195,1.4833504908541824
2.1685477533853135,2.1409221110840013,2.1390342322514635
1.8378423525821188,1.9128473504342178,1.9113370459267531
1.8570653426926036,1.9678664108056485,1.9654429025353495
2.1422437567625283,2.1682800690727175,2.166874864421328
2.2817892557268196,2.0219660634777816,2.018057348901556
1.9925194133220119,2.0455733434682135,2.040793398887946
2.217399177492369,2.046514112348157,2.0436906513615707
2.278742997611393,2.0356214775222443,2.0312479189503945
1.9647340353191964,1.9621341960692076,1.9603529745168813
1.948773753439304,1.9056536020719723,1.9055445366721568
2.086318701735012,2.0275148093312594,2.0231820020483324
2.208395552466123,1.9941804930099263,1.9919699663255277
1.9758377590408487,2.1135365086118267,2.1105335427402716
1.9192669306805579,1.9887854203961353,1.986241886856794
1.9964800604766388,2.0467016696941736,2.0418179213483794
1.9055832076049204,1.888171656872162,1.8870964777401653
1.851283369412311,1.7940821006295824,1.8008311585675654
2.268044673119389,2.1534584181519048,2.1518145230527157
1.9475638884837179,2.054242615217855,2.0515815726362474
2.1620188152390116,2.1077678692528155,2.104791884948008
2.1556806106189166,2.192673959089199,2.1881804301777743
1.8468111586894818,1.785637471460196,1.7926734924302594
2.2780796752702552,2.0205146622549908,2.0186624139839764
1.9454029777672504,2.067319754199192,2.064113026475929
2.0041542064452296,2.004440976284043,2.0010907736830195
2.214126720579521,2.044056561203257,2.040342854290246
2.000844739918521,2.048265005691132,2.0458014028907994
1.982110053188364,2.0410636607906625,2.037766568942296
1.9561325599387454,2.038649049736464,2.0390077687806616
1.896946216092982,1.987636024657475,1.9840467221584648
2.0387259068582244,1.9840879031692162,1.9801636309538098
2.129240830207165,2.1053093204950457,2.1028972561097903
1.9027118176988145,1.9998816303561684,1.9978392523976893
2.2345019744606653,2.0140999304247402,2.0074388370266636
1.823594091013267,1.8131282703152358,1.8192676644426777
1.885733890937857,2.082293907013694,2.078158971362521
1.8064842722146701,1.784433827325481,1.7907987864458055
2.2581567570629484,2.1682777228052315,2.161313801704059
1.9072364080646769,2.0150494651460593,2.0127889645937445
1.9499754485416574,1.9122390144961305,1.9111438030027363
2.246927979568502,2.145012885100145,2.140833468279966
1.8562741741043105,1.9448831672627729,1.9441275225041887
2.212471215297847,2.2746080230668486,2.269911404668143
2.240555824036903,2.0906746166826085,2.0878094721184244
1.9779001206921123,2.0354776205342895,2.0336071026146736
1.8988073721540832,1.9769608594663295,1.9740017286091578
1.864777889628363,1.932357511218441,1.931910928427186
1.8434189237851273,1.9566661073268792,1.9540206862222407
1.8484816028724191,1.944938997682515,1.9435713315250558
2.051514164177607,2.0834440285602582,2.0756560863700093
1.8562741741043105,2.0239001236192053,2.0200412030521586
2.045200409826567,2.044872660642714,2.041782087641575
2.1067419243068444,1.985591293006112,1.984121186973434
2.8382421399584667,2.4491362952096924,2.4521313887903244
2.0974251065644394,2.0118362427430068,2.00900946930928
2.133890071662618,2.066242811146112,2.062739086136729
2.0985933685221676,2.008760463116372,2.0051686035993255
2.5192145879436776,2.0921621170843636,2.0870447583171385
1.8953167426466169,2.0145108882409684,2.012797130949049
2.066415918208398,2.172011828342015,2.1714944656529487
1.8230130601601022,1.9993512307150088,1.9955693564729677
2.260330207697612,2.0713043996246343,2.070123076571787
2.3184002620116715,2.1151159249599774,2.1117066639056983
2.042102437671964,2.052858854398188,2.048171228613256
2.0942185325882368,2.1000371200065597,2.09906015823806
2.021990796777695,2.031041416782461,2.028163907629568
2.0906121592764504,1.9460142867683978,1.9391878826945885
1.7507027091440874,1.9296177214171444,1.9273035913435659
1.8895535747652374,1.9724101989021827,1.970810988141507
1.9976871714910303,2.038350554917227,2.0338013814454636
1.926884330153313,2.0067691300255928,2.003186892332563
2.2634938974016765,2.0777170119018544,2.0720665387752346
2.0852081079300535,1.9679276802842771,1.965454295156103
2.16860642815923,2.165455318124215,2.1607947860181596
2.086761170427235,1.9852472199851274,1.9835381036414854
1.9081740484834993,1.854360208929013,1.85705388189265
1.9596577246195275,1.8493981611335901,1.8523821733491812
2.24646316134013,2.1720702352433094,2.1680231015404177
1.8576955912692843,1.9231728874542176,1.9233556893213826
2.1133355617739564,2.076309160722268,2.073180014397095
2.1748180076656425,2.1386429635695374,2.1333147592544894
1.991277696986475,2.1178366479221116,2.1146469653266617
1.9092228593995473,2.011604799276066,2.007358316877165
1.8499707706997657,1.9766906756475444,1.973901175078776
1.9010145019530307,2.009520613620554,2.0046742753275306
1.9458749819195567,2.0185863441715886,2.015535001846544
1.9964088063646321,2.0023017513827304,2.00000365906959
1.8874567413600714,1.993038992862098,1.9913493897642867
1.971068788439287,2.0601724070419554,2.055435094176078
1.857223127799561,2.029939100540309,2.024632524340502
2.0600260395421612,2.0186476924661436,2.012044410947587
2.10845066096702,2.1063632869086724,2.098836782501549
1.7839125331842678,1.8666383680866454,1.867031219131464
1.921338133292342,2.0531699476387035,2.050223248260386
2.030840986691632,2.0457993284559852,2.0426092516797434
1.9241332000723559,2.014146985081643,2.010307999308571
1.9368830974093347,2.082613609353154,2.076818466033324
1.9360878169032154,1.9751906435052753,1.9731217271410109
1.8387262051621174,2.026462232264557,2.0219190920909487
1.9518085237841651,2.042131477498932,2.038343553084105
1.9861494164174922,2.0918293261135865,2.08769008009628
1.8966965320893303,1.9861875649446352,1.9831211365737444
1.7752682192220122,1.897512396680897,1.89658346432067
1.9030733646024407,2.0190996293063423,2.015975898879462
1.9416776060165408,1.8526668903464572,1.8560774317572442
1.8950646758149428,2.010725528389258,2.0082329333039635
2.138841947015416,2.037513210291904,2.035319538561668
1.917281791408354,1.9838293040387198,1.9816355778736918
1.8635674774301734,1.9887725175906337,1.9860749416224661
2.209963250176337,2.0240627614586635,2.020387749589468
2.073596056480652,2.0740166828042144,2.074140931750285
1.838902408658702,1.9979411801085782,1.9935295509238466
1.9846356286454183,2.0899723456917645,2.0874874488874116
1.9517173163642028,1.978045124553221,1.9741498519534062
2.0423254102430857,1.9805580273603212,1.9789380572383646
2.153386277125392,2.050518739471245,2.048621527548998
1.9404182061715365,1.9666269482372072,1.9646006969535188
2.208589133234604,2.0027696090935625,2.0003835208805163
1.9811829037834565,2.0049699918742494,2.001467522142504
1.8315188397923161,1.7863362761924733,1.793163482114819
2.1760720334131736,2.1285838578775853,2.1240410219183987
2.01296106369936,2.0731355779078315,2.0685229257234408
2.1140291528419866,2.0636255390076625,2.061072494524344
1.8597276471309088,2.0148454881207356,2.0115803494759246
2.278202017615206,2.0267704000189086,2.0219882617321536
2.2468068196977953,2.0437746352325483,2.0385241257644977
2.0946434637179916,2.0787213136239475,2.07344633354898
2.294802706985098,2.175595417646927,2.1725023169109483
1.9896581636051334,1.9844817420361858,1.9836186251198362
2.080837896123361,2.1187778424458683,2.1146435418766765
2.1557118605542276,2.1279887129444375,2.1253842752428667
2.126261100129409,2.1088094646703928,2.0965801156143464
1.8132169340530089,1.9592289678828492,1.9562964824133027
1.9586952013405594,2.0344955990436726,2.0327466949753505
2.008609994428595,2.044045642035844,2.0422319824375523
2.212803360500262,2.025266241701476,2.021839426785042
1.8761446922902127,1.945853467357073,1.943485220712481
1.9608753271464838,2.046859392325287,2.0429913459765143
1.9978286647259504,2.025465182740339,2.022839687979986
1.9735901840781698,2.039392224962947,2.0380099027297383
2.059924487692295,2.066479159949518,2.0654522409232365
1.9470027010291853,2.086390800189331,2.082711699372004
2.206156430027469,2.0694080546226723,2.0611190654304568
2.208250249541421,2.0046387614407943,2.0031665639870386
2.2229162283459445,2.1066724334596327,2.1024345315805038
2.1152180056614664,2.166536831081651,2.166028920903286
2.1715767769928433,2.125990437112957,2.126993804388623
2.102138715989829,2.008604766534203,2.0058241573299562
1.8546805005682931,1.969407575497187,1.9663102503021368
1.8592608969814264,1.9285169988168795,1.9281792769519548
1.9377735265164624,2.025478913814607,2.021437877690814
2.114451821070705,2.042046383981707,2.0387740729183608
2.002644736021621,2.0217659869399145,2.0196114935729805
1.9480301955072505,2.036121292731345,2.0334268804224083
2.016574556694502,2.067454732784362,2.062850268941751
2.0158061266377607,1.9948630777783574,1.9932876685970626
2.0001477244490324,2.129575611755294,2.127175524184412
1.8991771982191903,1.8741657353166776,1.875172953197278
2.275211292177808,2.05216107571957,2.04639932174321
1.8381964623494556,1.9159160317362955,1.9144539847071802
2.1000439773249764,2.076261297555697,2.0715889104658975
1.9313416689555134,1.8326184630506281,1.8384545663007255
1.8805955845500582,1.8268393093754245,1.8308169447323714
1.9885456556845744,1.9871368933732874,1.983606025652704
2.2600454729210857,2.072855195031736,2.0644032993752726
2.1750455483083058,2.1082302151491157,2.104653794971051
1.892907015972455,1.9753222888532027,1.9721993646008018
1.9006486062239132,1.8257155501973386,1.829611903224929
1.9078230283399096,1.963271068520668,1.9610766725674385
2.000008004208694,2.0806505998629325,2.075775877240243
1.9435023086298213,2.010200535118856,2.0072570763859874
2.0684185109680393,1.98323294288437,1.9824188074270008
1.9715595533243166,2.087422065695615,2.079944516295687
1.9735901840781698,1.993148427968065,1.9901275633393483
2.0884772546221715,1.9731557776216333,1.9716491407890944
1.9211212654018044,2.010991187494873,2.0074913776718755
1.8839934504283318,1.9932564161202697,1.989846355111732
1.925302416886912,2.003742664139973,2.000598698051509
1.8313345436897417,1.9026150603912846,1.9027691983847177
2.154740869917089,2.036909221014519,2.03685688492432
1.8420423273735027,1.976824749279902,1.974542869163296
1.9361874231773393,1.9663871944282771,1.9642031367603234
2.195180313070724,1.9939780697807956,1.992163688979399
2.294137497213751,2.0400603977682654,2.037011064940005
2.111707665569926,2.1066440207159958,2.0985920918623377
2.0199937837822546,2.0152014180501414,2.0111973166222197
2.318021191534825,2.1224249834703883,2.1181249549646415
2.0320802852738433,1.9352627543607153,1.9337058165792476
1.7974252440166625,1.8820754292187731,1.882781565796448
1.894938503394009,2.0182962823293717,2.0150716692493957
1.8136285622684993,2.0155596668991556,2.012835117958901
1.9969070057202196,2.061346619311611,2.0560783667282583
2.226123051834451,2.1496750059982204,2.147060750912818
1.959308314006671,2.0700852292247345,2.0668954628245837
1.916948725204204,1.9778432663806627,1.9756886624621348
1.9401262984463927,2.0153572433389475,2.0137166908678186
1.8752969784063849,1.9447708095413152,1.9440756089559836
2.0423254102430857,2.079106992830458,2.0745043959803184
2.039519177585981,1.9623574356202491,1.9627804832703108
2.082064258844823,2.05856225692096,2.054712003795554
1.9291789598331026,1.9610655156492027,1.9609581735639634
1.9503435752696237,2.0575870825744773,2.054173433053693
1.9119890506461483,2.0617353435897376,2.0579694970752507
2.0640942909967337,2.049788113564001,2.0496090519147203
1.8878518637914197,1.9590089346035309,1.9560115813340295
1.881143827195224,2.1777549457351864,2.170184151687088
2.3097569201044656,2.2036982852440175,2.195082403353236
2.1549605320081646,2.0630864735918486,2.0612367731534134
1.8012436198907702,1.9016336663676883,1.9007661905200157
1.9313416689555134,1.9628102329666253,1.9615201900799981
2.0039490951562655,2.0085115637886592,2.005977403988607
1.8239802986229599,2.0617881703112335,2.0569373234125066
2.311806876692909,2.0979287717181885,2.0941122830239527
1.884664956530763,1.824110739496397,1.8280507825018852
2.022919594878572,2.10041495323385,2.0993504618273082
1.9499754485416574,2.0291270921677906,2.027297980056421
1.8396053467812865,2.0674556982959227,2.0616929975289846
1.871718376505667,1.975684898607437,1.9736611425715194
2.0940483013010294,1.9931905953833888,1.990471347181375
2.000287338747363,1.9323943654208564,1.932501124101932
2.20644984991471,2.2210174448113045,2.216198761236157
1.9771888774953958,2.026803236399211,2.021826511443869
1.7739561051106465,1.9994090087036263,1.9963525486353944
1.996622485834462,2.0208942385157114,2.0173277136196894
1.988322339156369,2.0016185325622784,1.9994943341940639
1.999868177855722,2.1332372294410336,2.129674849794671
1.9067656755811733,2.0563704261498583,2.0508395422976182
2.50491910616384,2.1550688581715702,2.1497593918793085
2.1571441875254678,2.01861773370199,2.016601092399964
1.9813377572527813,2.00757679579324,2.004068600804735
1.8687998607905572,1.80834967445286,1.8128359804594538
1.8608116971436326,1.9598981884542843,1.9576213067709443
1.9448349114751315,2.048490348837586,2.0448621238886497
2.0288170017479703,2.0833335209342843,2.078650560309746
2.0376439657573293,2.1591512965017685,2.157832053519272
2.1657411436785377,2.1226116566020536,2.1170388886189504
2.1106931631062147,2.029749707519934,2.0269809113655324
2.8073329989737568,2.9831178955945163,3.0634243671374364
1.974315666203852,2.001286392328958,1.9996436719354467
1.8586365314247364,1.9682832416223361,1.9661831671675696
2.2959176982086245,2.0056662362889117,2.003541893899726
1.8867961642539166,1.8505999433344786,1.8524682115614315
2.0230430865233395,2.0585453685773416,2.0584542758224327
2.769710030078541,2.225840710468851,2.221384673000082
2.1163617567816053,2.05355838624006,2.0500457114446164
1.937576041005297,2.018794831781362,2.0164004645631137
1.921771063082156,2.0741979612429224,2.0701232668221596
2.1686357592423615,2.1138188545804777,2.110821000786518
1.9604414174688256,2.0134731764042746,2.0114173963297666
1.8493105653207214,1.7919989673703245,1.7993734457060073
1.8731589225702523,1.9644847497827942,1.962243006274213
2.20391784386238,2.0526438249282566,2.050053798287268
2.114451821070705,2.1084357503913167,2.1043297939083274
2.209337575926505,2.009241507569625,2.006152547621211
2.2752644264741293,2.098711857491598,2.0919805614764426
1.912901400073856,2.024653558030421,2.0219948618928
1.852261067955069,1.9347911270098548,1.9331087554912645
2.2009538330809666,2.0180688711210477,2.0106283989277127
2.4086313084371147,2.2431494465200403,2.2349852306760134
1.8096751681479941,1.909323354927498,1.9074949429808354
2.1197913387470426,2.534943201445616,2.5717185502761692
2.21644606723159,2.053095570939674,2.0510361156082024
1.8525856958338567,2.007196016064816,2.003998592962078
2.0307817680886315,2.14114579939908,2.135769798807173
2.04558411897921,1.926347309056437,1.9221071806861145
1.8805955845500582,1.9747982927043175,1.9684610578159534
2.080929004155786,2.119146045499575,2.1150184870945403
2.153196543222718,2.0477392384507587,2.046844939256801
2.103482333088575,2.04058002833432,2.037936839758347
2.03260892206744,2.049109767182263,2.046097951883702
1.8594166250325856,1.9255313044925373,1.9239757630644334
2.008142467633307,2.04146121907488,2.039157189663868
1.9320567004199383,1.9756059223180686,1.9730474018866224
1.8815538514640173,1.9881005543037518,1.9864540159754935
1.8975688432000846,2.0140441980965167,2.0116660698824207
1.9556869916194142,2.0101217358590455,2.0088714142460695
1.8733023038588814,1.973798149176165,1.9726855761749582
2.058548235890784,2.000150670844723,1.998022097770526
1.9605282834152016,2.0408483181419608,2.037912562941888
2.2045845416554326,2.1991220210839426,2.195416136422795
1.948495283246742,2.047717102919613,2.0447037123233294
1.8430758471463164,1.9006478265188584,1.9036982142734935
2.103968654259257,2.009206152568193,2.0066232619105877
1.8826424392185857,1.7826998163716155,1.7904755371747427
1.8775481871229376,2.0008233271403983,1.9973722565148662
2.2554185196512018,2.0363492629727107,2.0341371563590314
1.9122175878536711,1.9897784942680752,1.986528170601023
2.2670722554544063,2.06698396449206,2.065949184118714
2.1585048624806698,2.1496780201894037,2.147746691024598
1.964394374574351,2.117992421965072,2.1137023594170485
2.0240894846885125,2.1094846854162403,2.108467952799964
1.8899438821484598,1.9902797373995946,1.9878676199043905
1.9040338022370191,2.0096259134924006,2.007559091489019
1.9382662765806407,2.0012604025239153,1.9999041773550177
2.1683422591617996,2.102121236362532,2.0986760899358154
1.9058203491398098,1.9894537809069788,1.986591075482774
1.8629589828704174,1.8884231023534839,1.8886695250520753
1.8909803670974865,2.052653032570545,2.0503476502943294
1.8771283580504803,2.0031340181102046,1.999126877108203
2.248196045420016,2.1724391593489147,2.172020916755135
2.0873348802769267,1.9607139708010954,1.9590645705731826
2.0912178649837343,2.175045045584459,2.1685572623826905
1.8843966717324823,1.9941848121819405,1.9915655198467723
1.80583844668711,1.9566839633685305,1.954916979899616
1.9015011572278442,2.0045688067526255,2.0028785280023644
2.3327052991436403,2.084459881207572,2.0806772263410847
2.2202787015959338,2.224708486679815,2.221366624105579
1.994186099354076,2.0227805998829846,2.019970764087425
1.9280353955294989,2.057063911255453,2.0542615136254834
2.124918314701026,2.000497955716237,1.9983703272443698
2.282527111270624,2.0298929153834586,2.026112338322542
1.8374874804693202,1.973421339271637,1.9698857622616655
2.1018934322996436,2.0139358964227725,2.010343673636199
2.273860886809079,2.0140075924438197,2.009597255204522
2.148491694339753,2.0771212540441146,2.0738311663336266
1.929489552740077,1.840966292593376,1.8449617195018355
1.975917516000464,2.0559722729430776,2.050731123699694
1.7613404429239816,1.9843303033223791,1.9788960709222039
2.213796660182045,2.055498959724959,2.052407081929885
2.2756006434756153,2.007983310493175,2.0038371902029968
2.0580359891663957,2.1594888385422535,2.1599830665763933
1.9606151073130667,1.9779393897989965,1.9763064201533571
1.9632004831818133,2.028444604230805,2.025369904143699
2.048464435997998,2.052058933545597,2.0484100112879227
2.1554617263696354,2.141425042918327,2.135316724977931
1.930315125898769,1.9850327561984302,1.9830748619886251
1.9711506752279293,2.029932333921856,2.0264651917001677
2.0297721842215033,2.090616944799512,2.0887858886673927
2.0900480297857293,2.0887964863009434,2.0868077167506467
1.996622485834462,2.00527758914259,2.002497024637922
2.0735487483010884,1.9468597690255058,1.9422039823296808
2.278655833296873,2.0420970969690515,2.037580926824071
1.9600935323333752,2.044633405921737,2.0410950565537838
1.982955809805786,2.0583626864445232,2.0540189340580093
1.9621707960144827,2.0482934701867443,2.0449593390226837
2.11022316886001,1.960956452977967,1.9589675220650378
2.2028765156537276,1.9970198142028874,1.9938498361727448
1.889423273998951,1.990629566579256,1.9870116256375137
1.9602675592577086,2.069614826289241,2.0670275631106407
2.0055836415538475,2.061500896054471,2.059379844054755
1.9238129627286003,2.030170597173193,2.0283634907751895
2.0960813656390336,2.0030339396856123,2.0014169743852976
2.135243312694631,2.051515813373105,2.048496682365148
2.43771783191412,2.140482215055964,2.1370839414289224
2.2739678023954175,2.025247514616636,2.0205381037292067
2.218763210146763,2.0265360237878793,2.02205722187379
2.5260692165613805,2.07686346638272,2.0728711300679925
2.003126362892925,2.018565888889105,2.015585253057405
1.9284520995321794,1.9865512270285435,1.9852288662011852
2.2159328596514403,2.0597316833545616,2.0574093086130008
2.2073276519216165,1.9924106911808586,1.9908237939386733
2.03741539607227,2.1119101354484213,2.109171443747268
2.3653642405916884,2.041555495397696,2.038907317817674
2.058599385161381,2.110438059900478,2.1070529356547447
2.2169580279989876,2.1540345475673597,2.1484217862674346
1.9274084782288035,1.9827685797821586,1.979320770785486
2.2598364288471453,2.053649199508713,2.053209189304686
2.1028727359565322,1.9690660887240345,1.9667261569616454
1.9884712471638957,2.089252841484381,2.087849789524903
2.0077407883235696,1.9886985441511915,1.9854594506493641
1.9022285731798334,1.9749930228938237,1.9735626126498644
1.9198143713139824,1.9968638844697213,1.9961247757111926
1.9993779475100237,2.0132033180362554,2.0105929813510035
1.850135413177993,1.9197836350568844,1.9190295835380389
2.027254380540214,2.1266109336166497,2.1245995892618166
2.217723645406272,2.0491013283074717,2.045981089671382
1.952354790908088,2.134468206944548,2.1322045275923034
2.1609862024688047,2.0830224879873738,2.0824703246890683
1.8984367492599206,1.9915070398285193,1.9896983920840707
1.910611470555657,1.8026751777144046,1.8095976287182776
1.8396053467812865,1.9654796872854443,1.9638270725262754
1.8879833682955223,1.9755684850774302,1.9726536347194394
1.9804844264493515,1.981957189578312,1.9797389601206175
2.3441512849841186,2.313290359582397,2.313312547070769
1.9008926230463827,2.013393390127539,2.00974622572976
2.167075391169081,2.1120862800236937,2.1110142776733825
2.5421503582602445,2.6124783729147167,2.63480527353797
2.214691336854463,2.230072490600169,2.228986075443662
1.904631373391143,1.9724005177986883,1.9697516642164343
2.2085407547900933,2.0384427951546273,2.0338093390592182
2.1104974680254083,2.019241468831474,2.016427357655784
1.8626539060962148,1.9390497207807318,1.938323314901143
1.9947622833480012,1.9840125999738585,1.9833537035760238
2.0792824728447856,2.2807473797784636,2.2760624933418874
1.9466275893467406,2.0164326053700954,2.014871936063867
1.929489552740077,1.7961735924140971,1.8033815506813347
2.2004263785338636,1.9768309367839116,1.9746385432646507
1.9264638807077188,1.9967104267085827,1.9944043839724697
2.266372359740452,2.13029383887704,2.128923904981111
1.9779001206921123,1.9176172069183002,1.9165524842517914
2.1320362837540934,2.059754743556988,2.0551963751214926
2.041207910085751,1.9940806192797857,1.989424284896657
2.02797720889615,2.0320634520034346,2.029756619800488
2.3431746679372916,2.104396305322259,2.0960539678487815
2.3062311204116406,2.074007661759427,2.070878909918389
1.862042082877632,1.9416855237897992,1.9398468598739922
2.282852350355987,2.0517150655277625,2.0473042744253904
1.9222029229061564,2.0570924674595297,2.0521730922957606
1.970083239832268,2.0662361897719213,2.064389672863688
1.850299892794875,1.8306637101688337,1.8318320906009706
2.086893715140464,2.138260785971096,2.1380448882087775
2.2119005997576826,2.0630411017518906,2.0586253737256666
1.930315125898769,2.1191843799115033,2.1152243868323737
2.0735487483010884,2.2084942160938286,2.1984138589684252
2.3212805313434766,2.139054866742502,2.1323561222828036
2.08618576472813,2.0199634193695095,2.013670766690846
2.2655776405170625,2.0812042805758155,2.0752704295269853
2.207035459646512,1.9823856086634546,1.980091365054832
2.2109461171629814,2.0444058713981565,2.042333454203698
2.093323160354691,1.999356077946071,1.9967126606995738
1.995049698192536,2.0158130717024645,2.0140500756800486
1.8130107269943654,1.925821744913826,1.9253242701732933
2.093365890241169,2.0008249824809576,1.9975806048291695
1.9308291466342093,1.9823272483080485,1.9803005620225878
1.8516099073805856,1.9398215573551314,1.9386571559912422
2.0779920934199527,2.1689280932733097,2.1613980909281865
2.0143890393148247,1.9334485654308324,1.9277342579766517
1.9909108778891644,2.0147537947813734,2.0135578099146114
1.8774083596204445,1.9636970395858941,1.9614151891696845
1.8041034767873496,1.9591256624556919,1.9552807198738895
2.153954416558038,2.0653809178619777,2.0635308754579365
1.9726995148310293,2.0276642608633764,2.025325362542272
1.8545202928846476,1.9511403122486701,1.9505119498356276
2.0219287123992573,2.1237116705904038,2.118122373999065
2.147680556013597,2.112530865048159,2.110156827646374
2.278812704044538,2.0267932268387137,2.0219272089556983
2.015227713851634,2.070852082603292,2.0684221663883107
2.0254350145723508,2.035945959688135,2.03288245150384
2.0978848972817206,1.9888413665058502,1.9867921434826346
1.7974252440166625,1.7866871264337858,1.7930962693172416
2.2252085677218663,2.2708834194746053,2.271551355768245
1.9280353955294989,1.9952070427302517,1.9930464484261234
1.9684286043934858,2.0451749938526036,2.0434591419700796
2.1121741474035205,2.0330707146338467,2.029966394244535
1.9203600999535775,2.0373792116992995,2.036097044706271
1.8148572100719904,1.7849119991687883,1.7909844439965976
2.2650028918474976,2.12468899258938,2.121795390922586
1.9654114387656199,1.9852973828466858,1.9819452177371124
1.8801832382383998,1.9753590179080642,1.9738536406472087
2.020432460026343,2.107639145059618,2.106028520944366
2.0825616746403557,2.10088280682101,2.094084790531173
1.943884074872118,1.9997662781883878,1.9974207417328467
2.2802541201941664,2.0231001929309578,2.0190924820698686
2.1875633463620874,2.042514119239139,2.0381754666772527
1.8671728684358895,1.987433310172514,1.9836109016732868
1.825133469466536,1.943896050760935,1.941624750846128
1.8986839199054386,2.188998257786104,2.184972844471093
2.20112935555532,1.9731151074186017,1.9707038887007498
2.126043964324956,2.0831379986476373,2.0789602595167707
1.9465336875808337,2.068660118808979,2.0657288458853875
2.1197913387470426,2.186485124881308,2.182336478010367
2.0301291281051475,2.0091659818013214,2.006342388037283
2.225944925544413,2.03833457013926,2.0342508023382195
2.208661679985667,2.008949401407023,2.0073181945535783
2.0720287305461094,2.1266700636722033,2.124581148996101
2.06675930424817,2.038934253102268,2.036284216769235
1.9171708400872673,2.0491126541387845,2.044545570754097
2.004495553004982,1.9175385795731985,1.9141481450655449
2.200627470773161,2.129556843028274,2.125880533772072
1.953171068007988,2.090098944793985,2.0874995037627033
1.9351888205562195,2.101890607265788,2.0988375426006343
2.2090964344045663,1.9698889763400604,1.967533428701087
2.0354035040500547,2.1402103248146034,2.138666792347403
2.0839566661579103,2.0688849267653238,2.062170231865419
1.7831685167905356,1.9775954284698007,1.9726863442868439
1.8895535747652374,1.9673180529652894,1.9656558757149387
1.9291789598331026,1.9877023321484546,1.98601495606869
2.1192300847802703,2.022224660172678,2.0180899749525203
1.974315666203852,2.0617848727883596,2.0567866396284193
1.862042082877632,1.9296124240756796,1.929441683349646
2.009142869187742,2.13442995716513,2.1256658401300776
2.391529540643656,1.9728104493130079,1.9689330906375542
1.9362869732572356,1.984753513142573,1.9829598609006016
1.966422786883987,2.016122092409353,2.012144190493843
1.8041034767873496,1.8153711947524402,1.8182015605060475
2.1249547253395025,2.10726066300559,2.104254410137429
1.9327688380954715,2.0335792538595996,2.0306811965123903
1.7981057180948983,1.9423513512091508,1.9399516670899275
1.9728617812701703,1.9381566813343687,1.9365057181773846
1.9513520194047533,2.0176064199829122,2.0145975014965978
1.906293658423047,2.071007184929198,2.065894678251651
2.108569324600947,2.1738727759623604,2.1702139582239734
1.9712325249126699,2.0235066395447467,2.0188889261446743
2.099465020128402,1.9903840473265961,1.989204394588267
2.2023788160676516,2.164753940066186,2.1602542593967895
1.850299892794875,1.7849444808031691,1.7907765578433827
1.9499754485416574,1.9720975877717386,1.970913376839042
2.1213173955315128,2.1337039300644025,2.130818034955255
1.8115598761216063,1.933639759483544,1.931824376142095
2.0136764236257023,2.0488529629395322,2.0467073336310744
2.000705547690306,1.938796953185071,1.9378866953193397
1.964054071062658,2.063847672823855,2.060681443627472
2.0251300608058833,2.129022477624688,2.1279521005463846
1.8567493247671356,1.928653694652661,1.9279069651778555
1.8514467184793375,1.94298879677736,1.9436810507544968
1.8559566542944963,1.8076297279752458,1.8131668826409495
2.0121120695078245,2.0719890786321455,2.0711950249207853
2.086761170427235,2.0245716823197135,2.022132562929183
1.9861494164174922,1.9363884606614312,1.9302810375133563
2.4019316340395944,2.239782756998925,2.2326429560542183
1.8953167426466169,1.837002571197426,1.8410438156062296
1.875580021642378,1.9787831289812932,1.9773733704080718
2.0042908208082566,2.125769967886651,2.120052072909976
1.8741600468252537,1.9750710478468856,1.972796136096501
1.9242398157699476,2.0109121285900136,2.0088306306275974
2.4584918080642373,2.1953987477670887,2.185385718977804
2.0793283992120783,2.032917644972502,2.0262610124954823
1.899669066381454,2.0293168672118647,2.024210837054424
1.89954623107571,1.9862471712067482,1.9836220855508797
2.0320802852738433,2.05843628558354,2.056466554738965
2.263960758363058,2.105233723534684,2.098211600689185
1.7897423764959761,2.0061978298078778,2.001449446662168
2.009142869187742,2.078899298379828,2.0738682202129803
1.9632004831818133,1.972831303537494,1.971197990116437
1.8761446922902127,1.8198116741333978,1.82357592592995
1.9275131201411893,2.0184073528045134,2.0145170010722415
2.1069015026529714,2.0550677983464967,2.0513331676502675
1.967010127202352,1.9750485222899379,1.9720825228205454
2.3780783205861966,2.2397020223535904,2.238033633619019
1.860038092450686,1.8043424911791441,1.8092434432999678
1.904750639877578,1.9716296969530973,1.9699530801404936
1.995694740598195,2.036993662355011,2.0338409780729236
1.9856965980440413,2.158681315622401,2.1553717166402584
1.850299892794875,1.8077924431341814,1.812447032587019
1.9109568924711922,2.0616669078658556,2.0597979956349017
2.2172831749872417,2.0357316000483303,2.0307446128503925
1.8311500403479957,1.953043018960388,1.9508657346298222
1.8520985164059152,1.8928727668330134,1.8928621739959444
2.1383658371454723,2.1033661754105184,2.1001985256206464
1.865829893091492,1.9619439960739546,1.9607702409707857
1.947189960416123,2.0735494884736725,2.0702636519749458
2.6111967804382172,2.628599692550597,2.618700929943906
1.8483153127986656,1.8021832204562873,1.8083117386939218
2.1630763657666385,2.1530606815825797,2.1496980226335833
1.8170858392906188,1.8638514921097566,1.8631350131334417
1.925302416886912,1.9824855804591575,1.9782073623088117
1.8994233080353724,1.97167778993545,1.9693586168036488
1.867321428291827,1.8335158483741396,1.8368519259715712
1.968926590504883,2.0608722505757937,2.0587294810779273
1.9850152554484652,2.0615985979023654,2.05878689619914
2.4364713470050994,2.124462236224355,2.1186987865483298
1.9807951921692237,2.0554520032094783,2.05038208972357
1.8709934681611533,1.9412949501967875,1.939821341243103
2.105098751799307,2.0491703325422512,2.044301711652394
1.9606151073130667,2.0406134224876085,2.0349886417337935
1.8538779187028003,1.9137145161208675,1.9139949368207931
1.959570435801317,1.9009432415059058,1.9014750857127258
2.0088100022020265,2.0432284270288465,2.0407479210276436
2.211972011473774,2.0558255300679744,2.0532921417459282
2.0062604572993283,2.0027790338418128,2.001219458822241
1.9413877693959578,1.9824012783099694,1.9810337262598958
2.0633473960419852,2.0524660243351254,2.0494022230208215
2.1524040692538984,2.0002497211885517,1.9990637046216482
2.2119005997576826,2.051556556155236,2.049117911439403
1.895190755517742,1.872879994439217,1.871527827063081
2.0321978886314156,2.187066663689193,2.179720918770466
2.2643149012283885,2.0764934262699786,2.070859846747489
1.946063432899492,2.0291980323186625,2.0253564400464037
2.214714829697003,2.0365615928372347,2.0324430330943137
1.9214464663563566,1.7900671607025285,1.7971129043347158
1.9853940933701275,2.0992664449153984,2.094847065985847
1.8578527827957356,1.8156165783768277,1.8208221299422203
2.1517359890701653,2.040759008093165,2.0393381684928946
1.9031937120483535,2.008772557205733,2.0073468948829487
1.9731049082654595,2.0701007494373465,2.064683671510484
2.084180729634785,2.0012767230886745,1.9976557128167816
2.168459709686106,2.1235557131527005,2.123235976442727
1.9042730789274493,2.00936792067434,2.0057086144530136
2.2071572559404937,2.0020888111690045,1.999302219971983
1.9779001206921123,2.0670975311044453,2.063868381014878
2.3189240702267435,2.212276306818418,2.2166547638607885
1.9051079460193505,2.0205480534216145,2.014794782038099
1.9486809784541408,2.044049380729997,2.039003223760357
2.091044997935148,2.1468976456838718,2.1397082226190354
2.111044926610637,1.9417534361711535,1.941180408260804
1.8390784241454528,2.0334111847759813,2.0284381585473095
2.107816580105859,2.010601400466294,2.0073397184134327
2.043214682931584,2.0530863060436793,2.0495370705894835
2.1040900469673205,2.0092607525791912,2.0078224637488615
2.155992893886869,2.087027633426615,2.083016310922642
2.1109277416649186,2.0292599217352434,2.0256665316715363
2.2156056208838835,2.0311725821316555,2.02800921309827
1.823594091013267,1.9734550459964253,1.9698632675954597
1.9436932944744032,2.0357539074634428,2.0326615823315968
2.0715512581625397,2.1255200500963594,2.1228343311524194
1.8778274965706836,2.0490781164762204,2.0442797401263038
2.21480877485891,2.130776275719094,2.121578810999864
2.114835283765462,2.0351680930753657,2.0328039643347293
1.9444551880542744,2.0303254761095273,2.029167806013093
1.932362255174355,2.0019811507798533,2.000409361782367
1.9242398157699476,1.971722461538859,1.9699286285107922
1.988322339156369,1.9993214808103819,1.9971208337607451
1.9745568488199465,2.0464074100777756,2.0451440146616853
1.8586365314247364,1.9802080908205504,1.9773637716882964
1.9239197736357574,2.0161012899904143,2.013048305554191
1.9214464663563566,1.9858127483300079,1.983179952183642
1.8730154195214057,1.984553512976347,1.982526440788146
2.08693787666496,1.9748987525415755,1.9727572956892203
1.983262386016687,2.085285672938001,2.0815829193248434
1.959832174849296,1.967839652541438,1.9664292998908453
1.914373823195863,2.072423708465064,2.0675246162532046
1.8292934992138181,1.9340930026300207,1.9318135161138854
2.0028513015425915,2.040790430578539,2.043281291731681
2.2557287963907258,2.0196926664960673,2.0171588359046297
2.04558411897921,2.126206848708917,2.1213760694708186
2.3439562976482486,2.1587517575056085,2.1495101673063752
1.9308291466342093,1.9129098757180873,1.9133625443043107
1.804321373373433,2.0120194766976485,2.0057439743881766
2.1746756667403395,2.1946672272827743,2.1895251696591376
1.9600935323333752,1.9979721412716283,1.9909811583111385
1.863719256992666,2.016691714293999,2.013429101708464
1.852747772816345,1.972776234712125,1.9697177668894112
1.8309653292731491,2.0060786696919526,2.00381732960544
1.9354889954041705,2.098738958461542,2.0975509874869456
1.937279398084922,2.0131513619792303,2.0104577202959213
2.292506567217876,2.139612148053281,2.1339483163586603
2.2812557667543447,2.0682610021667966,2.0652469143092897
2.0244574081062763,2.052897508876248,2.0531069638954698
2.208734201654276,2.0125287443657265,2.0103509937183115
1.8758625923811914,1.9924765352494374,1.987951983368768
1.9800952206044755,2.0315966971312003,2.0277181167804237
2.109987751760844,2.0451686945966863,2.0411034382825757
2.2347585695981182,2.090911781703316,2.090514398475643
2.159948331406188,2.082915427365522,2.081723784002225
2.2061074867251285,2.018397176039107,2.0148646781509556
1.9889914716915733,2.090319864224402,2.088930362724459
1.89954623107571,1.8344300386081076,1.8370058726228073
2.209433954995535,2.0385404568965377,2.035469712700907
2.132106550388155,2.1428603789223866,2.140954738106768
1.8664280952320929,1.9714895603837221,1.9705739499926254
2.037815211480127,1.960112939827329,1.957042976150094
1.8946858798191717,2.0009751148016144,1.9973233919052698
2.0014698068170413,1.9979927854339041,1.9922205599186729
2.1761512169842567,2.0898287708671535,2.0876875061308127
2.220827103942395,2.1661289189079707,2.1601166505086082
2.0175306541990445,2.105947764119951,2.1033947067333516
2.080792326051847,1.9598247378572746,1.958328995279603
1.9525365088144917,2.126254117003474,2.121867389046041
2.089612971155718,2.116839638875944,2.110573491109711
2.063646503061573,2.0208618558841196,2.0185911386461615
1.9589582208419802,2.1142729898903814,2.1092933042951723
2.023536238813316,2.102663178464792,2.101562274376946
2.320358250837214,2.13051405127107,2.128269472234582
1.9599193363483973,2.0323240241901512,2.028753900548743
1.9863754048202957,2.0023894567639156,1.9987651286952435
2.211161254140304,2.014071190231381,2.0124529381069616
1.9145992467896775,1.8071449383336537,1.8126401632390712
1.9633715253868336,1.9132431493520374,1.9116334033419626
2.019113323769469,2.062594635168165,2.0593367464381354
2.0541497152364983,2.0576856123150837,2.056409292060752
2.2239306159160748,2.0765171521285817,2.0722522490063633
1.8032289271646968,2.026588319898832,2.023083733161441
1.8381964623494556,1.9062469339812966,1.9062483115345006
1.9337812067065538,2.047712914757791,2.0459683041851338
1.8561154896714958,1.2788394339184987,1.3596324097392016
2.2522712415854054,2.1601919959623785,2.1550490931678477
2.2209639823864182,2.087549173123375,2.085251635536824
1.8908511494457572,1.9914625690859105,1.9901293863514522
1.9810279183327557,2.0755154678504244,2.072069515392853
1.9902487449250228,2.115399253198116,2.1101414667909437
2.1470292940256677,2.1211978131646876,2.1139964733266035
2.6712496919405453,2.29117572743973,2.2819196547361824
1.9024703647112466,1.9206940601222295,1.9197526819019246
1.9219871263895998,2.018370860967876,2.0167075061600572
1.9007706578465222,2.003163694572015,1.9980412801990775
2.0875991003953542,1.9957489013950982,1.9918400829102225
1.9549717643577127,2.0079822230867803,2.0073471732806456
2.0034010147525594,2.0471878977906255,2.044615696060075
2.2076437345477493,2.007934290009526,2.0042994460515167
1.9776633493252858,1.9249140011094645,1.9242565662737934
1.9576392439333739,2.028144288462859,2.026000127154308
1.8640224050667609,1.929850362179567,1.9296233176828097
2.7330258876453706,2.2419036929511,2.235782177120131
1.790456307470151,2.0231129385578397,2.019391422354224
1.9978286647259504,2.011290142488102,2.0082902420043847
1.7958261319894744,1.775241031019839,1.782913733171143
1.938855768645035,2.0772370127458784,2.074822343816769
1.997757931721082,2.0821789610009964,2.077857355884947
2.0106664008967097,2.0374253726934084,2.034119917345945
2.1232729123352656,2.074820986138964,2.07126206097557
1.9263586105991544,1.9179796194208825,1.9177566262149623
1.9302121411239188,1.9792513057278442,1.977377154329195
1.8702654319745604,1.8538445372831018,1.853679792058105
2.2756183247622115,2.029645390512071,2.0269898403770283
2.048895430520916,2.0863237091808315,2.083009067277407
2.0283975753744996,2.0246536546988816,2.0220487100974824
1.8696807316926907,1.9620882464099343,1.960065946908812
1.8447841637062625,1.9273782499429937,1.9254239151614394
2.3508598830866547,2.2298727364814237,2.2232291525425283
2.004563746656914,2.0611655539787725,2.0596612123446203
2.3268481793212117,2.2889274518214946,2.2870926394095195
1.827037516101072,2.046704525695281,2.041801686931136
2.026346906665641,2.040949591647756,2.036153521298915
1.8790787269280447,1.9749532867789101,1.97270940032671
1.9827255383813664,2.0874272397672367,2.0809095374172033
2.0660227242116127,1.9819556695210232,1.9802929258841124
2.125717816825545,2.0807015162544436,2.0801942832406706
2.1197913387470426,2.1875900392726013,2.185173836722811
2.0988428073212075,2.045974194609126,2.041397688823083
1.852747772816345,1.9519048503357257,1.9482239451827676
1.8871928173113561,1.9855011319038383,1.9843109224639166
2.2269892804107894,2.0280246104822415,2.0264551337724233
2.0481405472589675,2.113943369809519,2.1102912537671603
2.068564226760488,2.0990264581561093,2.0937126620012343
2.0787305055096654,2.1725179326612563,2.170264520953603
1.9002819315197907,1.9749845258541272,1.9722212625663946
1.861428019042512,1.9977929415612738,1.9942991511579486
1.8073413673815546,1.9142125905868268,1.9119698511449905
2.0036067356956746,2.0452634525179882,2.0422066935006282
2.478781724158248,2.4295042957964705,2.426185269431671
1.8494758626734216,1.9660584500783105,1.9616260546498059
2.0418792020312972,1.9936043492242526,1.9902756123326881
2.0189872036749983,2.1257988790713402,2.1206684631888963
1.9894362029824473,2.120470265280592,2.1150964585606977
1.9547028144621819,1.9797082156856824,1.9810174188911454
1.945308426192824,2.0811913776745343,2.078500003987743
1.9345869334483523,1.8327997793012205,1.8379822358097249
1.9954799782269674,2.008169020787817,2.0038432083815607
2.2102273981145477,1.9976827621404702,1.9946414615323027
2.008142467633307,2.035910420635631,2.0324428611080516
2.3111758137915657,2.063649651221483,2.060327389131149
1.9782940543736554,2.0715560957722317,2.065439194200755
2.2112329175310244,2.0273193413436497,2.0238456540626326
2.4183456326356603,2.142747112298412,2.1379488458446434
1.9936080995626848,2.038923640727229,2.0336261268304985
2.0499151424058955,2.132985727530074,2.1307166852006647
2.0709767260170757,2.0794607158514307,2.0781855227830617
2.0909585069655314,2.084260581163657,2.0776209336895946
2.110183952155661,2.031275052916661,2.0299921425913445
2.0539926059190075,2.05070898861413,2.0491814255794494
2.2802541201941664,2.064595692892404,2.0614371583589985
1.9686777693377926,2.0238063736358933,2.021297948887952
2.137033552738112,2.071131893884442,2.067415755405138
2.0370720214091986,2.1384269122966764,2.137979988286553
2.1651453381271755,2.0929574261581667,2.0921773413053746
1.8886393759461222,2.015726092620941,2.0114542890046834
2.2280726271619735,2.0917955571491365,2.0898285226803432
1.7460453514499523,1.9412985355131682,1.9398275473574338
1.9040338022370191,1.9894044947510834,1.9869431969926152
1.9042730789274493,2.039079631545375,2.0346041894833533
1.8738746157740223,1.812563097559349,1.817252932521431
2.1308733091948273,2.0411307315295444,2.0372305282017797
1.8940526881535464,2.0186655619799954,2.015938534570971
1.9658335245647467,1.990649568629442,1.98702723391279
2.5917678913834195,2.147972194685932,2.1416024896467682
2.0106664008967097,2.1020678601509952,2.090443599421901
2.2774318679945607,2.2513161921035385,2.2445199802897036
1.975917516000464,1.9451363194284612,1.9432910286871912
2.0165106419193206,2.0568817078347363,2.04968886153194
1.9846356286454183,1.9883325628110426,1.9836261086668534
2.309908296908112,2.092900240951475,2.088652127325268
1.957727478612631,1.9933306630855152,1.990301052377431
1.9905433220947688,2.0106720067524684,2.008423181786534
1.8234006438962744,2.0077297783961723,2.003458216598718
2.0027824720702405,2.0549595734779476,2.052278642613619
1.886000080303408,2.01889656322907,2.0147978009095744
2.0905254762206247,2.182551404636718,2.180356269371104
2.0660227242116127,1.998471306430177,1.9925774830340397
2.105380265509429,2.012029660872935,2.007897077152824
2.164757130848132,2.103949187719161,2.1016412900647463
2.126875038153356,2.059688636501734,2.0573933338260764
2.0194911729401976,1.977992041136988,1.9705114617145725
3.0202983771920673,2.3295494090436857,2.3251413226143867
2.0161907383538584,2.027162114318341,2.0237071130708464
1.922526118972164,1.8000311615747477,1.8065836132270516
1.9504354882064163,2.0357433468816133,2.0333748287392175
1.9291789598331026,2.0187261173034763,2.0158379361741057
2.062747778902553,1.9834554842935714,1.9822668803115229
1.971068788439287,1.877853249925054,1.879690335241861
2.0401401329828586,2.15161377914912,2.1480032319745814
2.105861926270822,2.0495994091503817,2.0426883766396497
2.0055836415538475,2.0120346327737817,2.0100423809061128
1.9074712948638157,2.0144083762059086,2.0101267897771304
1.9073538913220078,2.023553759878307,2.019227613305985
2.0534679711260093,2.059604179345197,2.05792750867558
2.210251395091541,2.000057910800492,1.9965562093833489
2.2067184575721446,2.038513094052702,2.036488789368815
1.8530714544919618,1.9804296627774725,1.9780188420986349
1.9503435752696237,2.1002181462935923,2.0935271855435666
1.790456307470151,1.7799937002404913,1.7864841643633524
2.4639009873158426,2.1434679656306557,2.1425188955341032
2.0199937837822546,2.100541616487703,2.095110686144527
1.891882168785556,1.9859614253233537,1.9838506224579895
2.0314911622919736,2.074465014103455,2.0702710584743698
2.106302416507224,2.023129247130486,2.019627105386544
2.6736892136763224,2.298871025848225,2.292956127174408
2.209939220238113,2.0191046221665685,2.0173320108818724
1.9281396643216056,1.9122604107406593,1.913069557789929
1.8458007593771266,1.8035447194884886,1.8091058407639506
2.0522029230897783,1.999007060691738,1.9933536217523518
1.8597276471309088,1.9520891979955834,1.9512162027715498
2.0388961741973137,2.0664324966912635,2.0624595377238797
1.9051079460193505,2.000395944854718,1.997199452121519
2.0559213017388664,2.067494981089788,2.0641269503733093
2.1608034324601144,1.9918442713615123,1.9894498080361198
2.1537021065145163,2.014532225334551,2.012877027415
2.2769579282131147,2.176506705274907,2.1774326581595953
2.0720287305461094,2.0471373047214203,2.0433770499870065
1.9231707243186915,1.8454230471819042,1.8487497676850548
2.199114534251396,1.9774534670275103,1.9743625148629587
2.1019670495557,1.9394448207149273,1.9334640243926708
1.8296664933521898,1.9434810488558594,1.9418007173799916
1.9672612594003862,1.9698235569544977,1.9674726706473966
1.946063432899492,1.968924119770181,1.9662779445880068
2.2389484007376974,2.0959725295767244,2.0940175417350932
3.0327634004956723,2.2523943691618813,2.246687871606447
1.948959158439791,2.0247132963626364,2.023095319003584
2.119828699370524,1.9745741285172518,1.9728785477338784
2.104937705943869,2.0164408238697935,2.012767724034383
1.9386594896687166,1.949406321186192,1.9473318575405494
2.224917783166425,2.1049941922446376,2.0996588247527135
1.8764263230278648,1.8547912647159406,1.8544367105848498
1.8655299919963628,1.9434091321750455,1.9422281261643186
1.949144370502418,1.8553322772567429,1.8593337187004306
2.2210323883711345,2.0833150049793536,2.080441226082759
1.9342852174717744,2.046747563798541,2.043342292444955
2.2559418529988364,2.1488130453792507,2.1437186081105795
1.8640224050667609,1.9202187463753857,1.919359362033624
1.9685116976345491,1.9828871601438791,1.9799424674998178
2.0207451699216077,2.105598645170431,2.1032877772698018
1.9425442812150107,1.9380382894506814,1.9375611516410176
1.8941795136683264,1.99578267223219,1.9940668060167828
2.047219851476627,2.1065398250542717,2.103009334350086
1.7791402874504842,1.8039365729007213,1.8096257799201139
2.030663274843111,2.1817345564607415,2.1772561936104
2.1460156714717007,2.1816968198123665,2.1717847898728295
2.1553052359489353,2.0885176545001594,2.0840268826571426
2.0592630837715116,2.0720307303537773,2.070659284660242
2.2023538999485206,2.059213251922349,2.051863559912181
2.0014698068170413,2.0871863045664476,2.083910030255535
1.9942582214063616,2.0229208224616255,2.0202788639125306
2.280617315054632,2.2233512530712805,2.2289906344579444
2.0184186047830397,1.902007985545463,1.898953604808316
2.107021101696232,1.9910664931628221,1.982592278417786
2.00229994517582,1.9950207236179025,1.9924284313430478
2.2151841368693996,2.0302877148688543,2.027859405863501
1.8731589225702523,1.9951327920385769,1.9910216309971678
2.545380610612386,2.787320121338346,2.821799801736457
1.9054645147010385,2.0119890229812807,2.0095225731638626
1.9029529331451531,2.004089291129705,2.0025930931547484
1.8801832382383998,1.9744645952914868,1.9716665696433524
2.287288717946011,2.0650571090657808,2.0609486409805315
2.0706888164438317,2.0907573528214543,2.0896592827494116
1.948773753439304,2.0309483280482636,2.030079882661055
2.0371292939480568,2.0392428721578924,2.034576814696286
2.257677185711688,2.034000814538949,2.0341465097819027
1.9043925930369734,2.048286879566237,2.045269307876412
2.0031950641970626,1.9974621594756443,1.9955106149739508
1.9027118176988145,2.03424240599284,2.0269659410208454
1.7976977806720487,2.047714047042365,2.0449977632289063
1.9639688944499505,2.00253817437547,2.0017110472551556
1.9673448924038377,2.1542626532005373,2.1470419297265777
1.8062692844949755,1.902900974023987,1.9020633542240293
2.3071676242577897,2.066822464925453,2.0634547873308366
2.0871144226586535,2.132103094141301,2.1296485614489384
1.9993779475100237,2.006580584906824,2.003965890613099
2.0280373189771272,1.9400126313933703,1.9391207845297624
1.8612741509473532,1.8216854616873843,1.8260441289427578
1.8132169340530089,1.999927985663582,1.9956712278714233
2.137888596908697,2.062557200953466,2.0573073038303717
1.7162084049822304,1.9149822752159076,1.9140258508648413
2.1607424726809006,2.0700006237123993,2.0668371533439203
1.916948725204204,2.0665669070451633,2.060859819981095
2.0317270331158093,2.090277094648859,2.088357613816867
1.8373097574459343,1.9360933268963956,1.9354318898045122
2.2108743558429444,2.016191489843715,2.0129516524215734
1.965580391891896,1.9840809331986362,1.9795083221600982
2.1575781176437383,2.0464012920848913,2.043239500524633
2.2099872773641174,2.0481317426567576,2.045154568804766
1.8232069671378155,1.9669661257151274,1.9653910606331628
2.1478755261657994,2.116861253669679,2.114464516454858
2.375078461198909,2.251114333484986,2.2449708981831074
1.8208647214393117,1.9799487179576454,1.9758010302398117
2.174874916445224,2.2347398133422396,2.230514788433816
2.17510239413495,2.126886999108079,2.1262413149098873
2.1187799371098976,2.064391575238825,2.062555677428319
1.7063056252800926,1.633375996479747,1.6537124350926344
1.8793555292915358,1.824218207068484,1.827229459115399
2.2832624897826967,2.094200303950255,2.0910646307391216
1.9560435350501448,2.118394218043054,2.111789985143036
1.8532330598318136,1.968522630744295,1.9654920704118388
2.1127557067841085,2.144773466176357,2.139411619914018
1.926147880522814,1.9292861081712758,1.9294033040898553
2.1008269836685005,2.0347398389432882,2.0295001543546975
2.473284996112441,2.08249740511407,2.076251570153807
2.2955628051087893,2.099742921895951,2.0964255178444944
1.9745568488199465,2.0341720688047196,2.0306328578536745
1.8498059650183825,1.9825454172934722,1.9747191334168366
1.8049732987077647,1.7870934065489998,1.792764544772583
2.0498616094957645,2.0298767066774053,2.027068311553185
1.93568882851728,1.982121119876639,1.9814823203738823
1.9210127303981972,2.0732516729458337,2.0692973226469484
2.2778872844976252,2.095084697558897,2.0925915631424936
2.0271336376675877,2.148039515889507,2.1482685331618394
1.9815697905122889,1.8837049324126505,1.8847508125427255
2.0219287123992573,2.096343877277801,2.0903425754026372
1.8909803670974865,1.9689087073419687,1.9664774417328208
1.9786871348847561,1.9958423592817416,1.995702281201444
1.8937987553238056,1.85123019578315,1.8521709242702955
2.1782889300038795,2.3375668997765415,2.342738785905574
2.0082761672475318,2.1499814357456524,2.1430385520866153
1.9520818664858788,1.8866885934551414,1.8885490675628431
2.2549717131675364,2.027854593516126,2.022201636156772
2.300984848970302,2.159739145109758,2.1514135209178344
1.9626005499111483,1.9976360049603532,1.9952040744265633
1.9576392439333739,2.0165186607926895,2.013482948613683
1.8662787440755735,1.9278509595668274,1.926833380226808
1.8483153127986656,1.820914324958267,1.8239664384518397
2.0319626083006335,2.2620652690591285,2.2543144709385365
2.132807864068158,2.0729113226143334,2.071548820997993
2.0852081079300535,2.3112234785302395,2.3050552639261683
2.1026283670121058,2.0098296026345923,2.008216963982411
1.9747174589172132,2.0349374255242125,2.029461925476564
2.281668904055005,2.0528184383783046,2.050430371416255
2.1093585974586797,2.005571243465404,2.003897385356741
1.6329722777175064,1.9694153384177626,1.9626531223023433
1.8887702756505145,1.8073509476377363,1.8129035792409516
2.14144059723416,2.0753570214101895,2.0720463187576454
2.0458577223607453,2.0194993657334566,2.0190791634794656
1.9153859362383487,2.0301245121696807,2.0273337906820457
1.8292934992138181,2.024658584489204,2.0198962768981126
2.0626977260656805,2.0835552834249658,2.0805856540521446
1.8743025818794647,1.9516817276566318,1.9493231809435216
1.9547925094148586,2.0672607392115703,2.064640420924195
2.203075264141086,2.226934638937351,2.2131186396263067
2.0187347071954203,2.0392961730392414,2.037540778028678
2.2078622821213805,2.0838807186049695,2.0819449862432604
1.8909803670974865,2.035028287293836,2.0301330818412757
1.9951932369821295,1.9421828215307222,1.9417593443820182
2.0320802852738433,2.1485099228562814,2.1453681786135372
2.064640172118295,2.082161596792678,2.0810292565433666
1.8693876193329615,1.937224771516765,1.9366511274505944
1.9139220972249036,2.0450754680542342,2.0425867824505537
1.9312392839202697,2.1169811379019374,2.109272793214134
2.106302416507224,2.0176535889640905,2.0132433350645456
2.0965863493468673,2.006978735275859,2.0032830649513214
2.216422766711666,2.0411453163228583,2.037943553777531
2.066710286644933,2.0855574356011624,2.084870716109401
2.051248591962111,2.051199484068579,2.0490618938187497
2.272735094675448,2.0462163510846745,2.0407148229355827
1.948773753439304,2.0219246009291365,2.0193261122090385
2.0704004760540933,2.0625776435532193,2.0569029631580906
2.037815211480127,2.0495229906625405,2.0471161582368995
1.8541994151124541,1.9180305703310936,1.9182297034494118
1.8210611996067407,1.9574759486148292,1.9541994178484736
1.836775435251627,2.027295164235431,2.0243255557215782
2.2673662746352976,2.148111071432103,2.1463585966132817
2.066170266265764,2.1421328673909357,2.1343057540102155
2.028277566790827,2.0851178711294995,2.0824562701091107
2.007472516907334,2.0397473512034514,2.0381409487904163
1.9322604625252882,1.8457613024517125,1.8476483481314596
2.0401401329828586,2.0862423578087297,2.0838409817014334
1.9526272984051616,1.9225393559510222,1.9186504509262816
2.103522905800449,2.1173746874813633,2.1110223253242766
1.9876507469764189,1.9969281311754554,1.9940546967020465
2.0250079400335537,2.1310508527564673,2.1221486262611893
1.9731858780250224,1.8928768056836136,1.8942208064780353
1.8869284844281324,1.961837188676355,1.9582434751548812
1.899669066381454,2.0100887679771975,2.003847600385191
1.9421596155626402,2.0227549709451607,2.0191129069047182
1.9351888205562195,2.0055399853014606,2.0037855435005723
2.007338235188301,2.0852462450981806,2.0831524945544304
2.008676687694269,1.9046296939089982,1.9015004784120517
2.2113523022176964,2.0158670994667225,2.014442490608863
2.0677370408907927,2.0265086445053497,2.0222281204625183
1.9601805669063825,2.0479649697871007,2.0457557983334786
2.5194511079225843,2.1976290234688287,2.1919421894509408
1.9675955587613059,1.9898790915921576,1.9860902413720805
2.288041747804443,2.1032550617616232,2.0981928946300505
2.0889148520767975,2.0221557874758567,2.0087675262949665
2.013806193576325,2.0764393870591653,2.0757683999304626
2.208443964411328,1.9984892124710418,1.9959515814706612
1.8084063708020164,1.9477526269419683,1.9449628220688444
1.867321428291827,1.986630640478961,1.9818390774284285
1.7921098121535333,2.016334418020279,2.012168787754139
2.063945144441486,2.116944394959461,2.114445430444001
1.9726995148310293,1.976686733080026,1.9737224653226009
2.058752750934403,1.8557780541206597,1.858692585399902
1.944265021196654,2.0287971603080135,2.025743516873138
1.8517729364482056,1.9955075747889477,1.9916824509584123
1.9688436882512548,2.079422757794394,2.077465021318119
2.118855032605714,1.9916982915981516,1.9887647282969412
2.266372359740452,2.1187002144975304,2.1109057627091263
1.9878748855138468,2.074031010989568,2.0728880036727158
1.938561268385099,1.8146051470467772,1.8200904449775717
1.94502446895953,1.981465786201668,1.983318800668429
1.8989307358663736,1.8252984696018848,1.8289857516000585
2.155242606005845,2.063016513809169,2.0620186088306793
2.05674933329938,1.9755454066097025,1.9725763925258466
2.06073539795749,2.0805253844817413,2.0797631435900055
2.0491643065486245,2.017810770330555,2.015097618147603
1.85435993117067,1.9948071416017938,1.9908500045843462
2.2122098754436386,2.0600428098107435,2.0566215340084217
2.2532927899600517,2.212853590524257,2.209928874226543
2.0240894846885125,2.0892028784628063,2.0810770129879033
2.211614709982817,2.0038063798466275,2.0008291501617848
2.108648394066919,2.0050951934014765,2.002149364504708
1.9361874231773393,2.059576080129732,2.0496501498613156
2.089133282943614,1.9779176405775323,1.9751887501395125
1.9856965980440413,1.9978640193315,1.9945155736089477
2.269012757049462,2.2253831497183336,2.2195287233182603
1.9299028241962932,1.9899260815960476,1.9856415037554696
2.026770941532271,2.0180075446702648,2.0107976878497857
1.8979413395841807,2.0206963489047425,2.0175852897345212
1.7624787394185986,1.9638452381706526,1.9595340749946448
2.023966682537495,2.1915968202634426,2.1898987332989135
2.236609701165758,2.006902550606917,2.000956158676099
1.986976675901201,1.9757687583645949,1.9749235933023668
2.2863143223954734,2.07213099464775,2.0677316331641933
2.040365429963294,1.9982388390115402,1.9969560721650947
1.9610485975816627,2.061483712274521,2.058640963818757
2.007338235188301,2.085102429151055,2.081943362524582
1.8176883750567199,1.953983999685294,1.951369656748899
1.8396053467812865,1.9501034183396315,1.9485861081586329
2.0789606830691154,2.05516478595721,2.053261272678522
2.162230764400577,2.106733467938222,2.1053310237585965
2.0274353491157355,2.1151822838438785,2.112226578989232
2.002644736021621,2.1490221315551468,2.145093770320664
2.046021695136284,2.1049531617312627,2.1013781783441066
2.2655591239912427,2.1299616141363074,2.127983439139383
1.8188867856036959,1.970183163899575,1.9684710450745073
2.105018245336473,2.0213280007722987,2.0171426525607656
2.0505030120341483,2.046336205491906,2.0449769327904677
1.9820329709631466,1.9282040579553703,1.9274600526788057
1.7955963770941956,1.8145146264829766,1.8179076438114192
2.142477409774609,2.0428827163193817,2.0392768583665197
2.0128307016683524,2.1725214346376474,2.171462436408722
2.141373522490678,2.0942965397385747,2.0906098741868506
2.0246410987996266,2.165276804140221,2.1600143229849023
2.278516298048546,2.037759059832725,2.033232303275366
1.9986049372479142,2.0778325386287317,2.075021105742442
2.0952368209510315,2.008566496790771,2.005639474648019
2.2013548107363143,1.9749273583068472,1.972829616714379
1.9435023086298213,2.0441198788524937,2.0394437147456537
1.9739935886919127,1.9900729616815591,1.9872159062011354
2.2582142341242832,2.0608165496468143,2.0577731597746998
1.9506191719490573,1.8739959099131969,1.877332315903009
2.1716634920094275,2.100645524626397,2.0974967285376938
1.893925768754487,1.9735391775341415,1.9706593668617227
2.0409275003159832,2.040440587316381,2.037721938538267
1.975358478593626,2.0663181366443326,2.060224984472862
2.3165278294290803,1.9876444666789803,1.987095925435976
2.161199227204793,2.091228269421583,2.0900940073966177
1.881143827195224,1.9460396869942878,1.9437551679564162
1.8621952480630757,2.0370009816887853,2.0325588807868864
2.0916924615929178,2.243608846388386,2.234466815936987
2.068661309358093,2.099795047336602,2.0988141574791808
2.1613816428137094,2.083087967682782,2.0818800015149055
2.238192707921135,2.0774590931278656,2.066098917360937
2.219614143304241,2.0055546222542135,1.999029526289835
2.0427149812057124,2.024256346855495,2.02137275591303
1.9499754485416574,1.9783729417170284,1.975214529332351
1.9624287717398348,2.0591522979963575,2.0496052989436606
2.2018799282957353,2.0075002863224385,2.002986661249648
1.882913500911421,2.005949184933787,2.0022571289251383
1.9496988533065882,2.0296343565103947,2.025950475274356
1.9332757498547672,2.0086580947411563,2.0053272652848113
1.9644793499193645,2.02509180897062,2.02298526568786
2.186786035553706,1.9975262129947284,1.9987398780623256
1.8584800752591795,1.9711840351380607,1.9684678894684802
1.8532330598318136,2.0408371795970304,2.037313302480996
1.9964088063646321,2.0429840052125234,2.0398081151122054
2.0199310314504566,2.00262995583758,2.000710579150261
1.8121832625439125,1.9534130530152582,1.9523281295454638
1.8532330598318136,1.82092204795974,1.8249509437495792
1.9122175878536711,1.9802092101635582,1.9775693645049262
2.213749466403155,2.191152021153374,2.1897827100769005
1.862042082877632,1.813022753038827,1.8183204597445441
1.9152737696281652,1.9598649825062373,1.9585521644376809
2.2480956784833626,2.0659149447331644,2.059651392764421
1.850135413177993,1.9954078174011112,1.990473056391337
2.1876703330453857,2.0875441061515194,2.0844183835891066
2.0051083912627843,2.0324063031864026,2.0306773829534417
1.9614810430773355,2.0398652888319306,2.0378861942663713
2.0245186583800847,2.037017096751735,2.032776452720565
2.2165858162752405,2.0358505927750388,2.0327870364185334
1.8322539616269937,1.935753870908367,1.9323801250550128
2.091131450595883,1.9905317849755932,1.9871849317674428
2.310120051585839,2.0432572486897684,2.040014569207702
1.8899438821484598,1.9945600602148845,1.992705435068558
2.2641472214774887,2.0896934542362855,2.0845260947400637
1.7641707710458223,1.9932709662842456,1.991236558407104
2.111083972823988,2.0429620247320206,2.041171264161031
1.8392542520465573,1.9551429628157329,1.9533592113864948
2.312061799515323,2.2462245514990284,2.2399428288153067
1.8895535747652374,2.000001630730718,1.9961224980675967
1.9843313568630228,2.0462467625333787,2.0447799943805434
1.9605282834152016,2.019357497470896,2.019056781926222
2.063447150214697,2.060055745422555,2.0566673122259336
2.0214312929159095,2.066142028562873,2.0635538728845355
2.070784834102597,1.9726247249592868,1.971346036870906
1.875438559191093,1.9643852245656037,1.9630555019249698
2.075759800417771,2.1222075562027096,2.1215799408854625
1.9868265437336579,1.999613170174566,1.9969622794738968
2.4356133397014132,2.058341443382522,2.053910781912381
1.8686526002291814,2.037748363330729,2.0343007011002046
1.9995882061272638,2.003920637010991,2.001511832431702
2.058241052587513,2.0801903060633453,2.075986549420164
2.0673953983142783,2.1218842575703314,2.112755244131967
1.876707486243666,1.988155425834204,1.9854816077405184
1.867321428291827,1.9908154701436263,1.9870967244006614
1.8313345436897417,1.9611958632937512,1.9585605910345092
1.9343858468649295,1.9982405486956984,1.9957841716683506
1.8073413673815546,1.7864556562011384,1.792277841009247
1.8870607020578856,1.9422440974956212,1.9405108436602458
1.8904629098049344,1.8230617876995507,1.8273660963749512
2.6080494500867806,2.096058523225406,2.091361837248622
2.2486971776381544,2.2527152903573064,2.2496044722068995
1.926884330153313,2.0048670352694997,2.002567245779949
1.933680231304213,2.010122174305365,2.0071354097772174
1.9414844343190443,1.9786405285593456,1.9758179477788804
2.1057416214507194,2.2069825531609886,2.1988733657982262
2.284675001353078,2.0685567384032035,2.064396515955622
1.8943062454458155,1.9694249482396773,1.9673636217880444
1.9582559755090343,2.1413842679039226,2.138069626385596
2.09370739350361,2.0067496660133637,2.0032449838022575
1.9343858468649295,1.9164500979414045,1.9167685014902838
1.959570435801317,1.9906922019368618,1.9888271277349556
1.9843313568630228,2.078600398624738,2.076484151907345
1.9895842066639369,2.1036037059470694,2.1027808087014863
1.8948122381103851,2.029412512819183,2.026005721822398
1.9931734007812865,2.0323190888725633,2.028373818952709
1.850299892794875,1.797159395825042,1.8029560755855218
1.969671001360361,2.0695958550639233,2.067624690184923
2.0872908087164417,2.0734623140283035,2.070708400485751
1.8626539060962148,2.01570611067151,2.015019138764296
1.8810069322981926,1.9742601997669307,1.9716836257212544
2.5441769163691847,2.182128403418646,2.1772197631980545
2.350746313301403,2.1285072985034046,2.125445426603727
2.103522905800449,1.997773928122206,1.9955061850084612
2.0280373189771272,1.9352255222137364,1.9347548321653378
2.1006623995162,2.0128179689810306,2.009303200582025
1.9210127303981972,2.0883023937135237,2.0847524710413503
1.7814187694850165,1.9437191286934434,1.942187752151637
1.9351888205562195,1.982646690729715,1.9818897503700494
1.8895535747652374,2.070588269889428,2.0663002223483766
2.0919508470789405,2.1401694229109243,2.1351356711148126
1.9078230283399096,1.997973966849361,1.994912337603612
1.9814924789788,2.0545848972388194,2.049575257003153
1.8786626748616548,1.9758623613096555,1.9749112241823705
1.8603479632521576,2.015876443270139,2.013666777164993
2.3625527542949225,2.2216593669086,2.2114273620614773
1.7584577974892457,1.97025232072938,1.9653532762604882
1.8734455636058813,1.9555736706097315,1.9547021208769064
2.061693914761094,2.1097130832505613,2.1075122323281144
1.878384738846849,1.9884915750519667,1.9863661162328454
2.0343022711362857,1.998130277115599,1.9949698423681088
2.322442374243474,2.0572121493096382,2.0541943381377052
2.467423223874784,2.2046813186919128,2.202108644857407
1.982955809805786,1.9118956814450767,1.910167849158237
2.0217423353339603,2.082085103431191,2.0786537840636616
2.0116533050062286,2.070681984429448,2.0660726156251257
1.9400288887523747,1.9881818160034113,1.98727998546405
1.9182771867893522,2.0613585795981684,2.0556771938792937
1.9342852174717744,2.041925294390813,2.0384107573862327
1.8935444457764454,1.8466802399560005,1.8491233835906522
2.2184864933738853,2.1326302177904264,2.1271030759848197
1.7322006979733224,1.8693371434274524,1.8666887400673398
2.0369574241278996,2.061401081271509,2.056579965419595
1.8525856958338567,1.9430944415498697,1.9407812335493304
1.8698270969676352,1.9835578776821678,1.980359668392667
2.112794416691457,2.1376022596249387,2.128094726646022
2.261389917737796,2.085922520520304,2.083899756991982
2.008008671373485,2.077747665534389,2.075408516579919
2.282544241160734,2.1736203237170613,2.171558142456986
2.0644418494870402,1.981811824431813,1.9798523310803726
2.024212206258971,1.982380171879379,1.9812160122283173
2.1763207934950324,2.140729448819174,2.140607252448988
1.7946740417156164,1.9216969425261183,1.9215167771500066
1.8329858066873097,2.008928417433808,2.004848429454768
2.160559483852107,2.0974208388747524,2.096053702671722
2.5354697853484485,1.9883366105746765,1.9849989574474018
2.544165639826805,2.3220436911068556,2.3215231765479714
1.8216492161732063,1.981351553582074,1.972835315232535
1.8378423525821188,2.034140585670389,2.030144131516125
1.9754384467718862,1.925174512006883,1.9220003338104226
2.175414765520803,2.0665697492599335,2.0649536027418915
2.0769256667586804,2.050511873458279,2.0450267846721
1.9580799831332687,1.9467678264145996,1.9450476807362578
2.0067327582140746,2.067020122372193,2.0643572248999034
2.407675965471823,2.187342300277656,2.1816517868880148
1.976871871960118,1.919479584378246,1.919451861356284
2.0603810473119135,2.129083646726952,2.125843335194239
1.961653729933024,2.0512661166603467,2.0500825106378375
1.9433111168689057,2.0090888799561255,2.0065002815327118
1.9021075501456215,2.0168547180782723,2.013034896292901
1.907705863258637,2.0234000326412227,2.0210206280313785
2.1598565001906427,2.017497994627675,2.0155197074254483
2.2015299966501507,2.0191679926438395,2.0162376698593496
2.0161266915905602,1.9709789497272348,1.969729638957403
1.9136957932319882,1.9351006778331898,1.9319084401780646
1.8113515457275304,1.9110839666181958,1.9099761642826967
1.8609659902737756,2.0666602067714646,2.0609090545939863
2.2036951382320944,2.0474349611270073,2.0452598925601593
1.9856210189036565,2.085414160321785,2.0803364268350992
1.7644510031889853,2.05101202598222,2.0486253285885545
1.8373097574459343,1.8917292751053463,1.8918574066758729
2.2145268135039293,2.0307475970634945,2.027775750601145
2.297091227780879,1.9639328483544483,1.9607127180740682
2.5418432606208006,2.355068657815725,2.356127155853633
1.9971201068703763,2.075972857102257,2.070688554445094
2.1256815452732893,2.116851123181524,2.103264175684607
1.9619124491234965,1.9997548606526332,1.9981189240500696
2.103847186615719,1.9913366140707813,1.9894595611206016
2.005447980451877,1.9791281879599816,1.9764966772267836
2.2815312782309434,2.0964508497473777,2.0906418847341075
1.787822757497537,1.9693188896690605,1.966435535374607
1.966338724536779,2.083567860046346,2.0797502683484317
1.8926513785375327,2.0230401515578365,2.0183209159137596
2.0661210981687512,2.0823174837131195,2.079340234947446
1.9249843130711528,1.8376323732452988,1.8425518388208855
1.939345514792052,1.9595914086348512,1.9584634265153027
2.0973413922357604,2.0051742893226168,2.0020859851498205
1.8540387443951185,1.9037245761365416,1.903402295123171
2.089612971155718,1.9880206949137653,1.9850590228565825
2.2144562641126093,2.3808008119896393,2.3838031394063575
1.8835892719368195,1.9750911325446803,1.9718208020161043
1.9631149009861537,1.9864711542207276,1.9824486499060354
2.01093008927954,2.10547120896735,2.102639657741133
2.0120466011254874,2.0327702071452487,2.025323897725177
2.2812902246579925,2.002186805101068,2.0012324733159814
1.8695342392259002,1.8096826765617253,1.814302215179691
2.017657763731512,2.0901607891851315,2.086209367435106
1.948773753439304,2.0875789125549753,2.0815364307941455
1.8036667963357136,1.8968741987674653,1.8962479571368225
2.0450357250258904,2.1112457543272853,2.105086187193183
2.2943324005104473,2.1204239555060425,2.116272486858388
2.3151870368120715,2.107018916410441,2.103580113010913
2.297859479903264,2.2845599418811915,2.2767718464560076
1.9904697222558951,2.0325641427717294,2.031406000671979
2.319229059472544,2.2164941962404514,2.210199532763357
2.0097405264588515,2.145518259065829,2.1382169390856536
1.8342587430962194,1.8008515518688524,1.8055952432321187
2.1532598075764606,2.090751677287406,2.082680860401355
2.0906121592764504,2.0636615400878284,2.0604828319642166
1.8113515457275304,1.9427543289185158,1.9401741048096635
2.2614276686883095,2.080534637414923,2.07997338847299
2.2802368101525134,2.0382871461212284,2.0338496412839597
1.851283369412311,1.9135545652801544,1.914005207610646
1.9461575834687181,1.9717339429775609,1.9706432015435689
1.7971977752703387,1.891977900052069,1.8917146454958562
2.2080078540403076,1.9981818723215126,1.996626346864494
1.9957662722618568,2.020325537327171,2.019645457586327
2.132282109175103,2.0562489086886195,2.0533840636910163
1.9614810430773355,1.9944010796773197,1.9925575939318856
2.274430498265027,2.049008658972772,2.044926545529262
1.9473770227546479,1.9974106154452702,1.9974550872801675
1.8411760981760308,1.895291676667397,1.896919366717813
2.216515953337476,2.0568096702281156,2.054574830862985
2.084270282742165,2.0592792240373403,2.0574176274717164
1.8088304119892293,1.8959834366199273,1.8961838441652032
1.878384738846849,2.0097053904890063,2.0009780535863024
2.039575712489447,2.2741379114302305,2.2713707880183693
2.1036851130214957,2.0037298079894477,2.001263608488962
2.067493072426817,2.079813037059133,2.0778089697764632
2.1377178789392874,2.04543362088321,2.0413782485967746
1.8045389753282648,1.802601269931958,1.8062849289229828
2.2856904582718247,2.052344537876714,2.049101583014776
2.156553797237744,2.1995971894497846,2.197376765105293
2.2068404382102345,2.0294089514372105,2.0252925552254633
2.1524040692538984,1.9997317494128468,1.9985991893356143
2.121428599745041,2.1436763313493574,2.1404037544251504
2.0559731590517365,2.075700500488191,2.0732017894287607
2.109122146792171,2.155336043230565,2.1500975145948815
1.7540311301876215,1.920496471331332,1.9175517826003623
2.1325977276875014,2.189951097918529,2.180046831731825
1.917281791408354,1.9838193994736977,1.9817659816109852
2.1247361616858442,2.0796209868372055,2.077430793148073
2.3009060684715528,2.239700750884973,2.2355672977968513
1.9765543112448118,1.9920514211807083,1.9892503793595169
2.3140016285087324,2.01068685148746,2.0076146311472933
1.932667280372677,1.9889506882898011,1.9873962826580072
1.9441698612787546,2.114437703302755,2.11052991455209
1.972211839940377,2.052746673312702,2.0499017026184085
1.973347708892316,2.038161050209143,2.0359441125434867
2.2144562641126093,2.0648247708388587,2.0625190223417933
1.8799077833991844,1.9793519626349094,1.9768933388058523
1.8162789650813185,1.9458178330127136,1.9433823355015072
1.9907639441506828,1.9956821163408125,1.9944694433820427
2.2929317713658284,2.086554333408048,2.0816140134753898
1.8519358060132975,1.9648830027319488,1.9624674801777253
1.8687998607905572,1.951419028372265,1.948352066362661
2.1737337355749102,2.1923556647547766,2.190003892270601
2.027194018828313,2.067449387906192,2.0650724717144087
1.9357886602422054,1.968960907104744,1.9668034936696692
1.8943062454458155,1.9772618486024605,1.9743665910276844
1.936585287002388,2.0108005868779477,2.007797422411031
2.1170069657532453,2.182701499386311,2.178702167354367
2.112057630063221,2.0465143048839223,2.044716110842316
2.217515116212129,2.173878874176265,2.170058415734989
1.9170598180510718,2.0137831359484943,2.0106462094011897
1.788063980338289,1.9108271747829397,1.9105400444870653
2.019302344074011,2.1107361771982838,2.1080994008115805
