actual_cost,predicted_cost
120.73301692048298,16.559895595743168
21.11582824680202,6.245625736216655
4.534756263805979,8.101906758894032
7.225007372456491,2.5205444147244274
6.1121837494366185,6.9116525637486745
30.705585818175756,6.420442433423179
3.730741196174103,9.486496753076285
22.300985405318187,8.116480255258432
1.7193124975656973,3.5194067774918594
4.264896535223646,2.3899689572426093
2.731981994513781,3.8273410978157085
5.0800398390857096,15.279162249691435
5.1801939651575,8.814770342668183
31.721037374181353,8.938190784812104
28.243463552244275,9.110784872923361
4.584833326841851,4.727581793823005
7.945560668361868,11.452683492275652
4.440166255849273,5.505732393461998
5.4695281071426525,4.114476805137255
8.596562487828473,9.991837560496986
5.205232496675447,5.613509497507607
10.758222375544594,5.619530949554058
4.618218035532459,7.346106880926001
24.693556194810885,16.132645830104572
16.503174329384702,11.811120921469556
10.702581194393616,10.09220109979812
3.483137940052197,2.528102380729891
2.901687597024314,4.8706480098893445
3.21884232958497,6.851978042333404
3.2856117469661585,6.171264529340068
5.280348091229287,8.351253486470345
4.768449224640132,8.682005700037466
8.42685688531796,9.028886371693185
9.470129031899072,9.813542881729663
6.626864675083318,12.361140637482599
1.7332227928534534,4.765915246406525
6.493325840320954,8.94965901440313
6.037068154882796,6.082180077914172
2.540019919542855,4.052695900503981
3.1409446759735853,7.514000056952419
3.9699982751233813,6.0667282078273495
4.353922425065248,7.327628874277222
4.38730713375583,4.724628777879226
155.1721259938909,65.54422767737661
20.78754527801119,6.202184815062957
3.076957317649945,5.4186469563021955
25.79803364065814,13.77968652392251
6.376479359903859,6.095510572317616
2.078198115989612,1.8214660018024569
27.500653783878487,6.341971184812693
15.671338671177276,6.048853628306733
2.233993423212393,1.8114250046236104
27.51178202010874,6.162116655548679
11.859917762334279,6.802471530172116
13.189741991842979,7.379419020497477
4.136921818576363,7.144129634977829
2.1227110609104005,4.223958580843429
2.5706225691759004,5.69012603233447
6.537838785241739,6.164223059974684
1.6553251392420616,1.679278041341677
8.782960444684335,5.569888300213091
22.47069100782871,8.200868089112321
2.1199290018528454,5.31307421934808
10.034887020581683,8.366011697102696
8.518664834217098,7.449067532988057
2.542801978600405,2.291652981575816
5.678182536458881,6.151609643236297
6.68528791529186,7.651923602408449
8.590998369713379,14.980139083503257
5.622541355307887,8.862274599397363
18.951386300028393,6.667958720031486
3.4191505817285544,5.959045296368503
21.956010082182047,7.70335520611945
2.039249289183908,2.03501925375646
11.893302471024903,6.807269628920178
10.382644402775382,16.063506270702167
10.182336150631805,13.091430917512707
5.550207819811612,11.339779618165336
25.055223872292366,12.412583639502838
6.7464932145579555,10.06624193317366
1.713748379450601,6.71131005762539
6.749275273615524,7.021803454143922
47.244926915308604,15.113023390397872
3.2605732154482174,5.497516113713798
7.6033674042832535,9.66207471155762
12.458060459707406,7.11493876670878
10.107220556077987,13.851364634153658
3.4803558809946367,4.832400488861028
4.148050054806564,2.1944457007365616
5.74495195384008,8.502404947831335
6.334748474040604,6.985637272162795
8.307228345843317,10.644876085956026
1.5468248359976216,6.0568819931950015
13.860218224712513,17.249918706761868
3.0908676129376906,4.673370521360999
6.7103264468098,9.753190025343809
16.74521346739149,8.373929313683329
16.505956388442186,6.6120867370748435
6.5573131986445805,6.998616168489473
3.1659832074915344,5.9077880457724214
2.278506368133182,5.141593157954355
2.8432643568157756,5.521949444080524
24.679645899523212,11.707057795096183
20.907173817485837,7.011018385386008
4.462422728309689,6.7684635495635925
4.999360126416753,9.681771497643664
5.475092225257752,5.893961804146574
5.603066941905047,4.015224683476982
2.3786604942049707,4.929303336702528
2.821007884355368,4.679672624836449
23.013192524050943,13.117536801396568
13.259293468281678,8.611925705454748
7.191622663765914,11.625442600217696
5.836759902739206,4.458451414315858
1.8611975095007292,5.036235967650929
2.6234816912693355,3.3670947224329657
2.706943462995828,4.320855229312733
30.939278779009907,20.04023649697928
2.4704684431041053,5.036229816049576
3.252227038275563,6.721850181366946
7.606149463340822,10.988516190855133
4.907552177517623,7.208909072662413
21.001763825442467,6.316492017188392
5.992555209962001,6.2083006661787055
7.302905026067886,8.911428072414894
1.5551710131702716,2.3438937935708224
12.580471058239587,8.36402986639246
14.59746387496312,14.632825981472056
2.8655208292761585,2.0860290606494796
9.39501343734525,8.593123599024839
4.2982812439142535,6.045521071295003
5.341553390495376,7.302535648370753
0.8234894810347025,10.686763096154712
10.354823812199902,19.791149012372614
7.013570884082723,7.965794910002452
3.613894715757029,3.221493890158229
9.954207307912727,12.137683996595321
21.563739755067488,6.9162222252996095
7.5894571089955205,8.125729956822845
3.6278050110447695,7.771001588736886
55.94164352920887,142.97647313976518
4.993796008301664,5.700457050917845
2.1282751790254975,1.91071917368623
5.603066941905047,8.520386330236184
10.666414426645403,4.685592613527667
2.709725522053379,4.64739189668373
5.500130756775696,5.039456466094096
5.700439008919291,7.309723031803257
2.220083127924637,5.243556127801626
12.032405423902315,6.492853826469845
21.380123857269236,6.20795346108855
1.6469789620694129,8.13593741708718
21.132520601147327,6.370364133386247
2.061505761644306,5.459028522944822
23.09943635483493,11.00904082917136
5.444489575624715,8.663767125206126
12.138123668089214,6.425186081895978
25.597725388514515,30.865874803658162
8.69671661390029,6.6100048550891835
5.252527500653775,7.447646797377853
7.692393294124865,9.334615689025572
27.89570617005063,6.604787707247562
123.5484606867231,74.11844447048382
26.31271456630478,13.85166737042078
2.425955498183318,2.0324314863060553
6.037068154882796,10.476035322825837
21.413508565959823,7.389994172122722
5.146809256466899,9.929496586317038
5.78111872158821,7.350115210526024
3.202149975239665,6.8498744953246
21.157559132665284,6.800008831691956
1.2101956900341089,4.578278474594576
6.084363158861133,13.421420873917596
5.6754004774013245,6.474292225022387
4.6126539174173535,5.069922700177573
18.450615669669375,12.809661866430417
5.878490788602468,10.413388156344235
9.180794889913903,11.479684030545993
9.639834634409633,6.314307145096547
5.667054300228684,9.94541347658565
19.296361623164525,8.14058975270155
3.2132782114698637,4.158242385094972
4.495807437000264,7.415786641521517
11.576147738464195,10.444461674497697
18.598064799719612,9.572330133057163
14.463925040200811,13.272469068408826
12.822510196246377,9.188344872514227
21.62216299527612,7.356140929063546
2.9350723057149044,3.746295017124452
42.50708034030143,18.49948295275379
11.948943652175805,6.815046186993357
2.7375461126288805,5.601545469744678
22.05894626731141,7.237074317795489
7.917740077786386,10.64905966152013
33.17327220222226,15.683253206173749
2.6513022818448397,6.085994592292857
9.931950835452351,11.02441930370847
6.020375800537487,9.474902019698739
4.907552177517623,7.048529881561267
6.537838785241739,6.964013895867743
4.899206000344973,5.361161736772753
1.980826048975372,1.7019374046405118
2.047595466356556,4.479042191306227
3.5137405896852343,6.392192282005203
2.392570789492722,3.9791536468800768
12.318957506829989,7.818905016922682
4.593179504014507,5.3789164681911625
9.12793576782049,7.774337527701496
8.582652192540731,16.465550214007187
22.317677759663486,7.548515181883447
3.0630470223621895,2.1972780101701037
2.5678405101183555,1.9794100139164876
30.5442263928379,7.377269341718641
3.5332150030880873,5.705321985348496
6.217901993623519,5.632128877567637
21.413508565959823,6.658840393093141
20.776417041781006,6.120251939550995
7.556072400304922,10.584238661059295
3.8642800309364937,9.535678781302682
3.2327526248727247,1.8097024035342955
34.864764109212466,14.303560200980574
23.814425532625247,39.19692691062464
25.519827734903238,7.156586135387487
3.519304707800333,11.107429209111713
5.029962776049813,9.818800958469295
13.225908759591077,9.926360343344772
3.6611897197353693,6.75733434032366
3.15207291220378,5.086565449021534
28.594002993495497,11.021263761075284
23.66975846163261,7.987273407389613
6.000901387134661,10.34045668230186
11.929469238773002,16.977946591995632
6.532274667126623,12.556380768560647
4.799051874273186,5.829212651678018
22.426178062907866,7.666628928996721
11.425916549356495,9.601612715010447
4.0478959287347775,11.332932062889935
20.12263316325678,10.929482987620867
5.427797221279409,10.081277736646516
33.68238900975391,33.260276643685444
4.6265642127051185,7.428537682736173
22.459562771598502,7.69651158378169
3.5693817708362325,8.00324387594939
38.44249205722134,14.337903282556194
5.903529320120421,10.240854656180824
1.8834539819611336,4.814040573399214
4.7712312836976905,9.358950885116077
26.89416490933269,13.113978889921452
15.343055702386417,6.182338042422234
21.917061255376293,7.791285244796751
12.953266971951317,10.498987584128361
4.328883893547292,6.869482678688383
6.604608202622932,7.1076659507441295
10.352041753142311,13.021282812981196
3.3106502784841045,2.415809300666367
12.608291648815126,8.523734452883884
7.0886864786365615,9.86935512819352
12.942138735721116,8.119930375051824
4.632128330820206,6.764850070726632
5.246963382538671,9.79975321795455
7.319597380413183,11.74066974144662
5.305386622747224,3.708286509024233
7.606149463340822,5.61668792259415
7.664572703549355,6.809554399472839
4.395653310928486,8.964936869336796
21.936535668779182,7.548751133806183
13.643217618223618,15.810454391755842
26.06232925112528,24.625472239257324
2.8237899434129243,5.149493276406604
28.905593607941107,12.041305750318704
17.95540915742561,16.039805629992966
53.55463685783125,11.227405430614189
4.451294492079487,11.157449806955945
4.420691842446428,7.075010679308849
3.566599711778678,6.448428518224586
5.616977237192795,14.833054808849443
6.237376407026379,5.184165571261191
1.7526972062562924,1.7783906758752626
13.064549334253286,7.229228747540488
2.6846869905354414,5.081256213124634
3.4247146998436526,7.538261515046142
3.1437267350311284,5.852526887906631
7.261174140204638,14.728429728305969
3.076957317649945,6.161629569437272
12.958831090066392,7.768066200858064
4.2982812439142535,6.236301630070436
19.246284560128593,11.959563508520352
22.00330508616036,8.137352935547895
3.1465087940886765,4.652274410629602
3.566599711778678,5.824856951987695
2.985149368750798,7.430782207616117
1.4466707099258311,5.585718894972179
11.361929191032893,6.0223601100400606
4.092408873655566,3.068468559705006
12.088046605053279,8.592410761906363
15.902249572953918,8.309555291422551
2.6206996322117866,5.425738381300993
5.280348091229287,6.988473340682566
6.6352108522559625,16.021369526008673
13.515242901576308,25.80015110876871
29.773596033896588,9.410333237957637
12.049097778247601,7.787714989884421
25.458622435637082,11.872284489776849
7.261174140204638,10.791787563289187
6.874467931205252,1.097027705074
10.7610044346021,11.84150701235498
6.326402296867973,6.365879481348228
3.085303494822591,5.695463984230771
6.576787612047429,6.290216650714605
6.587915848277624,11.743247150697915
16.962214073880425,9.604023783770561
16.4976102112696,15.72788277839156
2.1394034152557024,7.600450696772369
16.085865470752186,9.27184994522406
11.673519805478412,20.70975987496543
2.503853151794713,1.7309057294847205
10.335349398796994,15.967553473462342
5.144027197409349,8.68618625546426
22.673781319029814,9.217900087702256
18.47565420118743,5.494383732375192
4.320537716374637,9.433417156995494
2.754238466974179,4.838606843930563
4.000600924756435,7.19855422437943
8.710626909188043,6.836391888057568
9.46734697284153,9.186151464681855
4.025639456274382,6.1856430063211985
31.75998620098705,7.32254925649963
16.984470546340827,11.971125298424054
9.055602232324206,11.18191677269006
10.249105568012984,8.654156112346232
26.00112395185924,13.349030274911836
22.887999866461247,21.321588630779388
28.26572002470468,41.25347393581581
5.85345225708452,6.674154394822639
4.084062696482914,6.142026779393639
13.028382566505103,9.862094367615668
50.50828218981426,27.5677058095335
13.676602326914209,8.444576778756835
2.709725522053379,6.069426453211986
11.704122455111504,6.215314239891784
6.50445407655115,13.174826332147818
11.996238656154214,6.23818006125049
18.497910673647834,7.256295792316947
4.1647424091518666,6.824398781963544
18.353243602655233,9.12288214787408
0.995977142602782,3.206886280702571
3.9087929758572915,6.619518003926962
31.90743533103715,59.301671534848495
9.553590803625596,3.7458570043638577
9.909694362991958,11.759232978730621
2.821007884355368,5.118920059170704
1.9641336946300716,4.177910676544132
17.9081141534473,22.317752038713802
6.284671411004713,6.375599640581067
6.390389655191603,6.450273569812294
3.057482904247095,5.459204218921051
9.503513740589684,17.918250388913062
6.037068154882796,6.645962873772677
21.421854743132474,6.7474875857816405
15.955108695047427,12.725482172061028
14.53904063475461,9.574315999449222
7.186058545650798,8.99492733033077
3.430278817958757,2.3390029115130058
12.026841305787189,6.824791266180246
2.996277604980994,5.211052613803321
7.09425059675167,7.745852993491104
2.512199328967352,7.598212824508931
138.56323342031888,72.76922798424611
7.533815927844502,8.623564751912046
10.510619119422701,12.36962985701387
5.608631060020146,8.34075268739902
4.854693055424179,7.728063150347219
8.602126605943587,8.375002162734155
5.029962776049813,10.869234236440581
3.101995849167887,5.9025495162011286
3.5916382432966314,6.071592569828591
1.9613516355725222,4.305077015318566
19.185079260862526,23.326164450643887
5.8284137255665724,10.190622474137259
3.1743293846641754,5.369448184389956
21.967138318412186,7.911955308964073
8.866422216410827,9.0606585901565
3.997818865698876,8.712793855392077
10.382644402775382,12.138603501782052
8.254369223749888,6.773895980296616
32.305269776266776,17.64538299583339
3.268919392620872,6.392686867040545
10.340913516912094,13.288765006828035
3.396894109268156,6.666098517280856
2.517763447082449,4.989939089600891
4.37896095658319,4.423733466222069
2.250685777557686,6.094844209609081
31.295382338376307,11.314038650726507
2.573404628233454,2.2633206594464697
7.222225313398956,4.703977604006557
4.484679200770062,2.6968232088204185
3.4386249951314007,6.394634408985062
12.839202550591704,7.547093429310229
14.655887115171705,11.12593678276814
28.491066808366185,8.659459794925905
6.512800253723788,8.487622083295907
4.618218035532459,6.013726908994492
20.0920305136237,11.96519134304219
2.501071092737165,3.9749992544376633
6.2039916983357815,7.696311707123844
48.188044935817985,16.10841600062156
8.310010404900876,6.375388820658063
15.743672206673573,6.461115479088616
5.50291281583325,7.910351675137079
15.913377809184128,7.520883243484138
8.109702152757306,7.7604148880258474
1.7944280921195417,7.399742917600307
3.0074058412111966,6.066960253574608
10.438285583926412,13.480410067300728
29.26726128542265,14.150354496714566
25.60050744757215,10.421264811300837
3.828113263188352,10.868398297878148
23.14116724069824,22.779707079054763
6.729800860212671,8.844472945964194
7.280648553607489,12.754629202646617
14.130077953294778,18.517741283202767
28.249027670359403,11.493282731556008
8.782960444684335,7.9337289808595575
2.993495545923455,6.082442699164081
20.909955876543304,20.377929594981822
2.47881462027676,5.997422172941066
4.851910996366633,7.676063248042705
16.158199006248477,14.487240487460548
3.3384708690596065,5.767634441539374
12.438586046304618,7.100867821349507
2.69581522676563,6.220888515961449
4.173088586324506,7.78535475147519
1.9919542852055712,1.8675217003654536
11.01973592695431,8.438725611558425
2.7848411166072222,4.469955655961763
31.031086727909116,9.162084181500905
11.373057427263081,6.365425100888615
92.03329568280064,25.222624804474766
2.8237899434129243,5.721636376922295
11.083723285277886,9.102148751028546
2.540019919542855,4.172429883534073
2.1032366475075515,1.793544705377764
19.19898955615031,9.725182494629369
2.7125075811109354,8.084888030014907
3.444189113246507,5.655215768874782
10.296400571991299,7.819038659966382
12.168726317722298,7.381875882591094
4.189780940669807,9.085629932902318
14.728220650668007,9.372489543397943
5.680964595516435,11.448898751112733
4.562576854381459,6.62323410272632
10.382644402775382,14.453895463486457
2.4343016753559623,7.852081942501521
3.8587159128214013,7.872289757165654
5.10229631154609,7.239212466906599
2.1310572380830513,5.040705483625891
6.507236135608684,6.9151973939505655
7.113725010154515,8.592798354774956
6.223466111738621,6.942757080060061
15.496068950551706,9.805816258000018
7.8008935973692894,13.513278528362509
22.092330976001968,7.034455570358969
5.625323414365445,10.152743082920066
2.3480578445719154,4.471538422350339
4.673859216683445,6.219093173537089
18.945822181913325,11.76274959958575
2.99905966403855,2.371380670491065
5.324861036150086,6.685539028940219
4.732282456891997,7.702826694502506
8.39069011756981,2.8183069926357507
2.512199328967352,3.2986254712793173
5.124552784006491,8.60745704258138
3.096431731052788,6.193976243805232
11.559455384118914,5.937715386148286
5.399976630703917,9.384727838091898
14.552950930042277,5.3117693407448945
7.472610628578413,11.275984277387655
2.4176093210106715,5.415002784322796
31.751640023814417,9.651530935734122
11.615096565269893,10.227761613276806
3.6528435425627244,5.409770508773557
5.772772544415567,10.844156090098881
11.56223744317642,6.299167235277112
7.575546813707758,13.187860473821948
28.616259465955874,11.135090869954277
6.076016981688484,10.113423237342554
2.946200541945099,5.290839778917669
10.212938800264908,9.037018049120764
30.836342593880637,9.015219071730591
7.700739471297506,11.776723294276252
5.166283669869744,8.955857742019491
109.13739476861592,43.35286412801065
4.554230677208828,7.718445546804812
7.9705991998798185,11.607866458744908
3.76969002297981,6.2583071607098955
3.15207291220378,2.2039897073877857
2.7486743488590846,5.077798227965233
22.662653082799615,8.296341331932716
2.4482119706437135,2.0153573962809577
2.873867006448806,5.594349099016721
8.18203568825358,16.49592178276006
7.978945377052463,21.238206094126717
3.9922547475837806,6.310005557880111
16.650623459434772,11.09977662651764
11.601186269982103,6.159682496726563
3.0268802546140456,6.822939562538871
2.7681487622619145,4.378020600310696
2.770930821319472,4.090238567683187
9.222525775777155,9.99713529823891
29.289517757883004,11.031138976392647
6.3069278834651215,8.19655590311836
2.66243051807504,5.463279354360621
15.206734808566523,7.2383618755256585
8.980486637770337,9.90556455274589
5.995337269019562,9.33179163152874
12.051879837305217,6.55891307355388
57.23251893191187,7.790181439772423
3.3189964556567566,6.835121363284243
3.9087929758572915,7.675974922782413
1.6191583714939124,7.24436549504123
18.598064799719612,9.491968587457757
3.6500614835051737,6.56091604308025
7.9705991998798185,8.666312927314594
4.161960350094307,2.2685936700048743
14.419412095280007,10.003951053176616
5.903529320120421,11.641692545570097
8.343395113591482,10.657515105227043
3.9755623932384734,6.94547946094534
13.378922007756401,9.378628462415277
2.361968139859671,2.45039701941348
14.210757665963717,11.503358325110936
4.248204180878349,5.577427582560257
1.8973642772488768,6.585792781696749
3.6862282512533144,9.555120721602714
5.39441251258883,8.26992705554312
2.960110837232855,6.711581989386458
3.280047628851067,8.164581509026691
8.029022440088347,10.126093124529227
3.366291459635103,6.020486409465077
2.484378738391856,1.8979891049761313
14.021577650050427,8.1618392964807
2.5706225691759004,2.109698597870393
7.372456502506621,8.49433594844118
31.070035554714757,17.218000208556838
6.1038375722639735,5.594388767264028
2.6846869905354414,4.3524392798005405
31.899089153864548,9.06814088470705
12.463624577822493,8.233779620546951
24.139926442358483,8.521915952489872
21.469149747110812,7.377272620667666
3.1298164397433745,4.69738054344675
2.3675322579747715,5.311805090224089
8.301664227728224,22.908530105111062
6.701980269637149,7.620787845100841
2.8432643568157756,7.057882338367433
11.921123061600406,7.763779264767684
31.954730335015483,9.273507432347902
2.576186687291004,6.328834687788504
1.7888639740044392,3.2845623017980308
5.1968863195028,6.252590365755791
13.732243508065222,6.51728232584585
29.35628717526418,13.550177274579815
4.490243318885179,9.75636867075547
11.097633580565612,7.002021537343309
12.268880443794098,6.831740292969905
6.415428186709539,7.816749534207922
2.873867006448806,5.231052222400018
6.382043478018955,11.302354955806596
40.367676925045835,16.875244564934892
7.689611235067313,12.309487694408828
11.57336567940659,6.608963440243878
4.195345058784903,6.621198251517644
1.972479871802721,3.5635610513026195
17.131919676390936,13.71223244749314
2.5539302148305967,5.443226132437923
9.650962870639807,12.069734795377778
2.501071092737165,3.925099422215058
4.584833326841851,7.859865646723301
3.3301246918869607,6.0104837327731415
25.503135380557946,8.250203127290206
7.867663014750482,9.57325456811875
5.5196051701785445,9.31536372649717
5.294258386517035,10.140053739225047
3.6862282512533144,5.131111978307436
11.417570372183881,6.263527727501499
1.9502233993423201,4.538683581332458
1.7220945566232477,9.408768716758505
5.438925457509613,6.89614890081578
2.690251108650525,1.9646102750921806
20.615057616443135,11.13516743893479
21.513662692031566,6.742766071775733
2.170006064888749,1.7686408130738198
14.263616788057199,10.355914786106737
7.820368010772135,5.889465418603158
2.6179175731542363,2.100870916616825
7.556072400304922,8.063997293512275
1.9057104544215329,1.734911189701762
5.756080190070263,6.360258657224537
10.21572085932242,12.19126285672073
29.24778687201974,14.044868403911348
42.72964506490541,7.355207563878071
8.666113964267248,9.539649412699747
16.191583714939124,9.284982214436623
10.30752880822152,7.152777869392775
5.516823111121007,6.628639217204161
1.0603818097850592,7.109528273988081
27.625846441468312,8.110180780953403
31.701562960778535,14.796034619274662
3.8921006215119855,6.397983978482766
3.4414070541889474,4.614783248396803
4.420691842446428,8.794839329649335
7.127635305442266,10.473891247917468
12.026841305787189,7.118513521100728
30.53866227472284,14.403489461210464
2.9907134868659013,6.661311370894852
2.050377525414109,2.64631303610798
5.018834539819615,7.828955449362581
3.466445585706888,2.629578708702432
3.586074125181526,8.751918144390768
8.688370436727647,12.680368241998085
2.542801978600405,6.830919446289948
10.602427068321784,6.374269912878663
32.6196424497699,9.914016465234626
9.01665340551848,12.868574807049844
5.797811075933523,8.731753932108314
4.559794795323913,8.875012254682384
3.5777279480088735,5.49391221415169
27.737128803770172,7.566156696039469
25.36681448673795,6.469819596193299
22.640396610339163,16.789647364783743
7.5282518097294355,14.112546430291072
12.630548121275485,17.94047278170916
26.71333107059203,12.635923500543042
9.6954758155606,10.867124118381707
54.077663960650604,14.11013672555387
5.4973486977181425,9.940477819353335
65.37004167524476,17.709274997130912
5.1913222013877,5.540549307890306
5.6893107726890895,9.736907913487837
2.506635210852258,4.934850535978101
8.440767180605697,12.202526890143746
3.096431731052788,5.106913082299547
5.753298131012712,8.520168079047407
11.71525069134169,8.40787680853217
4.462422728309689,6.8953035215691045
2.1032366475075515,1.7935399982557276
2.676340813362788,3.8192073512875635
23.324783138496464,12.82108387255928
21.513662692031566,6.315433144049846
6.318056119695315,9.150453444822992
4.476333023597427,3.6001554483728726
7.8620988966353735,9.822149083390423
7.02191706125538,11.790286249976813
23.168987831273732,12.046960613036507
5.127334843064051,7.3790175375461065
4.412345665273771,6.2566449564772855
6.871685872147699,9.190437209088845
7.222225313398956,8.115250785412563
15.13718333212781,10.051901709022909
9.765027291999353,5.394710042624795
20.578890848694876,10.778741316783005
3.00462378215365,8.238010880550755
2.400916966665374,1.9034474390503924
3.700138546541068,5.643518841239598
2.787623175664772,5.623344697362984
2.284070486248276,2.1218720360877623
11.136582407371321,11.189571143926148
2.7848411166072222,4.980084565314921
6.234594347968816,7.231823376274763
3.9755623932384734,3.1786074649877514
20.595583203040185,5.868000454207434
5.093950134373445,7.504741371143919
13.662692031626394,4.650883957615211
2.615135514096694,5.8945419251664495
9.347718433366882,12.490624200255539
6.248504643256563,7.274512615470488
3.1325984988009323,6.111800433301877
6.089927276976237,6.162920872944384
6.54062084429929,7.603080059365949
3.357945282462461,6.878210351063037
2.821007884355368,8.585070225071526
5.975862855616696,7.530527474801511
6.446030836342598,8.88082636829152
2.940636423829997,5.399600767192575
5.411104866934102,7.419424364119484
6.220684052681064,6.1109858468346
11.82375099458612,5.8156461565621465
1.4911836548466297,6.101425346460405
21.677804176427102,7.459892635781782
4.543102440978624,11.811578100726203
10.652504131357704,7.460357491148142
4.059024164964975,5.501986767293315
5.338771331437821,5.3311805592812505
4.757320988409931,5.950866173377153
2.2645960728454284,5.190996341979668
6.234594347968816,11.319430347216434
3.997818865698876,5.119177808547278
98.80760948793427,30.834152939881605
5.897965202005306,11.187196662447723
2.6373919865570943,5.642891871480918
3.2605732154482174,6.919939397556599
5.772772544415567,5.798620332748802
4.406781547158677,7.151229427289983
4.687769511971194,9.823428230065373
7.408623270254779,9.835431109183984
6.660249383773925,8.32762738133454
27.88457793382041,6.950738021214037
2.003082521435758,4.711412021116929
5.761644308185359,6.858984955491511
9.653744929697371,10.68738030550825
22.871307512115937,11.368914918319874
30.669419050427635,9.53811104944104
3.2605732154482174,4.949250386731395
25.21380123857275,7.2641326318224415
7.083122360521476,9.062415998202864
5.66983635928623,4.27879451771924
75.65253195194822,378.23425474566045
4.960411299611077,9.383312461348341
3.118688203513177,6.401528611142056
3.3050861603690076,5.846582911299802
9.94864318979765,13.488864526212447
2.8989055379667605,1.991486462011581
10.446631761099022,15.465231607655024
16.87875230215388,11.448880840247796
28.48550269025109,11.379839559202505
5.252527500653775,5.710644503397872
11.673519805478412,4.80032233470063
3.3635094005775588,5.302346694736217
4.18143476349716,6.571781397086164
11.044774458472206,7.490208597621096
9.809540236920137,11.895156205562035
38.18376056486933,13.235365453329647
4.687769511971194,2.8419591586206443
3.644497365390066,12.06677238609152
3.2466629201604675,6.962811520654593
5.66983635928623,6.438755568122141
32.58625774107931,11.005199605218515
3.2271885067576243,6.840292931284367
5.714349304207037,5.772630251056142
2.7041614039382855,6.0618270776985455
11.183877411349707,7.12357801093321
11.848789526104097,6.672442689161543
22.77115338604408,7.994289851660378
2.4899428565069632,2.0967207447426697
12.719574011117112,8.947129458857896
11.982328360866381,6.504501379303407
3.1409446759735853,6.206400524490072
3.5972023614117306,8.830010422697022
2.3536219626870163,9.066589017072246
17.304407337959024,27.38166443462706
4.876949527884571,9.731216570288293
5.644797827768283,10.510353336423549
27.723218508482514,7.703250081020375
9.929168776394786,11.82466872676312
2.5956611006938517,2.2976132335096344
27.5256923153965,6.577328871044554
16.483699915981827,16.616143357490145
6.006465505249751,11.377213210201928
10.349259694084793,11.608949377171944
4.2148194721877585,7.519779373164212
2.4955069746220584,4.185734503367893
36.45331983107337,11.76993778029455
3.7363053142892095,8.5433005807187
5.029962776049813,6.579905040497366
3.313432337541665,5.5986234302565006
17.546446475965777,15.20624475916231
9.664873165927569,16.209948992584565
18.172409763914523,22.26801990174196
4.993796008301664,8.4399498555108
5.068911602855507,6.5387271776263
6.682505856234308,11.98142444041877
8.18203568825358,13.973353793124696
2.4676863840465586,2.049493424843377
30.82243229859282,6.857827354379224
9.459000795668887,6.832294252793882
7.044173533715778,13.263314162329385
7.953906845534512,20.108915125178843
7.305687085125432,6.913610001679849
3.786382377325113,7.346821281560617
12.458060459707406,7.758085495937543
7.650662408261587,13.555260014212516
5.127334843064051,5.441596176819055
30.967099369585423,7.523488044420105
151.3328844944721,153.6500065558411
28.08766824502151,10.996239421488847
6.654685265658831,8.070907120170508
2.1338392971406015,5.441618369735548
5.099514252488547,8.231949034171661
1.6191583714939124,1.8915927518675255
4.159178291036759,5.931087981511474
4.406781547158677,2.101558971309288
36.07217774018913,9.582065490914239
3.1298164397433745,8.557692206972877
26.952588149541157,13.000287390917542
8.52422895233219,15.780651477930888
5.803375194048621,8.27809125631972
8.335048936418822,7.459413972435147
2.245121659442594,4.094082055809298
21.68893241265731,7.487180709509256
4.748974811237287,7.438459898820659
4.896423941287436,11.740713122275963
18.742731870712195,6.9905359788655534
6.749275273615524,8.51252732050084
36.723179559655705,12.159208362095809
3.789164436382657,7.484775986107525
3.4942661762823923,5.387523346849064
30.221507542162133,7.678344752417755
7.308469144182982,13.697492071096356
85.61786749609125,63.92435840347593
1.8027742692921895,4.587629107503013
21.277187672139927,7.757824064887511
11.445390962759415,6.284517283766036
7.475392687635956,12.606803399550243
4.554230677208828,5.14377466814453
31.14793320832607,8.235021672639153
2.7013793448807317,5.386383580670892
6.676941738119217,9.132382074129213
6.5628773167596846,11.359459512878484
10.722055607796422,11.632238255266547
11.437044785586684,6.286962394128915
2.706943462995828,4.139367712113789
28.58009269820782,8.936992851163753
22.173010688670942,6.9770759707030665
21.3968162116145,6.935664015770308
5.219142791963182,11.297887353666928
2.690251108650525,6.506617976125976
3.4942661762823923,8.976622266152354
5.366591922013329,5.492809683017685
80.61850736967429,13.554756791596738
11.846007467046515,6.87324668333915
10.964094745803315,5.832538429112503
3.5777279480088735,5.7281460381749065
1.0599645009264278,4.462505777529793
11.450955080874484,13.713650525957442
28.73310594637303,14.546504515028339
37.39921991064026,11.562628629474064
21.88367654668571,8.561055292444038
17.318317633246696,16.98803367494705
12.471970754995223,7.422615012848998
6.340312592155715,5.2716008826492216
5.5084769339483595,7.121452227687183
104.64715144973087,15.959869937965568
11.7820201087229,16.806884197298118
4.303845362029354,5.399028371207285
2.1394034152557024,4.679240853726802
2.4509940297012576,4.284208521215659
21.969920377469766,15.037822129338732
3.3468170462322537,2.2651953173158157
2.6652125771325936,2.380598570169468
9.581411394201085,8.609741084280092
17.145829971678584,8.104435997498058
10.009848489063717,13.604184131035227
2.9128158332545113,6.113987449900629
5.361027803898218,6.9202975837187575
7.998419790455309,12.935843897065014
8.866422216410827,7.342831017932325
4.2426400627632495,3.3553061186843887
6.663031442831468,8.589732696886404
22.590319547303306,8.312571912056669
4.167524468209407,2.720574763449531
7.695175353182409,13.908068602620228
10.549567946228406,8.273887501287843
14.285873260517615,16.6462402461411
39.602610684219634,14.547216989492306
3.4692276447644352,6.587134651239056
21.27996973119754,6.567658128349303
137.69801305342096,8.353221610356856
3.2494449792180213,5.924262792613203
12.797471664728524,8.933438863335846
16.781380235139576,16.428702158945313
2.5205455061400017,4.2419494567920335
3.6862282512533144,6.089064062394992
17.118009381103075,13.849358659056222
3.9087929758572915,6.459004393393488
3.046354668016887,4.369701286888864
2.542801978600405,1.3283643811493653
2.7375461126288805,4.306163239371984
5.413886925991653,8.02455785730574
28.983491261552498,12.522522340465711
7.280648553607489,10.759163535147042
3.819767086015702,4.583635389868053
3.630587070102327,9.528528175409576
12.402419278556398,6.440403892257399
5.310950740862321,6.337847454035088
7.606149463340822,6.757129992762376
6.877249990262786,7.610239154844658
3.3301246918869607,8.179422502751606
30.463546680168896,7.542514849526425
11.467647435219822,6.553486711706615
342.46868792530677,119.61979621872761
29.425838651702854,9.016343496709185
7.48652092386618,14.183517431925768
5.4973486977181425,8.22741967372793
10.232413213667684,7.255335935864218
4.94650100432333,6.742111772446104
21.535919164491993,6.3776111356811445
4.186998881612258,6.087980412476804
13.323280826605394,9.866593173416971
145.41266282000603,86.46137888673054
4.915898354690264,7.613880927686501
2.6652125771325936,4.908853629731312
3.7029206055986226,7.434180886377423
8.579870133483201,7.338466031256921
15.067631855689005,6.00129735702305
3.8058567907279426,2.5124899486108534
6.365351123673641,6.421798789689738
3.747433550519417,6.8453054208818855
5.547425760754061,7.734154605544995
11.17831329323458,10.444871974100524
3.786382377325113,8.723137977112364
2.9879314278083466,2.1331249759008535
7.867663014750482,12.21509775201689
4.651602744223044,6.683726782950469
2.851610533988417,5.837487562526705
14.71152829632271,13.34971329739836
27.748257040000425,7.465401267828552
1.5356965997674203,7.159199315257797
8.332266877361281,10.58576276397447
6.654685265658831,7.78075502223419
8.1987280425989,10.496708417926161
2.5539302148305967,2.128046264943754
5.653144004940944,12.251027659246246
2.915597892312058,5.1801865465838555
32.085487110720464,8.595133885329066
2.1032366475075515,2.3488972589311348
112.15871090511517,71.76232163676681
2.8822131836214635,5.1403270936765155
12.274444561909196,13.919716623688092
2.403699025722917,2.180609725552314
5.472310166200204,9.443769699949712
687.1574589785399,22.68970905773196
5.789464898760881,6.158298018261055
6.788224100421192,7.811177049002052
5.146809256466899,9.335583371191202
27.915180583453388,9.430240672177794
23.41380902833806,49.43219522199226
1.4049398240625803,4.997831242492628
16.956649955765297,9.219324403920858
5.24139926442358,6.805399488194449
8.919281338504247,6.482369829436334
10.674760603818095,17.18721833546607
6.318056119695315,8.268505158796577
14.299783555805304,8.556409426427075
22.32602393683613,9.69111552008414
6.521146430896441,7.224015931972014
5.917439615408155,5.548861508938231
21.733445357578002,17.570637273467504
4.504153614172923,5.906938725588181
17.248766156807992,10.54691646213215
7.311251203240541,8.192325653300449
28.605131229725718,10.499538817135738
18.144589173338986,10.72119566852959
13.13688286974958,10.847341320826432
31.359369696699872,7.994798922622034
27.979167941777124,10.282247113410559
37.94728554497755,12.89747027680537
9.945861130740091,5.757923406652238
3.2717014516784144,7.0659345053355045
18.55076979574123,5.515089588425438
6.382043478018955,7.550260754394451
29.84592956939286,21.804915574180466
6.023157859595037,7.971625599770564
5.063347484740408,7.455684150112142
10.541221769055701,8.464822011920443
11.82375099458612,7.84823204534887
2.1143648837377507,2.125356227798612
3.0992137901103343,6.57432856492078
3.076957317649945,4.7578874387672245
2.4955069746220584,5.2327820943468515
6.727018801155123,10.262113550480981
3.8169850269581507,7.287943858614564
3.255009097333116,6.766178672531002
2.709725522053379,1.985835934202184
27.692615858849535,7.290214129398958
2.8432643568157756,4.375116764386915
2.759802585089282,5.703328978633811
3.1437267350311284,5.713649088775686
16.163763124363584,9.293414025342901
2.462122265931456,5.450473451349757
23.283052252633208,9.78481574583043
5.046655130395108,2.93274283201799
56.617683880193454,24.71092253778944
3.391329991153045,7.0173643499227145
38.470312647796945,6.449203251871951
30.608213751161543,32.68068838419359
2.534455801427753,1.9010438185858745
21.864202133282916,6.682955090434626
28.524451517056782,9.515387857421711
2.731981994513781,6.989231609421295
2.676340813362788,4.491886872692519
2.815443766240271,6.778346374384169
2.231211364154838,10.700715306089737
6.98575029350722,11.20838190687318
3.235534683930265,7.40505185165717
21.90593301914609,6.934446504596022
5.884054906717568,9.161426633148194
3.0936496719952435,2.6279340112040988
11.915558943485314,7.419091751788127
6.68528791529186,8.300280672498541
5.477874284315317,9.73856283895125
12.01293101049952,5.318403324004296
14.700400060092516,12.096933013203365
18.036088870094478,7.935585078380669
4.440166255849273,4.805566866071633
2.960110837232855,6.699917543917531
6.471069367860535,8.003718687455256
31.06725349565722,12.049410905262137
26.329406920650154,13.30821840388395
12.341213979290396,6.902178548381156
5.889619024832662,5.977127015759457
14.194065311618377,9.974247822445317
12.088046605053279,6.319089232306795
23.717053465611,6.1265405321318305
5.121770724948948,7.720969417413741
7.436443860830289,11.523793432778735
14.516784162294227,7.139838279487121
3.8336773813034464,5.713264004530635
2.517763447082449,1.5885044389852854
5.73660577666743,4.604358204688393
3.0380084908442355,7.156055392903883
44.159623420486085,10.280346218127182
12.430239869131908,7.900419267676605
4.220383590302851,10.920133033710592
5.806157253106164,6.759948878121994
3.0018417230960956,2.3977331906663335
17.457420586124183,14.551423522413318
2.4120452028955683,5.683177882932316
73.5270388319804,17.366816378514077
13.72389733089252,5.242884326522346
6.829954986284456,8.067490804481446
4.938154827150675,3.2156936239170975
18.23639712223812,7.133664706566477
5.706003127034378,5.875533625017367
19.841645198444336,20.882517226632256
21.919843314433937,7.534564559098827
4.245422121820801,7.543625046739175
3.9727803341809262,7.157953900088105
13.328844944720501,10.391359667910875
26.62708723980786,13.384974622927515
3.8114209088430453,6.7327119527407
7.93999655024678,10.041114630143495
26.270983680441624,29.833464121373297
3.1465087940886765,9.137743652091844
2.7180716992260265,5.385305222015582
3.4887020581672896,6.288901959332839
15.810441624054818,13.288910346402155
29.94608369546475,10.040936262180596
2.5539302148305967,0.06491008778780254
6.512800253723788,5.93098967851549
3.8225491450732436,7.611218053063983
12.519265758973502,6.153292477526439
4.562576854381459,7.89847322738075
12.766869015095484,8.77679346712725
21.12417442397471,5.965699343749571
17.485241176699702,15.114028986393443
3.566599711778678,6.783357701755334
24.343016753559606,17.013568486787584
4.2927171257991565,7.519735483478156
24.68521001763835,10.537313093934337
7.389148856851932,9.36595053016164
3.2967399831963617,7.174136867045497
36.876192807820956,9.2791577244778
6.6352108522559625,13.712476210375014
21.8085609521319,7.17608185679352
3.819767086015702,6.618530215900518
15.078760091919213,13.122187447638996
7.005224706910081,7.656430964383094
6.49888995843605,7.330747346927007
9.609231984776565,7.488959691554408
11.7681098134351,5.851412007468243
2.6067893369240425,2.0682518304883617
4.829654523906225,7.971463722253173
3.385765873037944,5.780219567931732
3.697356487483514,6.024769024739929
30.368956672212203,16.34391336539049
3.199367916182123,4.997253012987625
4.0172932791017315,2.3068884178074107
29.32846658468872,13.563407210878095
3.352381164347359,5.824826332847174
21.580432109412843,6.543389158056848
70.65873594364656,8.255771705919841
6.165042871530085,7.241284430634205
20.776417041781006,5.764670969231824
4.351140366007686,5.289402000037581
15.078760091919213,11.027789884389755
11.667955687363285,7.015545022314612
4.7767954018128,5.758952768637122
27.664795268273988,7.2266906270103775
4.804615992388282,2.3947598064990037
21.850291837995112,7.179512260513763
1.6803636707599987,4.1208958190777745
2.80709758906762,5.661516890137931
12.057443955420299,7.322011374546462
2.6485202227872895,2.0486600893062836
28.74423418260316,7.217240294502525
10.007066430006203,12.297664875325093
2.779276998492114,5.589988491554477
23.54734786310043,8.68096913902161
4.0534600468498665,5.876464021709057
4.901988059402523,7.680465434115966
5.923003733523252,6.141028897811895
12.046315719190101,7.116455012998977
1.8305948598676884,1.8298382840237017
3.274483510735964,3.373653218775247
2.030903112011262,3.5420087340398085
4.721154220661803,8.041954822858717
9.570283157970886,6.254576997758927
149.57184111104283,19.526201030321857
3.3551632234049142,6.179114867338793
9.303205488446102,18.782836408364744
5.55298987886914,11.088278968973137
15.896685454838792,14.82917591816914
3.2160602705274246,6.288323313777991
8.52422895233219,8.107587710478219
16.703482581528213,13.054865188636663
4.253768298993449,6.304889918069655
38.509261474602575,33.84030488719115
6.142786399069685,6.323718577500412
28.685810942394713,20.302085620172925
2.350839903629475,1.9418855642494777
16.837021416290604,8.753170040832584
3.961652097950734,6.683768654383218
3.5888561842390794,6.346032127981871
9.92082259922215,8.417935477124653
70.87573655013564,152.81174791046996
9.333808138079162,7.854974822828771
30.47467491639908,19.220062191822937
3.9699982751233813,6.303909022205091
10.975222982033484,10.018210670401302
9.762245232941815,7.3263288393701576
21.110264128686897,7.013113130710942
11.743071281917185,6.302278946852131
6.991314411622326,15.63900792520153
4.061806224022516,11.882593187696742
6.660249383773925,7.763536689133562
16.56716168770829,9.32531416531874
4.6682950985683584,6.163257770529099
3.082521435765036,4.271320340558892
6.089927276976237,6.178216544572753
9.915258481107042,28.67146588621422
5.1968863195028,7.589243710084253
18.767770402230116,18.377187747282154
5.747734012897625,6.037483751021991
3.894882680569546,6.7193890082614685
14.589117697790487,12.522197505837209
17.29049704267117,11.590306586617292
5.294258386517035,5.316550684647124
2.306326958708678,4.942507673153139
1.5440427769400702,5.872198495297904
6.5573131986445805,12.168459478254706
29.05860685610634,12.940344728766428
7.391930915909478,9.467936051735089
9.28929519315837,10.099074572495965
24.713030608213682,12.918126644175137
15.679684848349993,6.035341607997697
27.94021911497137,10.068343266460653
20.71521174251487,19.86371969384604
3.4108044045559036,7.205678606789515
4.06458828308007,6.467017751919031
13.582012318957513,16.955347507811872
7.1359814826149,7.983651510395421
4.128575641403721,6.900771681977933
2.1171469427952996,2.074473665750817
8.554831601965255,14.374412497607219
21.869766251397987,7.363420326672298
5.441707516567152,6.42830104754838
3.15207291220378,6.494514786735489
3.7196129599439045,6.069711549592363
16.4976102112696,18.064202145575482
16.703482581528213,13.054896213770684
2.6095713959815936,1.881538500620675
5.224706910078287,8.759497785109515
2.9795852506356986,5.4957048836317
58.089393121637286,54.42794513435443
86.67504993796021,14.099527877456042
3.0630470223621895,5.915322105682453
29.07529921045164,11.245631569155137
1.8445051551554315,3.461794423104393
18.61475715406489,10.651075347094732
5.82284960745148,10.802642038784406
4.760103047467494,8.192218093921129
9.631488457236966,10.181082745237832
5.30260456368969,6.609911589215977
6.51001819466624,7.745789835317944
36.49783277599417,11.37036422094841
3.808638849785502,6.2398591428126995
3.808638849785502,6.264431681377928
4.167524468209407,6.590823470708627
11.228390356270495,6.968273064037045
25.51426361678813,8.10235356862657
6.404299950479355,6.367222531007447
29.409146297357626,10.003308565816544
33.162143965992094,9.81241258085699
28.46602827684831,13.361008865126728
2.8098796481251664,3.712301565355498
6.223466111738621,7.366768194271203
5.1635016108121965,5.256236948938531
36.53121748468479,6.381444692541462
22.017215381448082,7.2075555433657374
4.028421515331935,7.761857153946316
20.450916132047727,5.707192314939653
1.863979568558283,3.589176730831355
6.229030229853731,9.95894649660506
7.978945377052463,9.848300853232871
2.6596484590174887,3.9457867101595245
4.173088586324506,5.266624808577824
6.515582312781352,10.224290334424703
2.5622763920032505,5.659970551390168
15.43486365128558,12.344016119841971
76.32300818481761,38.152820337197404
9.178012830856353,7.176174482375034
5.32764309520762,8.695420200947696
30.52196992037752,11.213276126760853
5.441707516567152,6.286243043496532
4.493025377942718,2.921698992317994
12.199328967355283,8.586652933122314
8.716191027303143,10.76653337720183
3.4942661762823923,5.4059086719890175
21.246585022506927,6.940733409798405
29.167107159350856,12.78774824359154
4.1118832870584265,7.722744962952018
22.295421287203066,8.386407176740056
21.193725900413416,6.090466524881743
5.722695481379674,7.188280776141565
8.143086861447891,12.741660425552032
11.122672112083597,5.898109893236319
4.234293885590605,6.521594596242128
3.2939579241388075,6.138167941144856
19.49666987530814,8.439692500776838
4.203691235957568,9.583821089446664
12.263316325679021,6.85821001262761
5.227488969135844,7.650172188068027
6.921762935183594,4.946774345071622
7.806457715484376,12.747577709335664
3.0908676129376906,4.673358829662913
4.587615385899403,9.88186223235877
5.934131969753452,8.578042233455866
13.415088775504483,11.278263787849086
5.555771937926706,9.432292112310986
9.59810374854639,9.909154801009118
11.754199518147399,13.887726624590274
5.806157253106164,6.549451579375901
13.431781129849815,13.686614587639209
14.589117697790487,6.16272840279517
4.097972991770663,6.1397126496637
39.215904475220164,10.046185456848361
3.02131613649895,2.47765442388662
3.1409446759735853,8.978111808015921
2.587314923521205,6.394231082174105
6.701980269637149,7.002294608763438
5.864580493314709,9.869791004855111
11.826533053643704,7.5851195616557385
6.229030229853731,6.689116242082538
1.7415689700260986,5.759818643841875
6.518364371838904,9.692269477761094
4.991013949244101,7.230226843696558
12.088046605053279,9.789677454769636
53.70208598788139,16.375209481395018
6.267979056659405,5.988893430367205
6.359787005558542,8.94759081769304
8.560395720080338,8.212016345960706
2.4899428565069632,9.161151037389413
8.01789420385816,17.00267730381245
9.108461354417633,12.642120392457329
162.46390278372795,63.21932289211617
3.435842936073857,5.23154976321044
3.8587159128214013,6.159516391800801
6.451594954457702,6.732579186437995
7.394712974967032,8.13853703311686
3.235534683930265,5.8989523610944055
27.486743488590754,6.530067107930798
13.306588472260088,11.317301004957153
17.935934744022703,16.356722281883314
17.398997345915724,10.879045767993286
3.7752541410949076,8.345686208236048
4.14526799574901,3.8516918497750243
30.744534644981353,18.06293778707182
3.2049320342972196,6.104636089650052
166.2057722161333,74.73495719608911
11.987892478981516,7.433318741988517
20.562198494349577,5.627267789514864
3.7363053142892095,11.668759318138614
109.67711422578084,46.809249063947235
2.2979807815360345,5.239043950602949
3.2633552745057766,6.427950979054432
6.092709336033779,10.687314819648066
4.879731586942122,6.672169541538329
1.894582218191333,1.8367370677549182
52.75340384925694,12.1680537627344
3.8587159128214013,6.829988332904182
5.558553996984242,8.746565769247033
2.1032366475075515,3.727515867531015
7.1192891282696,7.263888887359074
5.475092225257752,5.66350292846939
5.4027586897614785,7.320900235822084
13.537499374036699,7.975118794140127
2.3536219626870163,4.728092070824733
19.841645198444336,8.995095949641815
18.784462756575376,17.91600302706037
7.887137428153307,8.895704437035405
7.238917667744243,6.839541232563084
7.02191706125538,9.514874463665354
12.015713069557016,8.4575115248752
3.2494449792180213,6.94619817093048
2.6874690495929787,2.1661322127274585
2.047595466356556,4.434166725902568
13.07567757048348,12.557919868394496
21.474713865225908,6.9760935709061345
9.670437284042665,10.82978524258679
7.695175353182409,9.925402431346557
2.7681487622619145,5.40595641967097
6.512800253723788,6.228082165446901
2.1894804782915878,3.6868059534432422
6.153914635299883,6.079879455141367
4.373396838468096,9.442003891414124
21.374559739154066,5.289715270205946
14.052180299683421,9.88468753917136
2.233993423212393,4.964653453449579
2.9907134868659013,5.675118310534531
28.660772410876675,14.40564846303616
3.761343845807161,7.287743462509631
11.812622758355896,5.518412280610309
8.620467330280494,9.440161788293208
4.465204787367223,6.397251315324405
5.97029873750159,6.710694604000868
2.1950445964066865,2.4093524846239336
3.5387791212031816,9.17790668715455
5.5390795835813975,8.652589103918762
4.303845362029354,6.58077462663378
6.740929096442852,11.880999408167867
40.96860168147657,13.482127897036447
2.9517646600601952,5.983398367871662
11.629006860557624,6.061941763495648
5.678182536458881,6.176034790096692
4.991013949244101,6.067596831018289
13.014472271217398,9.598892958959352
27.325384063252944,15.655623654704065
2.907251715139407,4.630570878428347
7.533815927844502,7.167177689301998
6.43768465916994,7.109049625226922
2.4565581478163634,3.3181017042366077
6.84108322251466,7.782850288085687
32.658591276575635,12.34169916184933
4.270460653338757,6.262926131439347
2.612353455039145,4.172858151377707
1.900146336306428,3.9433160282694564
3.8225491450732436,7.881281118527645
2.9907134868659013,4.41777219854084
2.923944069484706,2.082158652787028
5.914657556350614,5.387351374795298
3.049136727074437,6.692052221139985
2.462122265931456,6.255435010684338
30.44407226676607,7.548128504087372
12.54430429049149,7.632445237711682
5.619759296250345,13.601143586059019
3.786382377325113,10.416052418851708
3.6862282512533144,9.891175986844269
22.729422500180835,8.570802764168349
1.6553251392420616,6.284288743136068
3.0908676129376906,2.7394749447749076
5.043873071337553,7.213449180075369
11.948943652175805,6.711346150930434
14.102257362719303,10.62119730787787
2.6318278684419942,6.774850039414475
11.208915942867609,23.393529109492142
3.7168309008863667,5.35085460823333
21.402380329729617,7.288441031536716
7.416969447427422,12.556255043674927
10.20459262309222,9.918221169209898
4.629346271762659,4.606687791940676
4.6488206851655,6.240340094523213
6.1761711077602595,9.199403372334215
21.46636768805333,9.415639680375143
8.332266877361281,11.912090718869862
2.328583431169077,4.23693824845352
28.32692532397081,8.713945758451954
7.222225313398956,11.073081731693371
5.731041658552325,4.176253791235523
7.330725616643402,13.747864335047124
5.413886925991653,9.742943658497106
2.4899428565069632,2.0463418633680184
8.563177779137895,5.470149492911948
16.978906428225695,9.447453668180971
6.039850213940333,2.995989761861262
4.54032038192108,7.299741584273335
2.0420313482414567,5.90317503406752
12.563778703894311,8.150974350115648
13.220344641476007,5.801280625334412
53.82449658641357,15.685279444377969
9.600885807603914,12.609024213716726
6.459941131630341,7.719317755626514
21.694496530772444,6.9174193496593865
1.38824746971729,6.54833816804972
43.40846747494755,21.522293097033963
54.706409307656855,6.128701476503882
5.867362552372253,10.194230518292542
22.543024543325043,7.78228492898821
6.807698513824052,7.30549529685967
6.732582919270207,7.59963453402833
5.013270421704503,9.898824097762459
2.9740211325205985,5.836894312591958
9.52577021305009,4.917627038232417
7.275084435492409,10.643938331478223
3.7029206055986226,6.545942813216177
3.2772655697935082,7.278661245307305
7.019135002197824,13.207965287590351
11.896084530082383,9.9985566389081
12.474752814052708,8.659702307557811
6.482197604090734,2.2741158891010116
4.896423941287436,2.3934805953455034
37.051462528446514,13.233437585628169
3.18545762089438,5.290500185981438
5.411104866934102,9.699536663462439
11.142146525486405,5.8742785233131105
4.865821291654388,7.879866623796374
2.971239073463052,6.876967658709562
13.05063903896549,8.08069840474809
5.041091012280014,6.9204398174336195
18.84566805584151,22.686028911804588
57.6553919086595,21.683316491122095
8.090227739354452,9.284734773346253
5.722695481379674,6.239050203362151
28.140527367114856,8.724251730650714
41.730885863245106,9.965397974003523
145.36258575696985,21.031197450851604
28.671900647106902,12.163705054097344
6.07045286357338,11.708024783638335
3.510958530627694,6.767441402160022
4.8129621695609295,7.934506067777636
5.973080796559162,6.742514055595116
2.573404628233454,2.1039013716037878
4.156396231979219,6.272526234935943
4.479115082654976,2.413339239396391
16.94273966047749,34.89592108011513
13.451255543252685,6.034645029094474
7.122071187327158,6.109428238076499
2.548366096715498,5.5174548392016005
4.412345665273771,4.646469033434426
66.4355702942862,64.65430010457192
22.579191311073068,6.125780605832713
31.376062051045228,22.26921478646479
6.860557635917484,6.901304137471286
5.88127284766001,11.992884963431823
5.419451044106765,6.188124813147948
2.9211620104271643,5.451735180948419
165.29603890431426,403.3070815103733
10.972440922975885,5.006068082332093
1.980826048975372,4.704119381221881
5.3220789770925245,9.073843791053063
13.977064705129601,16.470980825750996
1.8918001591337792,8.865957877745817
5.135681020236693,8.678159900596402
3.9143570939723897,6.72455562616549
5.1078604296611925,8.235589701513852
4.06458828308007,2.931676970323308
2.1199290018528454,1.9680533947459626
4.186998881612258,5.816961684623456
20.834840281989464,6.448127326366933
6.529492608069086,8.825984166253594
17.12913761733329,11.768679283726646
1.8305948598676884,1.7039977718380401
8.335048936418822,7.017976654892722
10.371516166545202,11.651940594035043
8.176471570138483,13.433678128652614
22.036689794850968,7.0165850329373365
6.629646734140875,8.804200743930881
3.752997668634513,6.146559286342464
32.135564173756265,12.93771352473422
7.703521530355048,14.835558901439658
2.645738163729735,4.135621019290401
4.022857397216825,6.894213348482497
3.9171391530299347,6.298184872821728
22.88243574834609,10.176396452518814
28.571746521035113,11.382480217189702
6.276325233832051,11.425657553639873
2.481596679334313,9.810899918641615
4.879731586942122,8.077271286484143
1.4021577650050419,5.4517512899487555
3.0407905499017924,8.110541677018409
21.591560345642996,7.684666305859718
15.117708918724892,6.1867317575297145
5.21357867384809,7.265179834062787
10.710927371566193,6.195536094748437
11.067030930932585,5.697272510847975
8.602126605943587,9.184053940374127
7.7563806524484855,7.901575560286954
2.798751411894969,4.258023108762009
13.395614362101682,7.161608261486733
4.312191539201993,6.782655936510739
4.031203574389474,6.019595363514394
2.153313710543451,5.963230163074487
21.19094384135593,7.933989615338505
14.249706492769395,9.77349391516194
29.81532691975994,13.37156377328564
5.155155433639558,5.630714493944361
331.13179726579193,47.408974161652154
2.3452757855143718,3.806829938847047
20.818147927644233,5.899360514888767
4.148050054806564,6.151544636471378
8.607690724058687,9.17287320302905
4.173088586324506,5.799177370093193
2.7570205260317264,5.110300706050875
9.873527595243788,11.080462638208648
3.828113263188352,2.9958367694464645
10.29918263104891,14.417330179661702
21.449675333708026,6.43566405147793
27.606372028065394,8.057295646254408
29.498172187199156,15.23104048121081
6.370915241788757,7.363955729149653
15.838262214630308,7.474007341168368
1.4271962965229776,11.236136170469086
7.269520317377305,7.699857933956199
5.984209032789349,6.169427243252172
2.896123478909208,5.731105059696221
2.4509940297012576,3.9623526065727592
2.4509940297012576,1.9368166528640036
5.1885401423301385,6.68209967917913
4.484679200770062,5.745551011545298
36.67588455567724,13.033764755578089
2.8043155300100646,4.862268078658287
3.280047628851067,6.218474508871101
21.90593301914609,7.731071440129659
4.587615385899403,6.334802745512776
3.032444372729144,6.152277606266296
3.77803620015246,7.658573185524288
21.997740968045292,8.923076216880535
5.500130756775696,6.377913267868687
3.0240981955564883,6.6178861774852065
28.39369474135196,8.52826860997061
6.273543174774512,10.432893407085368
6.351440828385906,6.977038820159942
24.126016147070803,22.312725814943928
4.212037413130215,8.274530572263943
4.520845968518213,7.20309266880302
21.82803536553468,6.890282683495517
4.94093688620823,7.819000411907329
1.2880933436455013,5.274168135162412
6.1566966943574375,4.255004976685894
4.570923031554105,5.883004660939077
32.88115600117955,11.905058891920888
12.64445841656332,7.6031014127845316
9.133499885935581,10.455759384543093
6.9940964706798745,8.60510048776382
28.610695347840803,10.844797554393521
26.92476755896567,17.1401944777901
5.870144611429812,10.587466906540094
12.02127718767211,15.055326628466188
15.991275462795478,8.140324293874034
22.734986618295917,9.708287218881942
3.5582535346060324,9.80829463167511
5.082821898143253,6.7266215199485
2.2924166634209286,4.134873431211482
2.5539302148305967,2.156835704547042
28.521669457999295,6.8033674431721884
5.769990485358019,10.247952055239866
5.472310166200204,6.006385675280899
15.304106875580825,12.6528819202477
8.833037507720203,7.388873226318893
5.8284137255665724,6.455728058718131
16.43918697106099,4.615455789222591
12.413547514786591,7.257692043291525
2.985149368750798,6.063203076800994
9.834578768438103,9.669833942099293
2.971239073463052,10.137839103834834
40.61249812211016,4.568781975267598
9.397795496402807,15.821409343134741
9.998720252833538,6.068760053039584
8.518664834217098,5.261785400274804
2.779276998492114,2.315926767088865
3.850369735648749,7.639055754338358
26.284893975729343,13.642339100690315
3.1075599672829886,7.908666239023147
9.278166956928176,9.787875143747247
3.5471252983758346,9.005297251206386
5.71991342232214,6.056186630276403
4.284370948626502,3.4764464935771753
3.9199212120874924,5.006890441537963
8.966576342482588,8.802751769021588
4.8101801105033815,3.1384175833672887
6.882814108377898,9.552758246226295
5.864580493314709,7.460981810221803
15.649082198716894,14.434514597033761
3.413586463613454,6.581024653783835
5.811721371221266,9.84681632852965
27.89292411099301,14.850816398701761
6.523928489953981,6.5672369803839
16.78694435325472,9.07773203080195
2.8349181796431195,7.383290460928433
2.9684570144055025,5.490725619552868
5.1078604296611925,7.48285153606132
22.075638621656683,8.370401682691993
2.028121052953713,7.641104055178192
1.7693895606015906,1.7127333981976056
2.3591860808021154,5.0306328484954985
4.128575641403721,6.023840564699678
11.718032750399178,6.718299959619243
8.72731926353332,9.377586749516619
2.1115828246801986,3.984172574905922
24.00916966665375,13.810535355097729
55.12650022534683,19.85496802678783
22.59866572447604,10.378378012921791
56.34226003349591,20.231172030524153
8.988832814942999,11.462843134521666
5.636451650595629,8.837454708646945
75.54959576681878,74.72889304952461
12.647240475620798,16.776736520936286
7.205532959053654,12.592287960107987
30.961535251470256,17.293641190431643
2.43708373441351,4.739814927046801
2.6040072778664896,7.671913768945063
7.725778002815426,12.49719169612803
15.031465087940923,5.6485641691642545
3.5777279480088735,5.474224315052198
8.034586558203474,6.537432251011563
14.483399453603612,9.785173168273031
2.5094172699098136,4.841926281579626
104.207586118638,433.93067326309085
8.120830388987502,7.9489425503434425
24.765889730307176,9.132702715748904
8.312792463958427,5.648316697556944
36.23353716552694,5.569523926263908
2.9628928962903998,2.2342497646414072
6.877249990262786,8.128839629234518
5.6893107726890895,12.622226659891115
6.259632879486775,6.680286265634096
13.033946684620204,8.96731531351396
4.8101801105033815,6.149616670301893
5.280348091229287,5.667166572973488
8.290535991498023,16.630227078139814
8.318356582073514,8.749937579729695
7.430879742715169,9.233897634328533
4.615435976474907,2.457339765081183
1.8445051551554315,3.7208548558348533
12.449714282534778,12.433963291862533
3.7084847237137155,3.945754591793063
11.601186269982103,6.063470494298021
10.363169989372487,10.201261699540701
5.4973486977181425,4.1195631365493925
4.3149735982595345,7.039788106238283
4.250986239935896,6.333038779100924
5.923003733523252,4.0194569885482165
25.823072172176108,13.588814224235582
27.36989700817372,6.433405383979017
1.5440427769400702,5.891945033436113
36.339255409713864,9.375851260123206
16.469789620694105,43.43038039782493
7.358546207218884,10.937679204784745
8.460241594008574,6.915670811839854
3.1882396799519324,6.934585811931666
2.6846869905354414,1.9669356250335832
19.81382460786882,6.568218456888807
9.81510435503525,11.03654965407908
6.0871452179187004,7.063219787700285
10.140605264768622,6.084579232152524
22.033907735793427,6.083928141360009
9.29485931127345,10.23242650187648
27.84284704795715,8.948282771862845
14.013231472877688,6.162307643741864
68.3412807487076,62.53232852577418
8.156997156735658,10.545315126419338
13.843525870367227,11.697234830596523
21.533137105434495,7.402909516737529
5.160719551754648,4.45671028011957
31.00883025544869,8.176667839673778
7.884355369095759,12.231752031421923
2.932290246657357,5.5269461775586874
5.049437189452664,8.190199738901029
5.936914028810992,9.484748744185925
12.86424108210968,9.746483398188293
3.730741196174103,6.067860635846669
20.58723702586757,5.717865740594354
21.182597664183206,6.20592992405024
9.648180811582286,8.989443463902806
12.519265758973502,5.56477639856718
12.755740778865313,8.136964322055956
20.15601787194742,14.77930721714232
7.864880955692922,11.830226896211611
13.211998464303411,11.88758028798319
9.205833421431853,8.98010290740331
2.7514564079166344,5.040537879382483
3.77803620015246,9.755706505209492
2.993495545923455,5.576844676144327
7.631187994858736,11.428990460041945
6.960711761989294,10.249270299786728
4.712808043489148,12.302903400527102
5.544643701696492,9.44055566821673
9.553590803625596,5.4774338775144935
6.729800860212671,11.297970422971076
2.6596484590174887,4.679999051882089
4.320537716374637,6.1710694548666645
7.901047723441078,5.079125042862084
27.831718811726933,15.289517651968993
10.947402391458017,5.682862491047793
9.272602838813047,6.450516083011554
7.325161498528283,7.5215156647135775
14.641976819883903,8.764819064011924
20.264518175191814,37.889786069365734
4.849128937309078,7.392420362077085
6.888378226492998,10.96870840200276
5.664272241171143,9.765476956744276
6.891160285550547,6.00094826016967
12.165944258664702,6.705317594070436
7.09425059675167,5.268423955911582
24.220606155027518,13.680408886949328
3.0992137901103343,5.086185762920518
11.14492858454401,5.85543269787543
10.196246445919607,6.396977226913948
8.421292767202848,7.76514849817738
3.444189113246507,7.736496601725113
7.428097683657627,7.005577522376172
1.8305948598676884,4.52707288210027
14.536258575696985,12.31647851355622
3.057482904247095,2.8007852679798875
2.1199290018528454,2.460228361492122
2.821007884355368,2.248240164145949
25.021839163601836,10.964719338272316
2.779276998492114,7.567870489679558
27.837282929841972,8.93150860021289
4.779577460870334,11.273442236199449
3.5276508849729855,6.907024442322114
4.462422728309689,3.11379663810474
5.911875497293057,8.116450516944058
4.765667165582596,7.146395609299048
30.52196992037752,8.519890116154198
2.612353455039145,4.654106238395436
3.4914841172248403,3.3371133413184544
8.910935161331597,7.7487039675495835
6.585133789220075,15.746323959554962
11.214480060982712,5.977655453806485
18.386628311345806,64.48831522940827
2.5511481557730464,4.252920997511869
122.40503441407122,10.817687338981594
3.7029206055986226,7.033636932737143
16.397456085197803,14.037158422127172
9.3699749058273,12.140567357593252
6.21511993456596,10.762818716790258
7.3390717938160455,9.807511676888511
21.394034152557023,6.558219636477257
14.708746237265126,11.663225955877987
10.635811777012405,8.86391213564988
6.607390261680484,7.643599413864854
5.405540748819022,6.776256348552119
2.907251715139407,5.72861861013392
2.5455840376579544,5.542048798555109
3.057482904247095,5.031384284412584
3.274483510735964,6.456006565674855
6.621300556968212,9.097406561322668
5.063347484740408,5.615919736985223
11.311852127996985,10.309458710860874
15.19560657233631,10.513429255938997
25.21936535668781,13.654941054701746
5.272001914056635,2.881177654502619
7.155455896017762,11.261052449282628
8.173689511080946,3.1581703599238287
6.10661963132154,4.197473933427698
4.2927171257991565,6.369348091770919
12.291136916254478,6.713915052905499
3.466445585706888,7.757002506251512
37.55223315880557,21.98655368202174
9.356064610539558,9.27384108379316
2.2951987224784807,11.746363105108639
24.579491773451384,11.045985711265734
5.1885401423301385,6.97868644509364
8.941537810964638,8.264511586308712
8.749575735993707,8.377851538109896
7.205532959053654,10.17736496841198
19.371477217718382,7.144743975026926
6.1233119856668194,5.661589638976587
21.378758979095593,9.265233440332075
16.36128931744959,5.465418551750181
5.8284137255665724,6.883354392779586
13.28711405885722,10.064526300180084
0.5035526894164908,6.733564762916001
9.378321082999937,11.114481139690039
2.3703143170323244,5.093859524726725
11.211698001925182,5.9254995639960395
6.318056119695315,6.807213542351915
9.433962264150955,14.257429406068196
2.76258464414683,5.086238920892075
9.876309654301329,12.801128686536822
2.9795852506356986,4.6024024826734
28.098796481251707,9.686321748004723
11.370275368205505,6.339303043019588
16.85649582969348,6.352569611127548
4.6126539174173535,6.00361641393827
173.87869109685485,7.6398814731849285
9.564719039855786,10.395162139515248
6.034286095825239,8.953448497327354
5.536297524523847,7.0039183070990205
36.80107721326707,15.429358471429582
3.555471475548479,8.930414335864272
12.243841912276089,8.604995516696535
7.060865888061073,7.718559926559036
25.678405101183532,14.177317853783348
10.972440922975885,5.719041806280069
12.61107370787268,9.734224829690614
5.611413119077681,8.981008196669956
3.2132782114698637,6.378143640083101
6.6964161515220635,4.3199941387540814
4.1647424091518666,5.974460085930647
8.64663955086438,6.232303288173288
6.034286095825239,7.284136321151603
14.330386205438396,16.0362900639016
5.992555209962001,3.3885552196380053
15.635171903429201,6.886832791662283
2.8571746521035073,6.618249456025779
3.299522042253916,6.654591676427174
34.97604647151455,22.757661961421014
6.626864675083318,4.8083890346489415
5.297040445574578,11.779476379299068
11.907212766312604,6.876997406368622
15.930070163529397,17.290299763748973
6.095491395091325,17.147273330090304
5.135681020236693,6.743795689833464
29.133722450660162,12.880929018965302
4.223165649360393,7.408969794908903
11.445390962759415,7.6831719317547025
6.373697300846292,10.765643314208358
4.501371555115371,5.0074520770946895
4.690551571028742,7.414659240711121
7.302905026067886,12.014102302415443
28.026462945755455,9.172465133799735
2.1171469427952996,5.088996829379252
3.029662313671587,6.217077295949646
9.422834027920757,5.928585000933509
19.21289985143797,5.8766413310914265
9.676001402157759,11.573958457742366
4.910334236575166,7.042262893103952
8.774614267511682,5.309547088363256
22.028343617678306,7.865666179882817
30.672201109485226,18.277162751372895
21.772394184383728,6.902346133731215
11.320198305169619,19.083177183753403
10.733183844026607,7.085963875342412
2.328583431169077,1.8188496592697452
2.033685171068813,8.264817672711352
1.7888639740044392,1.6801042097220624
5.452835752797359,7.454163278625037
22.106241271289683,7.230937378248016
7.647880349204063,7.177133493299602
23.310872843208664,20.69977802535702
25.567122738881523,11.536048112650997
10.221284977437483,13.227498855148083
6.145568458127224,7.40266366450742
4.259332417108548,7.351884970757598
9.887437890531542,10.909423983017124
8.888678688871211,8.750867852076833
15.07319597380408,6.101011846235595
21.675022117369537,8.480649809853944
4.440166255849273,7.409484921588475
4.412345665273771,6.657942264184985
11.125454171141083,6.710207760528641
28.24624561130181,9.919272135913195
2.6985972858231797,4.300958324570325
5.297040445574578,9.426922024509283
3.2772655697935082,8.766999753691993
120.20720775860607,12.364173869278448
2.8905593607941147,6.303481063960982
1.9279669268819228,6.090005911849539
20.52603172660153,5.513403016483479
1.3771192334870894,7.1659991253524975
5.85345225708452,11.704726115421646
5.1968863195028,12.186611193383591
8.123612448045064,8.35234639701651
8.421292767202848,10.846697978770136
6.142786399069685,5.302579419307605
2.6429561046721948,4.404881375972797
28.657990351819215,8.540150240930759
4.893641882229881,9.198946387351338
11.837661289873914,6.349883108077849
73.80246267867764,23.891722560851413
64.05690980008112,23.141252300944235
7.625623876743654,3.7552041400792686
7.903829782498618,14.382856320763992
31.22583086193752,20.9183531080898
32.60016803636711,11.891797559602756
2.2562498956727794,6.424439647753905
3.0074058412111966,5.8425919436506515
25.44471214034934,7.076629922322006
3.388547932095505,5.073669068109899
28.065411772561095,11.313682550507849
16.864842006866088,12.59995427093565
4.874167468827024,6.745218506963063
38.019619080473824,13.80726476502953
2.5149813880249043,1.833332894847816
3.7585617867496164,2.535782239468158
3.680664133138219,7.153024461426552
2.445429911586163,5.233754945125423
3.2772655697935082,6.66453551190338
6.732582919270207,4.112267348609483
7.060865888061073,6.351618109364333
4.991013949244101,7.46948176588326
16.269481368550498,8.962113010911825
2.0559416435292066,5.383500808731296
12.608291648815126,6.749757706070236
5.48900252054551,4.119275628252942
21.750137711923276,6.660398979850449
16.269481368550498,12.072355285125562
3.235534683930265,2.3836980945226234
80.66302031459509,16.08923731414529
3.619458833872115,2.3764442573901166
6.3570049465009895,6.078707129658139
3.630587070102327,7.708277438297426
7.013570884082723,14.426648202855151
6.763185568903258,9.480289957594891
4.534756263805979,8.838314843683634
5.5084769339483595,8.340195702907202
10.118348792308208,11.061831679830387
1.3242601113936399,7.60992883010632
3.280047628851067,2.230143833673054
21.99495890898767,7.937104876452329
92.23638599400184,176.61540212442966
21.274405613082408,6.681400755076816
10.310310867279114,7.393438337954866
22.498511598404203,8.63554848889232
4.036767692504588,7.125021671697706
7.358546207218884,7.573732157851577
23.210718717136885,14.957078047117845
4.829654523906225,9.263201451131707
25.775777168197713,11.917233660941124
3.783600318267559,2.9166996601472577
3.0992137901103343,5.809014302769149
8.05406097160629,5.451679677797386
7.745252416218277,9.192692320089696
21.9114971372612,7.418672043473869
5.05221924851021,10.081678046979174
59.95615474925311,13.055185090767086
2.8488284749308748,5.683084614490144
16.1025578250975,7.33220024493715
8.682806318612515,12.352493740958751
21.352303266693703,7.449557523327998
5.121770724948948,6.557537725514482
2.871084947391263,0.46940522895671594
3.1910217390094804,6.1610188506527335
7.275084435492409,9.330140955447678
10.730401784969098,6.176544067946594
2.1282751790254975,8.956587390950817
5.995337269019562,4.198414562332639
3.9171391530299347,6.464082474430502
3.6890103103108642,7.106615585372296
8.757921913166374,10.01021359722333
15.843826332745412,6.228616228216278
36.2891783466779,19.254969652825263
3.074175258592393,5.450290676449703
10.997479454493895,5.770091617739252
2.5984431597513886,1.7584239994305064
6.037068154882796,10.518652960493645
4.412345665273771,5.726481008480133
12.586035176354715,8.578795959453181
2.4565581478163634,1.9304939996939434
5.316514858977423,5.4619390871353986
7.060865888061073,10.137656956240267
10.335349398796994,6.019979227134912
6.1622608124725184,10.559043772484676
5.978644914674244,6.624780606333421
5.227488969135844,8.084955548471893
102.21284977437519,15.113193868320426
20.979507352982107,6.596565249954098
8.012330085743073,7.875820612169654
4.186998881612258,4.785741582833812
8.482498066468938,6.992971723465979
2.2618140137878786,2.1588596871035652
2.5706225691759004,1.9634730243256358
3.049136727074437,4.757447166502629
23.0410131146264,10.42268728158345
11.795930404010612,6.631819247051697
16.475353738809172,11.067900750119543
12.841984609649307,7.111355904042915
2.445429911586163,5.052521422298116
9.278166956928176,9.882046102648815
15.982929285622916,8.338667564814335
10.585734713976517,11.496387262809712
4.5987436221296125,3.802214402948069
5.07725778002816,8.473064918453389
2.462122265931456,4.228122878954494
5.344335449552927,4.126019502425249
3.135380557858485,6.401698527502092
2.559494332945699,3.8965691688440436
6.190081403048015,6.585650148678075
27.5256923153965,7.233473136248655
5.622541355307887,5.743526601298806
13.73502556712272,6.283291371233309
3.6027664795268377,6.894743055236928
2.9211620104271643,2.3252019463368523
21.26884149496729,6.24452410657647
3.997818865698876,6.098380292527655
6.020375800537487,7.3363385546717375
2.6846869905354414,4.352395569538635
6.551749080529487,10.598043605497745
4.448512433021927,5.756070504778491
8.1653433339083,5.653635703715259
2.779276998492114,2.273301333879722
8.643857491806843,9.464503137813894
11.192223588522305,7.441419110797232
8.958230165309951,6.682661477792066
20.68739115193939,5.92590186717669
8.382343940397174,10.745860887912269
22.30933158249083,7.4889383021792355
15.779838974421727,7.4491139211718345
4.921462472805368,6.518037522482841
12.39407310138381,8.027088737739616
5.427797221279409,8.05509131637466
15.023118910768208,8.682373859757618
2.487160797449412,4.514970130263799
6.50445407655115,10.496186432930847
8.123612448045064,7.657257733468643
31.606972952821756,9.479300069023628
8.657767787094581,6.8852539692721795
30.90867612937685,8.296222491792705
4.901988059402523,13.779097825605067
1.9891722261480183,5.067529851590115
22.25647246039743,19.59539520402792
12.10752101845621,6.237229803424033
2.8933414198516614,5.198962016028713
4.562576854381459,7.005769734518522
13.718333212777377,10.941820260236899
10.627465599839807,9.966122841942116
12.093610723168384,10.553997274196611
2.512199328967352,4.020030337542628
12.213239262643086,7.34988419657519
5.216360732905643,10.19792132406506
2.982367309693249,5.91880221666624
16.23331460080229,9.802808835913602
6.267979056659405,5.30478681713618
3.483137940052197,7.1722698498922055
20.233915525558825,13.935422056833312
3.5832920661239784,5.846463337118523
4.838000701078872,3.4439106605182035
7.333507675700945,11.39826480458075
4.223165649360393,6.955912453553685
9.681565520272855,12.791541723883329
3.4970482353399333,4.998560988265715
12.235495735103505,8.156466526009808
12.202111026412926,12.421027604074855
5.4806563433728614,6.802847092257515
6.5573131986445805,12.697117021375812
7.870445073808044,6.043995620979917
27.500653783878487,9.368484945756249
1.5023118910768192,4.524739671830549
21.58877828658549,6.7932046145445995
8.412946590030206,7.877377275925236
3.2605732154482174,9.086713319553365
8.042932735376116,9.779330371227456
7.820368010772135,10.624051953931188
4.584833326841851,7.0319922729918325
9.667655224985106,5.008224665560878
6.098273454148892,8.937350590032127
23.046577232741495,10.618500937739817
21.11861030585957,6.723806160624475
3.4998302943974857,8.673596963349954
3.9505238617205354,7.130033728584561
7.5282518097294355,4.371112000300877
12.371816628923387,8.345073587025473
17.46854882235442,13.390521934632673
8.39903629474247,7.7106305030624
2.5205455061400017,4.740534636520025
6.251286702314126,6.894599700929335
12.049097778247601,7.787733981829854
6.727018801155123,6.984935339304337
1.2268880443794117,7.705833297932778
2.395352848550274,3.7574443376873914
10.66919648570299,15.442728694508483
5.953606383156309,6.979395547662425
21.858638015167823,7.973285701252458
11.523288616370715,7.4279889837675475
4.467986846424784,7.1778022630040095
25.277788596896343,13.141455091000015
120.30179776656283,23.9587746434263
16.76468788079433,10.797429480111727
45.848333268418656,9.523037466691008
2.6930331677080805,5.40865811201774
9.344936374309356,7.231748612748571
13.214780523360927,9.267686865380327
28.997401556840188,13.877105863077425
5.788552105184082,21.821858815436446
24.999582691141377,10.930697323527875
42.919673608831445,9.912277959906612
3.997818865698876,5.478418420488236
4.287153007684044,3.599379797475986
1.8834539819611336,4.5372323343403345
3.3329067509445145,6.255404345727843
36.93739810708694,9.806179839648395
3.00462378215365,2.1949281280960307
5.171847787984844,8.85617057258796
4.281588889568947,6.556749022720247
46.36301419406536,2.9510425019360524
6.195645521163109,7.584812067225263
36.65084602415939,9.435280940064152
4.787923638042996,2.6057606133704394
2.6318278684419942,4.277964340409834
5.074475720970596,3.076695560418671
4.303845362029354,6.774014595954604
2.729199935456231,4.952887560318418
6.7464932145579555,12.428494451567165
6.084363158861133,11.845868702496205
2.517763447082449,1.909816481058671
14.422194154337513,10.791601128056543
21.49975239674392,7.3722752064097286
1.8778898638460266,6.82977700440531
16.1025578250975,8.751629111280492
20.934994408061282,6.369050450866365
28.84438830867502,9.50849565699443
2.6930331677080805,6.83821707057909
5.527951347351196,10.855963440887395
2.8989055379667605,4.533985901220775
12.405201337613985,8.942720241580657
7.620059758628552,9.847471123312115
3.1103420263405304,5.870284516985664
24.715812667271276,6.088313888540909
1.4383245327531828,4.299634125106899
4.799051874273186,7.669828275146975
5.73660577666743,7.910590383772608
16.191583714939124,12.95101127368698
2.245121659442594,6.611160182383509
4.796269815215634,7.433893510581047
2.7041614039382855,5.534728235250875
8.927627515676903,8.363691229969934
4.370614779410549,3.799459733791391
9.956989366970275,6.958024096199412
6.765967627960813,7.829303587184633
5.024398657934717,5.003914034742931
25.48644302621261,12.499186569414642
86.32172843765142,23.167723296706583
12.063008073535393,15.089838186752113
11.704122455111504,8.745839144975534
9.445090500381154,12.12624171447712
27.812244398324076,7.737703889588788
6.996878529737417,8.472865215207431
15.988493403738024,12.975944427360835
22.300985405318187,7.690708342479645
3.9922547475837806,8.014696850676433
13.910295287748427,15.137330328012125
2.99905966403855,6.045849832191704
2.993495545923455,10.034199463912655
10.004284370948582,8.550800402970825
4.696115689143855,7.13811637025193
12.714009893001995,8.050039163090709
4.334448011662389,2.3549709572695257
5.452835752797359,6.819712398964788
12.402419278556398,7.875380151878732
12.694535479599217,12.49723185191778
6.301363765350014,5.394284318658011
6.863339694975045,5.995037877218578
9.43674432320849,10.17209553885777
5.594720764732384,13.433516780544743
6.7743138051334695,7.729029052921572
63.186125315068224,22.510015210364834
11.375839486320608,15.14825151368727
5.138463079294261,9.469776726142575
2.4955069746220584,1.9461719340371009
6.145568458127224,6.6758392897074295
4.106319168943317,7.185353827698186
5.308168681804778,3.7271501883030753
7.789765361139098,8.463068826095133
6.763185568903258,7.186244201933878
15.785403092536793,8.824283711729871
11.211698001925182,9.598137648638916
6.153914635299883,15.67770307969515
3.4720097038219953,4.548593068181392
8.01789420385816,6.712194752982974
6.615736438853125,13.409894333187184
35.96924155505966,9.395352267027247
7.628405935801216,8.451867178370604
3.8893185624544384,9.121857205203582
11.503814202967904,6.384597916736599
11.217262120040314,5.943440294407548
7.269520317377305,7.312366238415161
21.72788123946292,8.402621354299855
7.280648553607489,7.670494654791285
15.96623693127759,7.977429176221823
6.293017588177365,10.914940503306113
1.9585695765149693,1.8739819783102731
4.593179504014507,6.2326190539771975
6.791006159478744,7.431697864667751
11.709686573226588,6.650236233718417
22.067292444484014,7.863559092776067
31.253651452512972,7.158656909292605
8.115266270872398,7.8939064446519485
5.1690657289272846,7.457689726313908
21.83638154270737,7.240667865817009
6.084363158861133,6.25388635143207
17.19034291659938,12.812006982713248
2.790405234722317,2.1167566442028822
4.092408873655566,6.070181906958686
7.233353549629145,7.682385245084827
2.654084340902387,4.3733157525288915
32.55009097333126,14.389676857989418
9.673219343100202,11.407592058537286
35.73554859422555,9.278420226902426
2.576186687291004,4.621125245255071
6.395953773306704,11.43907413008951
7.286212671722577,11.097974988710854
6.7743138051334695,10.766730727778235
3.135380557858485,6.007363985309673
12.707332951263886,35.407296242161124
7.238917667744243,7.639210461658199
3.2049320342972196,2.2597681994008636
21.49418827862883,10.314579152689227
6.596262025450284,7.064646358369091
9.553590803625596,17.7695332383383
20.119851104199235,22.150817933495134
63.853819488880205,14.870296507679042
4.128575641403721,6.960081391576163
7.572764754650208,7.1468524026117315
42.345720914963586,16.02073410020813
9.055602232324206,11.3754997769722
6.4404667182274835,5.435621634203823
2.3452757855143718,5.188835241084046
3.0992137901103343,2.484249110379121
4.309409480144441,8.99888924423045
17.41012558214592,10.741232862541604
2.036467230126364,1.718360353670482
17.9081141534473,9.419494228602423
3.711266782771264,6.780032734811923
5.486220461487964,4.924976614647791
2.517763447082449,5.4665793057766745
5.347117508610466,9.019724591091556
8.871986334525898,8.128703783290552
5.208014555732987,7.352725432788657
25.62276392003254,14.118987788256927
8.691152495785193,5.665288092322601
5.647579886825841,3.8526890854236133
23.75043817430156,16.121226309687817
10.36038793031501,10.261013802402193
17.348920282879778,12.711375986775526
8.218202456001741,6.621485955933521
4.365050661295448,6.519452007592624
6.982968234449684,10.790104816275768
5.227488969135844,7.4982319135151805
11.723596868514297,9.48514689054778
4.134139759518803,6.791891622567404
6.7186726239824734,13.110389251945762
11.328544482342295,15.602628874006175
15.63795396248673,13.07346986501965
2.1588778286585493,8.93755295865477
2.5094172699098136,6.458791388301517
6.251286702314126,6.908603219081105
5.655926063998496,5.442014674386483
32.06601269731753,10.671736981510556
4.2982812439142535,6.054384503082994
29.05860685610634,12.94019270985162
7.244481785859363,7.2510895358640886
12.474752814052708,8.129242624454438
1.4299783555805323,2.9419500952298763
3.096431731052788,5.872186996736909
12.399637219498924,7.735202577419852
7.508777396326582,8.314883598437891
6.340312592155715,9.123334644562606
2.871084947391263,8.78100695085381
17.045675845606933,11.176108149616109
4.348358306950133,6.17553371958844
14.004885295705126,13.349389912150423
38.15037585617867,24.33779772981681
2.0531595844716564,4.665337830822486
6.434902600112395,11.975091890678756
6.701980269637149,6.3009600740054665
21.761265948153508,6.8433823714446
6.131658162839474,7.2608851889073645
3.2633552745057766,5.035449960273342
11.793148344953092,6.142697748492852
5.764426367242918,6.160789023833829
5.566900174156906,5.424740878807231
7.722995943757887,9.66039660391531
215.74867991297697,22.305957521578627
5.475092225257752,9.082698700236252
21.480277983341015,7.4536510021332205
32.89506629646736,9.684176691922145
9.319897842791402,10.31018448930151
3.7752541410949076,7.857031017164911
12.449714282534778,8.277047519267606
28.86108066302028,10.823533791926744
24.6629535451779,21.61425235162745
6.94123734858645,4.992024337329969
30.496931388859473,15.427338000671464
12.883715495512488,10.07584148325152
3.1047779082254454,7.140378765234859
1.9975184033206683,3.6836311702318576
9.088986941014765,11.1095064493904
3.1882396799519324,6.677841904545777
21.413508565959823,6.46816670503879
4.754538929352391,7.0229073892445175
4.395653310928486,7.503879022511737
3.519304707800333,5.848431048891979
2.9768031915781488,5.643443946645981
22.957551342899876,10.725740376337082
3.8809723852817952,6.902810598798541
2.9795852506356986,7.309482774665638
21.869766251397987,22.048500448514037
4.66273098045325,10.237789442170149
6.031504036767702,10.21786586839456
24.231734391257735,28.493462231543862
14.20241148879108,11.034351457505279
2.47881462027676,8.363125474926761
12.800253723785987,7.618255620325645
3.9171391530299347,9.22299788924846
12.574906940124494,9.469758714545257
2.336929608341728,6.852926874905811
2.787623175664772,5.246203165888871
15.832698096515198,7.25637525412964
4.882513645999678,7.289537683895063
8.713408968245574,9.206521064421755
6.57956967110498,15.370861112950061
11.85157158516161,9.738440855453469
3.051918786131995,6.294669328611782
4.860257173539278,7.473965999149021
7.951124786476958,10.87239537169673
6.724236742097571,7.72113513727078
12.23827779416099,8.99780604426672
3.4692276447644352,6.38695703517369
18.929129827567984,17.598090010453422
3.121470262570725,7.649422528151054
29.45365924227836,15.258774868632036
10.385426461832916,8.060326279946723
55.963900001669266,72.77695417584154
6.523928489953981,9.797607339433407
8.485280125526508,5.721970811405457
24.242862627487927,9.93007461899011
6.601826143565377,10.866269969835551
188.64864263338615,55.03418567785027
1.9947363442631165,6.930987129735396
2.8655208292761585,7.90599335659392
2.904469656081862,7.452175155232428
27.89570617005063,8.727255341592642
3.5332150030880873,7.785983863649976
6.68528791529186,9.600328312362166
4.8129621695609295,4.811868410250152
8.549267483850146,12.591014918206897
5.8284137255665724,8.602118447323944
107.34296667649714,14.917150763731208
6.482197604090734,13.80209269355632
20.642878207018608,5.592630681406892
8.488062184584045,10.717258773573176
6.966275880104373,6.22722388908558
9.230871952949832,9.983782401924461
7.608931522398358,6.665630434954496
6.576787612047429,8.441216622148847
1.107259504904771,5.154600220198013
6.6185184979106735,6.929033178292686
7.144327659787563,12.472532920851549
2.503853151794713,4.704949503962907
5.544643701696492,10.127321971616439
9.94864318979765,11.20762400574025
9.64261669346718,11.308488732743594
6.868903813090137,6.848108778917019
15.33749158427129,11.042086936050406
2.462122265931456,4.616605237245402
2.2145190098095444,4.938810779927675
2.879431124563913,4.91864043278424
6.818826750054244,9.513636356626437
5.658708123056048,7.972482391043301
7.177712368478171,7.065050825170613
3.789164436382657,7.608140419163268
2.9489826010026543,2.23540292367911
5.294258386517035,6.007338748396932
29.609454549501173,8.42009776760377
19.14891249311437,5.736149857317723
6.0815810998035955,5.267947462382698
2.3424937264568273,5.8947751295078366
2.5984431597513886,4.327418603990186
25.619981860974914,9.730289174072034
5.1801939651575,8.814422839080049
8.190381865426247,15.535451870669883
12.171508376779784,13.164225200177217
12.057443955420299,6.113735755141054
4.557012736266367,3.0109396758397065
12.410765455729079,8.877922534817886
16.956649955765297,18.645569031437518
89.09822337708573,40.127500938634114
15.053721560401321,42.756125115215205
21.958792141239595,8.064332838965843
3.6862282512533144,7.883655668549702
28.838824190559905,10.661931077573708
38.94882680569536,20.05586610645607
17.10966320393051,9.079724739795573
5.591938705674838,8.872032485871912
31.317638810836726,10.26669843345532
109.61034480840016,11.818843303512736
17.366308151989507,13.342304932600216
3.341252928117159,5.796605261986317
3.266137333563319,2.047226509673841
4.723936279719346,6.184354536279663
13.540281433094288,21.798978085140465
6.707544387752274,7.016492445076668
6.153914635299883,6.9912974296635095
20.62896791173077,5.411374381644966
1.8445051551554315,14.926588593994435
4.965975417726172,5.901913630906566
47.52869693917858,25.948976157346276
6.181735225875372,4.16627878131708
22.35940864552672,7.657329688941333
29.492608069084085,13.029900384279234
6.493325840320954,13.265519634906783
30.171430479126254,8.250648028375071
1.8250307417525904,9.112664577483063
4.6571668623381575,7.109932015052033
3.171547325606631,4.482940782373411
12.202111026412926,17.93676141019701
21.010110002615086,5.904326578710318
4.952065122438425,10.127776265374916
10.58017059586139,6.377004261755582
6.1205299266092785,8.82224384997958
4.081280637425371,9.242178874902203
10.4744523516745,11.826994545122977
4.904770118460071,7.86531958599318
29.258915108249916,10.928759250275792
4.384525074698287,6.178467711662869
18.04165298820963,7.870303099653068
7.895483605325964,8.038719655394193
2.982367309693249,6.450323936882237
2.581750805406105,5.654543092499066
7.069212065233708,8.95237582396078
30.5442263928379,8.758281425639446
3.76969002297981,7.435798603106891
2.5622763920032505,1.990893695052574
8.226548633174382,10.48978843190569
6.966275880104373,7.812347346134335
16.383545789909988,9.068963211420282
21.652765644909074,16.96065021752293
1.5857736628033106,3.852062573702997
42.26225914323712,7.05029450426584
30.808522003305075,26.288056333267022
21.11582824680202,7.005550494368076
72.95115260706757,12.969506735124869
5.21357867384809,5.547218449469524
9.901348185819307,11.692616882641884
6.907852639895843,9.379117594158652
5.936914028810992,7.714531388719254
23.05214135085664,16.795483625092114
5.055001307567754,8.22825584839202
42.537682989934574,17.34827384221716
13.454037602310176,9.27539422373862
2.4148272619531186,5.3638036410090395
3.8225491450732436,2.719945102099261
18.88183482358961,11.769678382626262
5.575246351329539,7.370301367260971
12.065790132592886,6.897174064253967
8.891460747928754,11.918428629728151
183.82177016853677,18.790054443816896
9.531334331165194,10.998833203207756
4.5653589134390185,3.4914977601080435
7.556072400304922,5.960331487795814
2.4760325612192093,5.4447886269022
37.17387312697864,11.159658096364488
5.628105473422987,9.685000647080106
25.77855922725526,13.877110914752791
4.7907056971005435,8.059828635758176
6.0454143320554445,8.291865565152408
10.838902088213517,15.825976389635859
16.859277888751,11.329821873662656
3.1298164397433745,8.668836911003197
3.0018417230960956,4.508715430886345
3.341252928117159,1.7096584124095666
7.464264451405778,10.943194936398484
4.376178897525632,5.9462371292693526
7.864880955692922,15.089165183133932
1.9196207497092723,6.15289308474947
9.197487244259216,11.341209739202482
9.54246256739537,14.150845751344752
6.3430946512132484,10.50335525443161
19.10161748913607,14.585847961089254
2.754238466974179,5.384733964915479
1.6163763124363628,6.087997554476726
4.793487756158082,6.249775372452999
15.696377202695308,14.089096070718021
5.458399870912468,6.02900473855098
6.512800253723788,9.243153745627097
2.5261096242551004,5.330962180495394
6.84108322251466,7.37225587492343
4.239858003705692,4.764378712290682
3.780818259210011,10.218560285823012
138.40465605403926,11.683474864761271
4.312191539201993,3.704805622547025
22.10902333034733,20.681927567254895
10.218502918379897,13.270835730499837
3.357945282462461,5.431008118245945
19.585695765149698,8.046511793440592
3.327342632829413,8.533560669833863
31.929691803497665,17.769253291057577
12.346778097405517,7.408804745365992
3.566599711778678,8.226834929139768
2.030903112011262,4.146006653678987
11.704122455111504,7.9957097171715015
2.8349181796431195,5.437429048909676
17.340574105707105,13.354815923466704
31.406664700678277,8.520724382337331
8.421292767202848,10.698162334299102
31.69878090172096,6.092870599389999
4.417909783388887,5.591015245950466
4.927026590920464,8.209666688705777
6.807698513824052,7.820265043632065
6.27076111571697,6.5195597800364204
5.427797221279409,3.4950313738220053
3.9366135664327877,6.081895629973534
6.195645521163109,6.980570323245344
12.410765455729079,17.553466519767365
3.21884232958497,6.835498426695595
6.688069974349398,7.01493120413968
3.4219326407861,6.677199263713842
3.266137333563319,2.110014002283227
12.385726924211117,7.9267475295400365
24.74085119878919,5.5110055404665905
14.075806936229611,9.687688953856163
6.3876075961340435,8.18339461198325
160.45525614417727,76.15777927442436
12.399637219498924,7.719946769337466
5.978644914674244,10.401765457100723
2.87664906550636,5.6914826504105545
5.335989272380262,9.115480782404882
36.80664133138217,10.340289821315531
68.79475637508821,48.64150524140447
7.005224706910081,16.187319299769005
1.532914540709873,3.830788921157471
4.476333023597427,4.886444349700997
3.160419089376436,5.639696489644664
2.2534678366152394,8.682267997198723
7.4225335655425395,10.270543843259652
11.445390962759415,5.876630751750646
6.16782493058763,11.372983959240399
13.620961145763227,14.636131059416822
2.0559416435292066,4.675637827022245
9.503513740589684,5.848295990266016
8.510318657044465,4.5517485291508
5.194104260445235,4.413683754968135
5.964734619386505,4.816183232596239
12.193764849240209,7.721985327314342
2.6346099274995374,5.309240028787711
3.224406447700066,6.407852113521468
22.498511598404203,7.844575057057069
1.9585695765149693,3.7881526159033556
3.177111443721735,6.346302851492716
6.334748474040604,7.754345046123321
8.429638944375515,4.529592891543955
2.6067893369240425,1.9633754706437014
5.185758083272588,3.5408398330567503
63.291843559255,18.70457606914771
10.980787100148586,6.901338583257649
13.545845551209384,17.43619859319283
4.73506451594955,7.6380953164278775
25.080262403810348,12.323988355258223
5.547425760754061,6.853672198803256
4.039549751562132,11.84202851930045
21.374559739154066,6.187088948513896
21.34673914857861,6.596520556743248
4.38730713375583,5.5776280797734685
10.385426461832916,7.910304548252172
5.366591922013329,5.433118383157206
1.7721716196591397,7.0205659607204725
1.4049398240625803,4.491645269779475
26.39895839708887,9.2408223297488
22.12571568469261,12.776454824291312
12.67506106619632,10.018507635673721
2.8571746521035073,5.929989563570224
4.186998881612258,4.778165782663592
14.586335638732885,14.565912793913501
2.361968139859671,4.127865312553357
14.975823906789884,7.5143792407234224
156.1959237270691,60.02763660145664
6.1706069896451705,6.15789461445572
5.686528713631525,10.317146280961518
3.8114209088430453,5.151909463511228
3.95330592077809,7.679432213888378
2.6095713959815936,6.521890616264415
2.328583431169077,2.1642179120326475
13.345537299065827,6.204511152653089
20.631749970788363,5.724150607254258
25.177634470824483,14.531627834909004
5.847888138969412,9.286524021474667
2.592879041636297,4.516355449090987
31.017176432621284,7.379351827341939
3.6027664795268377,7.077168193493906
43.67832720352995,9.079879012407618
4.14526799574901,6.075928150915814
8.991614874000552,8.434250154024278
21.705624767002593,8.310545918138924
5.249745441596222,3.395047109832793
11.448173021816917,14.28559842061074
4.1647424091518666,10.086851300374516
1.9752619308602672,2.010414850893775
11.325762423284695,5.156952446475011
107.3902616804749,85.75328982339838
23.302526666036066,11.503973190295913
2.1421854743132465,7.058352336741149
2.1894804782915878,7.1760854054002206
2.5261096242551004,2.0094900201812305
9.556372862683123,10.221401079365679
11.776455990607824,11.887569630947024
7.180494427535719,7.828676899778674
19.449374871329784,17.36285520446898
22.448434535368268,7.668691299360183
33.50711928912837,50.48759624614532
37.057026646561546,9.81763656217756
5.344335449552927,9.279458880258396
2.197826655464237,3.9755582864249774
5.155155433639558,8.748511594830623
21.296662085542707,15.068772912132973
4.234293885590605,9.297402507545392
3.341252928117159,5.2973938209951825
4.501371555115371,6.013265116310009
3.8253312041307925,6.347173497965493
1.6247224896090071,5.3766372637013315
7.149891777902671,9.383381487503552
3.2327526248727247,7.214170509214465
11.581711856579291,16.30823319546747
22.49016542123156,10.10329465738469
8.635511314634188,7.306424416558655
16.077519293579616,10.216015976028256
3.035226431786694,8.764820268855871
1.7777357377742415,3.9976809748719497
4.885295705057235,3.705832507936739
21.42741886124757,7.101797121392667
5.725477540437231,9.617888630538422
1.532914540709873,6.016156197167865
35.908036255793654,36.20575932290303
7.149891777902671,21.32376826578078
6.27076111571697,7.264656167166561
12.471970754995223,8.069274883923354
4.96875747678371,8.356051473103983
6.529492608069086,6.287819322803334
14.575207402502727,11.259838582504193
13.181395814670427,11.579533619260951
4.248204180878349,6.736401317486416
2.7152896401684754,2.231905360774965
3.883754444339342,2.9869465596283287
3.3802017549228567,6.673646525409195
3.9699982751233813,6.957993197735826
4.901988059402523,7.211117755370815
8.582652192540731,17.45395180945133
4.403999488101123,7.4869334276480455
2.8905593607941147,2.305137547199041
2.3758784351474187,2.037100175750951
11.214480060982712,6.034404321217233
3.1910217390094804,6.0250482572243484
1.7554792653138416,1.6948911307057644
5.035526894164917,9.729866820267361
7.497649160096382,10.17920372269602
3.850369735648749,5.816598742129172
50.78370603651171,45.18026835132564
4.008947101929088,7.682940794162815
32.86168158777667,7.5286312779267766
5.792246957818431,8.491938209422715
4.935372768093122,5.183108304705461
3.516522648742783,6.813678264442175
13.086805806713683,11.414760564306027
5.767208426300473,6.321769612860807
3.4803558809946367,4.480883719730801
6.590697907335171,7.346074725879302
21.928189491606535,15.535517440656442
4.996578067359211,8.122480119083434
12.065790132592886,6.81269759417678
2.8015334709525255,5.83397112224245
2.5149813880249043,3.6973181382504214
3.605548538584387,6.815020889602409
11.342454777629994,9.165548307138607
4.991013949244101,7.325667221013459
4.587615385899403,3.523607175368021
2.5984431597513886,6.3139698540021225
8.193163924483784,15.891253739926471
6.952365584816625,8.921013662117875
6.334748474040604,10.538649882290795
6.471069367860535,2.2650123873653407
16.158199006248477,10.886290291967546
36.55347395714522,10.644393333644185
10.065489670214719,8.31810929488406
3.3106502784841045,5.537493222497179
2.2701601909605316,3.948549789944973
16.08864752980979,7.492797540001436
3.544343239318287,7.454906233182122
52.89528886119185,14.691893406610358
3.157637030318879,5.472646248512551
5.082821898143253,10.876534111564865
34.74235351068029,14.01503320602016
9.898566126761743,9.437079155539573
1.2992215798756988,5.71506426531313
4.495807437000264,3.3616441922538054
165.03174329384694,32.245051019341474
21.82803536553468,7.330255027325881
3.613894715757029,5.687243978889613
6.2318122889112635,7.967059859191131
4.952065122438425,6.889452955425722
8.081881562181813,11.426619166155353
7.8008935973692894,8.62427436427104
2.954546719117755,7.931404672743166
4.910334236575166,7.854563379748636
21.060187065650975,6.95967726921038
1.7749536787166902,4.5040362834379115
6.098273454148892,6.74623402369715
10.25466968612809,12.511997476305988
50.49437189452665,8.73307253323463
10.805517379522898,6.741983956749767
5.572464292271991,6.66881407805821
21.438547097477784,7.253716592881913
8.938755751907086,6.360276214494273
45.122215854398114,11.377635665172415
4.932590709035565,5.8398086392236115
14.583553579675396,9.696372593028615
15.393132765422314,6.334817902373926
16.57828992393852,11.047246086065618
3.135380557858485,4.968109953665894
2.6985972858231797,4.255631254270115
4.832436582963777,7.92409682980363
3.5415611802607256,6.147052779315944
16.347379022161896,8.124379046720048
8.568741897252988,13.612581878756048
9.189141067086585,9.069044499588815
17.479677058584624,8.175810262791291
11.598404210924587,7.861154683092821
5.69209283174663,8.320117035537434
2.8293540615280177,5.438642794198001
3.6945744284259665,5.709655588787727
4.022857397216825,8.263854691597906
104.30495818565197,32.27946251209579
21.84750977893763,8.017679856386678
6.4404667182274835,6.998885335618624
5.227488969135844,9.33353824522693
2.028121052953713,1.9153165145277178
30.4579825620538,6.875461765759971
2.8265720024704732,3.8942593925239986
7.4809568057510605,5.927868364858385
6.868903813090137,8.400915939349249
28.13774530805742,19.705892073691075
2.80709758906762,5.187576392517348
33.44313193080458,6.062502533899352
3.2466629201604675,4.594927372760128
50.4693333630086,16.170045502288648
44.7828046493771,45.027879829018175
48.349404361155884,22.54328524995586
2.1616598877160995,5.623345868194596
4.392871251870927,2.6492433905759527
21.421854743132474,6.11203047843666
3.2383167429878137,6.4363347775809645
24.61009442308441,13.358889241909838
2.030903112011262,4.360964493967686
5.97029873750159,6.557617503278895
10.852812383501321,11.684696266020067
3.085303494822591,2.4997770957262806
30.914240247492028,7.890644623187032
25.97330336128385,7.5490120553595865
5.233053087250946,8.194393590171044
1.9474413402847695,4.3941739733393135
7.405841211197223,10.559073820817732
12.61107370787268,8.915396952053865
7.344635911931145,7.952828484241765
3.8364594403609975,7.688859376432255
4.6126539174173535,5.559499568600368
2.0531595844716564,4.243540510684473
4.723936279719346,7.853239940330083
32.75039922547485,71.5793638111807
11.801494522125724,6.4341686935676545
9.428398146035844,10.154590683957377
11.462083317104703,6.478109360030221
1.4744913005013316,3.1547351862743325
82.57707694618935,12.032295046136142
11.214480060982712,5.744085708725828
2.8043155300100646,2.501573132390806
11.587275974694402,6.771005128000499
2.7180716992260265,4.02761213893089
5.433361339394509,3.9756204316501904
3.4998302943974857,10.05422557576522
6.315274060637767,6.200067663162964
3.625022951987224,2.953011916803154
8.265497459980084,11.17525266727732
6.568441434874783,8.075565889932953
9.450654618496232,15.638334934072306
7.592239168053052,5.4979284406924025
12.91988226326069,12.780653950524698
22.334370114008838,11.286335710066131
7.928868314016575,9.023334729756984
15.974583108450185,6.876902880529933
2.336929608341728,7.979896062509014
4.6432565670504085,9.838571997743287
4.954847181495975,6.74049460703186
12.274444561909196,6.781640077681448
6.212337875508417,11.229736153330512
2.1449675333708034,4.697626364789162
21.35786738480884,6.242897074749314
21.243802963449333,5.9348813972579775
7.567200636535097,20.692790059675488
24.668517663292967,10.93251870858274
30.727842290636108,7.644091487055006
10.627465599839807,6.389869932383606
2.245121659442594,6.001962674004692
2.1811343011189392,6.197451025016776
2.3703143170323244,6.477808033148436
31.220266743822414,10.579878354052509
18.03887092915209,10.690227375248366
9.378321082999937,9.266633857251653
4.264896535223646,6.866455591161472
1.5913377809184068,3.2778387983971133
3.9783444522960245,8.87997867820467
24.245644686545443,17.641222201792836
4.0534600468498665,5.986263632294182
28.201732666381037,8.270960282710762
32.88672011929474,12.099466795824297
31.150715267383678,10.954970863280142
21.886458605743318,17.540089968692175
9.347718433366882,11.931627355030237
13.696076740316988,11.876085820105242
55.424180544504594,10.691010402811218
21.49140621957121,6.372300911800254
9.534116390222737,9.684782450212623
7.275084435492409,6.8904329201168215
5.928567851638354,5.576269282076667
2.765366703204377,7.525354278954873
2.1866984192340437,3.739695113322647
8.627165137461548,6.939201011847635
9.52577021305009,9.364515632328345
2.9907134868659013,9.338230780264361
4.932590709035565,3.178505211677644
14.508437985121507,42.41875057661229
5.082821898143253,6.990194325631921
4.415127724331332,6.5627609526371415
4.170306527266966,5.600623635771345
6.454377013515232,7.471409462297509
31.80449914590791,9.555740852188068
5.756080190070263,6.438091136857537
3.8030747316704,3.3389706536263892
6.443248777285046,5.959419510878218
21.39959827067207,6.918836582457393
41.828257930259305,29.42921835338339
5.450053693739809,8.693973146391366
11.759763636262493,6.2474530916747835
65.77065817953174,19.29275982489323
26.29880427101715,47.16388415478449
4.142485936691459,5.9847745362382465
2.00864663955086,1.5358639555130609
3.9699982751233813,9.90612409153763
2.1115828246801986,6.167444852771971
6.791006159478744,8.913699178955422
12.636112239390616,8.552290833759633
2.2145190098095444,3.7717663308839042
31.91021739009477,9.913890912465758
24.643479131774985,10.528312567372767
20.453698191105175,5.923079216476922
21.33282885329087,10.218103090685915
29.534338954947287,13.49695803257708
6.084363158861133,8.966922541390964
1.4466707099258311,6.232527036892237
381.89046477078676,49.33827970479184
40.414971929024134,20.3997646222518
3.655625601620264,7.660623455597296
2.284070486248276,2.418418004163291
35.104021188161774,44.33227666751299
9.40614167357546,6.85259067852593
17.919242389677382,19.3077270709384
9.141846063108229,10.283128897221617
2.3007628405935803,5.78205617845095
8.64942160992193,7.106192872260546
2.9740211325205985,7.113294499477591
2.754238466974179,8.106589856286135
2.6652125771325936,1.6092100854744158
2.754238466974179,6.552829376895545
11.617878624327389,6.331297756755077
10.847248265386217,14.678361941860715
2.517763447082449,5.032039869696581
21.908715078203745,8.239331818583254
36.4644480673036,18.29335881417954
22.173010688670942,7.029539436077873
30.674983168542703,7.983310798117352
5.722695481379674,9.135722089326773
3.76969002297981,6.0485984187450095
16.898226715556696,15.890315035989033
4.412345665273771,6.248368570387481
6.715890564924899,7.726415589515961
28.349181796431218,12.527894935781609
2.9907134868659013,5.815859444868626
12.305047211542206,8.123521022081238
7.600585345225713,10.678917891951151
11.84044334893142,6.583409493604039
4.982667772071463,6.360094751309181
44.28481607807564,143.95300850147103
2.1338392971406015,6.3600251062155575
8.871986334525898,6.360022770195628
6.607390261680484,9.44480514228268
172.37916126483486,43.20624901085104
3.0658290814197438,2.002375958560955
3.1938037980670253,6.141567447803128
11.940597475003223,5.84903085600333
5.870144611429812,3.706064169570666
5.753298131012712,3.996327091883472
3.316214396599211,8.677681864346738
6.2401584660839085,10.889411548965635
9.970899662258015,14.954922499881878
12.458060459707406,11.255307051472355
12.405201337613985,7.5847848865792
3.1381626169160297,5.072811174415361
2.670776695247688,7.010479123956153
2.904469656081862,7.1858852626802765
17.6326903067498,11.47473857724685
17.5965235390017,9.829439667753956
2.681904931477888,5.3743304729456565
6.629646734140875,9.12224421768359
11.484339789565123,6.123917070533726
2.7152896401684754,2.0966518372715273
8.070753325951591,10.697280807884706
7.202750899996103,12.592828950467602
2.99905966403855,5.501075932148444
17.77735737774239,20.64023211184839
9.995938193775983,12.023031313424656
10.08218202456,15.810741463261479
7.739688298103196,10.233824474027415
4.640474507992854,5.840817830636434
14.052180299683421,10.516881981897805
5.897965202005306,9.713106144345149
29.640057199134173,22.269673677307512
5.4973486977181425,7.88891500143981
6.982968234449684,10.753451067031316
14.527912398524377,11.165446402092778
3.828113263188352,10.86842436464499
22.303767464375696,13.137146736209319
12.3662525108083,14.186164015181088
20.915519994658403,6.2549339220670905
7.085904419579028,7.453356882611636
4.109101228000875,6.978933691107304
28.930632139459064,15.520926757564851
154.25682856395716,56.92917807160283
6.671377620004134,8.00913003013563
10.023758784351498,13.069972559322746
7.472610628578413,9.61164189688933
9.09455105912989,12.864314290540467
27.84562910701474,8.034724170801526
6.095491395091325,6.731593726014265
31.406664700678277,9.642726633958663
5.383284276358612,9.959706183582524
10.966876804860807,7.304333726117664
24.590620009681608,7.2871071315179785
8.604908665001139,12.847020686219688
4.715590102546703,6.76842619651534
6.351440828385906,6.8420280426288755
5.608631060020146,4.004575085146254
4.676641275741005,5.607276128368714
27.11116551582157,10.16460648974176
10.516183237537819,11.31920042046097
9.04447399609399,10.738342053606008
32.67806568997848,11.178112009682243
34.23045464409115,15.28267993819081
7.4809568057510605,8.143194050112069
2.303544899651126,6.000061401977902
20.642878207018608,7.14151343497858
6.190081403048015,7.085599373126059
4.142485936691459,5.984700594055961
2.0948904703349,6.345077826096285
6.312492001580207,11.44372488956225
28.77761889129384,9.478526467527884
6.590697907335171,7.371458731957094
4.06458828308007,2.5007644454613054
4.7712312836976905,9.713186127590513
50.60565425682859,39.81498438281266
5.995337269019562,2.0841968072314456
8.298882168670659,7.623289968951736
12.739048424519988,15.853148023792274
2.8237899434129243,6.275582845250708
3.9950368066413318,7.05159919678795
21.11582824680202,6.47046196935379
6.6964161515220635,10.082374360579367
2.3424937264568273,4.897223797534035
28.282412379049962,10.691640372857803
5.575246351329539,7.7218170815174325
4.991013949244101,3.2966347625400148
2.6652125771325936,5.770775263183917
5.74495195384008,10.538191841282904
2.3341475492841792,5.361489527088623
5.9563884422138615,10.308431178871285
2.954546719117755,4.635329788999253
18.100076228418214,7.4524343696836235
6.671377620004134,6.3032554559295475
17.309971456074106,9.325540154400851
4.2176015312453,7.361995705112329
9.59810374854639,5.847524388220359
6.326402296867973,9.849466236051294
5.761644308185359,9.286747332178356
16.78694435325472,14.17792344636832
5.4806563433728614,8.757557929464316
12.402419278556398,7.402384358978609
5.5835925285022014,6.266392404440742
3.613894715757029,5.6932342194517735
5.377720158243515,7.922129399385208
4.54032038192108,9.761027394413784
3.1298164397433745,10.308244254575833
3.2466629201604675,6.391684316383434
4.223165649360393,6.170500170032407
2.4955069746220584,6.525319612254058
21.93375360972164,9.455614409536842
3.9699982751233813,6.1158665906797784
21.725099180405447,7.406851942050059
3.7363053142892095,7.93817549793214
57.76667427096132,105.40931411413175
16.275045486665583,11.308703440272714
4.2426400627632495,7.542462568466477
6.212337875508417,6.189054993097012
122.09344379962499,11.242087740911298
42.12872030847472,8.372711036495904
5.041091012280014,7.514905019375008
22.59866572447604,10.378427910952086
6.991314411622326,8.232796374794638
21.474713865225908,6.274486498835698
7.430879742715169,9.531749372103988
2.759802585089282,4.410925226800073
21.060187065650975,6.559714868118103
27.998642355179946,10.478426172207493
7.286212671722577,8.160246776955967
1.6275045486665614,5.681817454384261
14.068872654028729,9.149065568199884
21.777958302498796,7.628965826369542
8.1987280425989,9.689267168290014
8.237676869404597,9.389019551487422
15.715851616098115,6.943617884786935
6.910634698953387,8.895567471775514
4.423473901503989,5.655138004912775
8.788524562799429,7.402773150125599
2.709725522053379,6.588947802906736
2.9740211325205985,4.5662608645169565
16.10533988415513,14.510570168233105
33.95224873833618,13.350297192485867
2.9517646600601952,5.667890341954492
2.9350723057149044,4.781465263274593
4.159178291036759,7.246414147867197
6.871685872147699,7.39031518825266
21.39959827067207,6.858476434526056
12.346778097405517,7.408822858376969
9.061166350439288,7.134870515429539
6.16782493058763,9.439102152926981
21.805778893074343,27.64489166108371
11.384185663493312,6.177251815714474
2.067069879759407,3.6592962116907883
7.394712974967032,8.559075562858176
4.693333630086302,7.114431074068091
7.697957412239944,8.33442342074704
8.404600412857567,9.523376941555576
6.21511993456596,6.181876706159256
2.923944069484706,2.082169500760181
23.7059252293808,19.63147291434642
2.3647501989172217,4.638782341269552
12.96995932629661,11.557688625313252
26.846869905354268,12.561734709409976
1.713748379450601,3.5013381564637256
2.9183799513696127,5.657096945044169
16.247224896090117,11.272331145393943
7.784201243023983,7.0294012452564605
68.94776962325359,12.30827609712053
19.92232491111324,12.905411847375493
16.656187577549876,10.595864870665558
16.54212315619037,13.072075803007833
16.23331460080229,12.71928143280522
12.263316325679021,11.108031307624598
7.400277093082122,11.176699432903893
9.873527595243788,10.400931924025565
3.0157520183838478,4.543166976750222
5.792246957818431,4.1367887461014785
54.909499618857936,36.25922428810617
28.808221540926887,11.73375455553158
5.299822504632127,3.649098827021053
15.454338064688391,9.868607630741446
5.5196051701785445,4.192161076531825
2.9434184828875467,2.4942885503541556
73.95825798590046,17.742734995587295
3.8336773813034464,5.320594792554783
12.405201337613985,7.214918208666202
4.94650100432333,8.918337082139244
13.02560050744762,8.624470236913341
4.086844755540475,5.949662720197247
4.365050661295448,11.664338973214017
7.330725616643402,10.266327047817772
21.38847003444188,6.372203356431018
5.369373981070868,6.9304195694731945
4.159178291036759,7.4627325108643365
10.065489670214719,13.614265456300842
3.5387791212031816,2.5786472631972956
4.320537716374637,5.62290914202631
4.273242712396302,2.2857064304509667
5.522387229236105,8.889527847633884
21.6138168181034,6.629638743147994
10.290836453876185,13.897801951900114
3.079739376707494,6.096495880040329
22.12571568469261,12.729530855479753
3.316214396599211,8.514956294068282
3.9087929758572915,5.718403432870574
18.95416835908591,6.3547814945295595
25.976085420341303,7.208865518418663
3.3301246918869607,5.419476894489661
2.328583431169077,4.749593026660521
6.521146430896441,5.862232947106281
10.20459262309222,7.3286401595746415
14.998080379250302,8.062288339445837
101.5117708918721,13.845908102576546
27.94300117402891,7.884525047365443
2.6985972858231797,8.361319961557511
4.248204180878349,6.014726232251456
28.287976497165108,10.143376753464077
27.97638588271952,8.191534776424794
44.743855822571355,5.870595177534864
1.7415689700260986,3.6451543013837004
3.5053944125125867,6.583858932119965
2.395352848550274,5.487640734872473
4.963193358668612,10.421870061177003
7.981727436110003,12.121701994863946
3.6945744284259665,8.531205077381493
37.39921991064026,11.849840257983786
4.826872464848676,6.963520304222854
20.58445496681003,6.7491063761968935
4.857475114481737,7.280432028961971
4.348358306950133,7.648976822361136
6.944019407644004,9.850553473425949
5.450053693739809,6.476124691169123
4.935372768093122,6.498642577599751
6.048196391112993,10.639013139251364
64.45474424531089,12.719391740955974
19.53005458399873,13.21608922406802
7.823150069829671,4.664063904424578
7.686829176009737,11.058297766428518
2.709725522053379,5.021498077767062
2.453776088758811,5.057346325888069
6.71310850586735,8.163018156124238
4.0784985783678165,2.2705844889346216
4.863039232596822,13.161233671940908
8.404600412857567,5.335234820992322
6.960711761989294,8.297898497636359
1.7860819149468936,7.0559100983842855
9.918040540164565,14.310882265454733
6.3570049465009895,10.20189365706621
21.43298297936268,6.522906765609355
11.84322540798901,6.326069118051568
5.569682233214449,9.281692987311985
20.737468214975294,6.1010451101121745
3.224406447700066,5.81209649659322
1.8445051551554315,5.18944291559217
5.24139926442358,5.548860313572734
8.1653433339083,10.722286743615644
3.3050861603690076,5.152932934103436
5.1801939651575,7.941661107707959
6.062106686400737,6.291149450877002
13.097934042943885,10.038934145260432
4.320537716374637,6.564223700382279
5.0883860162583465,6.78013070601584
3.7975106135553003,7.038143475524326
15.924506045414317,13.654223753404631
4.654384803280596,6.467245020256535
3.6695358969080174,7.732367549120977
3.5638176527211254,4.887159202388287
4.779577460870334,8.742040814881749
31.64035766151241,13.795770359566067
3.2160602705274246,4.804429324448348
2.6346099274995374,6.2377353595366385
3.644497365390066,7.857410565234253
7.953906845534512,8.24377449197917
5.0883860162583465,13.477391726310453
11.729160986629386,6.184426294078798
15.724197793270783,7.832097683693374
4.982667772071463,7.908322669733082
7.503213278211465,9.30148626226549
5.655926063998496,4.04299404538651
21.722317121347764,5.628958410154646
5.043873071337553,7.272995185060667
2.576186687291004,4.29495442495381
5.591938705674838,10.550866757736586
21.569303873182577,5.44350620090348
11.634570978672711,6.508846342215774
5.836759902739206,3.941019747960838
7.4809568057510605,13.047827986429052
4.545884500036164,8.275196220075149
10.452195879214086,7.459045253026961
3.1465087940886765,9.062758601064289
11.576147738464195,6.014908387992679
5.305386622747224,7.769342185574001
11.759763636262493,7.4577420764781674
15.662992494004715,10.97596722857953
13.690512622201894,7.26977433462132
5.046655130395108,7.050511590556795
6.546184962414393,10.841609578070482
13.426217011734712,11.210429264903834
6.446030836342598,11.56931377495738
3.928267389260145,6.713425470698611
2.7570205260317264,5.065502529326246
77.16319002019785,170.4160874961772
3.8114209088430453,6.635545245695867
2.1616598877160995,3.919518441193074
14.02992382722299,9.806635662041229
5.085603957200804,8.845819312883894
8.830255448662648,7.5082369822161565
29.167107159350856,10.394868636913774
2.8488284749308748,5.085325554976771
1.1601186269982118,5.284322035448109
3.5387791212031816,2.8101938053336593
3.444189113246507,5.684475327942883
24.69912031292602,5.6768329362232635
51.6962214073881,11.365638431154931
11.676301864535988,6.6499537738999255
13.314934649432692,9.036884963173618
2.3536219626870163,5.229113066659644
10.964094745803315,7.1954057750021425
21.64441946773651,7.462868738846862
2.7125075811109354,5.015266972264007
20.53437790377414,5.61405234823527
25.603289506629604,11.243585286561926
12.772433133210491,7.964795781306525
7.227789431514065,11.553427757598318
31.59862677564915,9.967573703342767
1.7916460330619912,3.808311419406093
6.076016981688484,6.576187344977748
221.48806774870243,52.37822935655911
21.49975239674392,6.722109386060904
8.833037507720203,7.979734170215735
6.195645521163109,7.028619883922562
3.416368522671006,6.706420848058933
3.9421776845478935,6.542816996513173
2.9684570144055025,4.726850735467818
29.20883804521402,10.235331356564242
9.879091713358894,6.593084307290584
3.4108044045559036,6.572226242759588
3.5026123534550395,6.136887518700203
11.158838879831713,5.360453834756302
6.523928489953981,6.762840780180299
9.428398146035844,7.840713536153388
44.49903462550706,24.635551374977727
21.413508565959823,6.703689580669769
9.79006582351729,9.466062216063898
11.7820201087229,6.635933495016612
8.574306015368109,9.127690230555071
9.79562994163239,5.119286804972971
74.32270772243957,59.424889838137354
2.1060187065651013,3.7804138436516395
4.223165649360393,6.062948242639994
4.415127724331332,6.5506165933767395
22.715512204893063,9.53701292849011
0.9820668473150357,2.750461982852459
5.447271634682269,9.332349751642203
6.771531746075916,8.217069530828725
5.405540748819022,5.524967379373265
3.046354668016887,6.172088507638608
12.407983396671524,7.906229376256907
13.159139342209995,8.792321912382267
5.847888138969412,6.226249375588913
2.3452757855143718,4.336570039287668
3.622240892929669,8.904117899156066
5.338771331437821,9.145958768404638
22.08120273977181,7.872355243330832
19.31027191845233,6.5521332722762375
3.4469711723040466,7.386570257922731
4.081280637425371,10.740209869304813
7.372456502506621,6.850913784631104
5.249745441596222,7.057205627812018
6.810480572881602,8.554105501906232
27.15846051979993,11.8988974857975
4.175870645382052,2.0413650454291483
12.305047211542206,7.329258684398151
6.501672017493592,9.324611974805658
4.751756870294831,7.131919041528807
21.502534455801374,6.6048968388004
44.63257346026943,2.8628751261964682
8.657767787094581,10.160760591258137
99.06077686217137,28.944216644989183
5.989773150904462,8.626615244618746
9.500731681532136,11.9266405085748
2.9489826010026543,5.061747759359844
2.1004545884500025,4.810412747417816
3.544343239318287,4.808598378511958
3.1659832074915344,2.458276210739591
8.387908058512274,12.60761408222163
5.706003127034378,11.59195345588457
2.99905966403855,6.023414718222277
3.625022951987224,6.53415220599158
32.135564173756265,15.845446804535968
9.514641976819869,8.766314372628953
4.084062696482914,12.524794037537601
13.835179693194489,8.4304507409385
6.802134395708963,6.920297488506477
5.85345225708452,8.487618926084734
1.8027742692921895,6.137404881771003
12.099174841283501,7.40757626381003
6.640774970371074,7.36500369067247
7.739688298103196,11.079264928052028
38.122555265603246,12.951654909121094
12.652804593735915,7.456692495712149
5.483438402430415,10.458376630205322
3.1075599672829886,5.106716693829036
6.429338481997278,11.352981767381863
4.5653589134390185,4.845904091611169
6.420992304824657,6.5855420254848465
4.3066274210868825,6.06597859134954
3.886536503396887,5.123090933019276
1.4744913005013316,5.369443615345502
3.1465087940886765,2.139069920491627
2.275724309075628,1.863264672570433
5.15793749269709,9.762917650369156
2.0253389938961646,9.087504744685406
2.211736950751992,2.0287875716642483
1.9474413402847695,5.390066482961642
5.806157253106164,10.018433659574715
4.838000701078872,6.777012077189619
8.404600412857567,8.26366454115285
5.171847787984844,9.85783179655153
8.296100109613143,15.10042243971106
4.6571668623381575,3.0547247166379514
16.375199612737386,10.420507287543646
3.586074125181526,6.758512902949797
2.9684570144055025,5.249915136608874
13.885256756230397,11.81515570577153
5.483438402430415,9.01486048700164
3.135380557858485,6.357730528058111
4.159178291036759,8.68231816215213
6.40708200953691,8.040616530427808
52.66716001847289,12.137853274376344
21.062969124708633,10.979907954711015
4.473550964539864,7.180268492684159
1.7443510290836475,5.60564758683339
3.555471475548479,5.679970866606558
16.875970243096287,12.003853260921137
24.751979435019415,12.155811751618437
6.034286095825239,9.335989531437274
5.372156040128423,3.8280413264373596
2.4982890336796073,4.396779837953951
5.349899567668029,4.686294473178934
4.751756870294831,7.411998433981695
28.571746521035113,12.867316792550321
42.2121820802012,16.371786628505596
1.076656855271718,10.0808351709593
7.556072400304922,8.06114163078918
17.749536787166882,17.317450075571074
10.955748568630622,5.527171212238703
4.248204180878349,6.623419928969218
9.826232591265443,6.493499613004132
2.6206996322117866,8.379169519759316
2.8043155300100646,2.379219531928056
2.3118910768237777,7.323393211220796
13.353883476238419,7.916697886139211
16.553251392420613,10.312624879082948
32.986874245366465,15.0080684985928
1.7749536787166902,8.097407704376527
9.16966665368372,5.015195329868738
22.092330976001968,9.205238604112363
3.5638176527211254,5.811697862185206
15.804877505939706,7.19313195864894
7.205532959053654,8.50737276666715
8.688370436727647,6.317421427110382
22.49016542123156,10.317216309459962
5.6754004774013245,6.598499025034499
15.980147226565284,10.327248964975194
62.93295794083126,13.474309424710915
40.782203724620636,35.88880251036285
8.521446893274662,7.886305146656361
9.809540236920137,17.29902836952853
2.540019919542855,9.721418826762273
29.20883804521402,12.769011287238824
21.42741886124757,6.619689606259752
4.604307740244714,5.986924950729945
10.34369557596969,11.874522483416836
7.097032655809221,7.552820468843985
2.6206996322117866,3.945432109733785
29.336812761861307,14.924087231583911
31.20079233041957,9.128692577666174
6.1233119856668194,11.91662874394479
6.880032049320332,7.215148999439248
11.442608903701807,5.958978748591978
4.451294492079487,11.481515520887907
11.453737139932024,19.840164520810113
4.189780940669807,5.10797761096389
2.5956611006938517,5.875099980291218
2.4565581478163634,1.905356931469025
5.5863745875597335,11.102261676689826
5.377720158243515,5.828784839706887
10.919581800882513,11.696338120281476
29.2310945176744,12.740574655229691
126.92588038258897,178.72902288394204
4.0784985783678165,5.956458214940246
11.962853947463584,7.040534180985151
5.6893107726890895,9.710966167167891
4.965975417726172,6.166564442694248
13.812923220734096,9.220241509347494
3.268919392620872,9.447110709016261
9.720514347078556,8.031143320952735
1.9390951631121178,3.7707959809561458
3.1047779082254454,2.287776614149391
3.8448056175336487,6.210165173833075
5.700439008919291,12.68985163647159
4.109101228000875,2.2293951996205035
6.6964161515220635,4.228057056570717
3.4108044045559036,5.705492285633414
21.360649443866432,6.476047326097605
3.327342632829413,6.411444989925061
15.281850403120377,8.485487663057198
21.719535062290287,7.226372275252909
4.737846575007081,6.513764788578591
7.124853246384718,8.788906726548642
93.93344201910716,475.8185650326082
6.501672017493592,7.456760457565582
4.426255960561532,3.4352865833393684
1.8973642772488768,9.130496368282099
21.880894487628197,8.598517724840146
1.3520807019691425,0.5753576229682931
5.146809256466899,11.381447991332621
8.479716007411383,12.689753321161415
3.0185340774413976,5.567199313802559
12.213239262643086,6.8753560884227625
13.164703460325077,8.531339699948001
21.424636802189998,6.351826120855169
122.44676529993392,56.69068570424261
28.268502083762193,9.190215606698798
11.948943652175805,6.285908224284542
28.93619625757416,12.331573503785076
2.770930821319472,6.419905325853016
182.83413920310713,73.3750764542536
2.8543925930459686,5.0631664418453965
38.473094706854376,14.294721735209388
2.7152896401684754,5.20823767209349
6.134440221897019,6.298198081857776
1.972479871802721,4.389192852680696
5.299822504632127,8.431701600880224
9.970899662258015,12.861121876104136
22.209177456419027,10.931043957897202
6.251286702314126,6.660216129482002
1.7248766156808015,6.212351719923426
10.21572085932242,12.191291928804175
13.879692638115312,14.519845696098523
5.338771331437821,12.94670131860321
3.4469711723040466,6.519805738943898
5.3638098629557724,34.34836024710218
33.93277432493346,10.000251350921877
2.9489826010026543,6.845485080132233
1.808338387407291,3.571668393624847
6.565659375817229,9.761312653344893
30.07962253022712,21.781217208426256
6.654685265658831,7.5616602639592525
24.854915620148805,32.43990137971382
4.704461866316506,7.225805482702575
8.582652192540731,9.946406156532849
1.9168386906517185,5.134861774167918
7.372456502506621,6.850896969898132
22.07285656259914,8.05715397550866
4.401217429043577,8.274792666256301
35.25425237726945,8.343481140339776
6.395953773306704,6.76462476297373
4.340012129777486,7.528008778809004
20.35910818314849,6.546831095753116
12.88649755457008,5.3062487919155625
7.611713581455901,10.32507963498252
21.527572987319438,7.073416236222398
2.8599567111610646,5.1245412721941825
11.832097171758788,6.903390676796666
7.330725616643402,7.6585812187067495
3.2271885067576243,9.594459020215055
65.81238906539504,32.001810220706574
12.519265758973502,4.963810687773705
13.150793165037296,8.993995062727015
3.252227038275563,5.643723450097607
3.510958530627694,7.503784267567834
3.396894109268156,6.26613415550334
4.818526287676022,6.366931934046987
13.492986429115883,11.054139540111558
5.149591315524458,6.988215342961501
76.55948320470947,21.875156831519988
44.58249639723355,2.8233755547638157
32.413770079511266,76.89122127381117
2.1727881239462894,5.535502677597718
21.691714471714814,7.1716541871761805
5.171847787984844,6.861491014285771
5.817285489336378,9.17845145643075
31.453959704656633,7.442185162954076
21.580432109412843,6.252954600789027
6.334748474040604,7.113054182977979
9.778937587287114,4.872769937852831
9.230871952949832,11.892481963035875
3.485919999109739,7.307803887637194
5.132898961179148,7.002095640744355
198.218925791357,15.18112768568785
6.1566966943574375,7.237366143185096
4.924244531862911,6.414827111301568
5.82284960745148,5.8545677384412045
21.34673914857861,7.25805491037638
4.682205393856098,7.753315769590273
11.854353644219188,16.476019145576853
3.7029206055986226,7.525102917284324
31.003266137333636,7.921485767224947
4.270460653338757,7.49010125428806
5.931349910695912,6.689257567414649
5.007706303589419,8.193929341010378
4.682205393856098,8.250942451127164
4.904770118460071,5.938963129781362
27.76773145340334,6.868277379770595
2.932290246657357,4.298497509576652
45.28913939785104,8.218653916367805
1.8389410370403272,2.1292872162627954
5.667054300228684,10.252020140859537
4.584833326841851,6.767770685917664
20.76807086460831,10.519770189101708
28.605131229725718,8.412700415624117
5.305386622747224,9.747030612882597
166.04163073173677,154.88213725248715
9.48682138624438,20.134117444381925
6.412646127651998,6.313828197144572
21.786304479671507,6.949489259620324
7.330725616643402,9.495982843689257
7.225007372456491,4.872141131163477
3.074175258592393,5.733472484022916
2.517763447082449,4.658909916948504
4.476333023597427,9.478183769736344
6.2902355291197996,6.986945836257703
4.081280637425371,7.541831620876596
8.37399776322452,11.496140162186078
29.20327392709886,7.291707120129247
12.199328967355283,6.878977671503666
7.044173533715778,10.135858374337623
3.0686111404772936,6.12533377075967
2.5094172699098136,5.574533480395315
4.225947708417955,6.141718420508014
3.741869432404315,11.797378541954167
6.888378226492998,11.24184291892682
3.9338315073752357,5.762603294249359
3.605548538584387,6.814652176647581
5.046655130395108,6.244331353225589
5.761644308185359,8.651775609148434
14.483399453603612,9.822761633795649
10.900107387479606,6.71778252230415
11.812622758355896,13.16642775569474
7.1888406047083535,6.695107124668157
11.520506557313215,13.284657017574979
34.12195434084666,7.115513455839295
29.57050572269555,16.18860565435086
15.042593324171117,8.049311998210513
21.28275179025498,6.800090227780304
4.957629240553526,8.214448204816982
5.580810469444649,8.330811234443665
17.41290764120341,12.993428243723406
3.0018417230960956,5.77574144953108
5.814503430278813,6.350411601473619
7.066430006176179,6.553525772026807
3.0686111404772936,4.747875630305437
6.743711155500398,7.769851187173285
7.277866494549943,9.923210757732177
9.870745536186257,8.220391575908367
5.3638098629557724,8.855806495872253
6.1845172849329195,14.403571858367087
7.917740077786386,7.947181149135007
16.13594253378808,5.824612969528503
27.76216733528824,8.348043223669738
3.586074125181526,7.031925107451352
9.339372256194245,14.812152731624058
24.340234694502133,16.91812880876332
6.996878529737417,6.858207338587827
4.757320988409931,11.720901042314352
4.050677987792326,5.45468133276754
7.784201243023983,9.038627466119703
4.095190932713125,17.823500102665665
6.2902355291197996,6.478502253573832
2.506635210852258,6.4319876492769
6.354222887443442,17.660508825492226
7.436443860830289,16.68723609875029
16.87875230215388,15.819966648670858
19.438246635099595,14.176921552136806
3.8921006215119855,11.42166685811579
2.576186687291004,4.303378824222192
6.034286095825239,14.499673160576702
1.4744913005013316,4.140607658706082
3.0185340774413976,4.476131027392036
28.791529186581652,11.239452330623074
11.962853947463584,10.09388309749769
10.21572085932242,4.843897564035484
21.677804176427102,6.561723591585331
32.858899528719235,8.873193698403899
28.026462945755455,21.54286062640148
8.4908442436416,9.337856388232277
2.247903718500141,5.564047367000344
12.828074314361485,10.005909536200695
6.5990440845078275,15.95786986767449
2.954546719117755,4.892440533971949
5.69209283174663,8.229602846656022
14.08834706743148,7.7574734088850725
10.1684258553441,12.787744427423869
4.960411299611077,4.189175971987027
35.73554859422555,9.687685256455506
3.8893185624544384,10.145678861714929
6.159478753414985,11.08298708311666
8.4073824719151,7.938510106036066
6.134440221897019,6.316849885350073
7.722995943757887,4.970337813455701
61.01890130923692,13.854870605603843
6.821608809111813,11.00169241736695
1.966915753687623,4.22725754437206
30.82243229859282,20.05259275955905
3.5026123534550395,7.268450601090325
3.2299705658151687,6.560529902995674
11.150492702659115,5.191582936619025
15.696377202695308,9.760978638038749
2.7848411166072222,5.593449915858483
4.395653310928486,4.122816676501217
5.383284276358612,3.3619863876960485
5.043873071337553,6.686750304875007
5.21357867384809,6.764889210695784
4.94650100432333,7.217667544627564
7.703521530355048,11.021463929975182
1.9863901670904736,3.8464807105131724
7.291776789837695,15.851497229877484
12.024059246729701,6.950940763253635
2.2367754822699384,5.471851142579024
5.71991342232214,7.621480348255848
13.253729350166624,8.653826019128061
7.8008935973692894,10.142235273342894
2.5650584510607968,2.0882133035308335
1.1016953867896677,5.605402488708512
4.646038626107946,6.179161282012465
7.102596773924319,7.012644333960718
5.731041658552325,7.391231071218867
20.52603172660153,6.29473559379216
17.688331487900815,9.299634000147973
6.468287308803,7.240222123957861
6.031504036767702,5.810433332644471
3.2327526248727247,2.1252031501397006
3.2633552745057766,5.670191113267391
31.623665307167073,8.352213477447963
4.467986846424784,19.544504485063523
29.30621011222828,43.62118249541003
3.5276508849729855,5.996906667524577
4.799051874273186,7.582631705307987
29.055824797048853,12.757733312068298
4.178652704439616,6.960535936537304
5.778336662530669,8.75011951114359
3.5832920661239784,3.1252602984274964
1.2463624577822519,4.615011568371183
5.936914028810992,6.988785646336518
12.327303684002594,7.279439855550483
5.575246351329539,9.568865102973344
1.363208938199342,4.4428175594187485
22.712730145835472,8.224502788039825
6.643557029428608,7.883482379791819
8.549267483850146,7.100005517303905
21.179815605125686,13.940177242685987
14.978605965847384,8.586886040866407
6.126094044724392,6.497009228367906
14.004885295705126,11.285094640728827
9.219743716719622,8.048898296964344
7.592239168053052,11.151656857598525
3.1103420263405304,4.938391962604472
3.714048841828811,7.04275868634543
3.3468170462322537,6.915529732972354
15.15943980458822,9.941885373027926
11.270121242133714,6.418013310886761
2.1588778286585493,6.672983170789587
4.632128330820206,3.1603695004070014
12.438586046304618,7.308530147914893
5.4695281071426525,7.269861430780964
6.137222280954587,8.524269068508572
2.464904324989007,1.8812380909871322
4.000600924756435,6.84488617023897
4.721154220661803,7.994720263880824
21.555393577894925,6.481624462536138
7.2500459039744625,9.514052648077866
8.938755751907086,11.151043542743675
5.811721371221266,10.995422357178755
2.923944069484706,2.3027778572969764
30.599867573988895,7.4616148183469075
6.5573131986445805,4.533760998373069
6.14000434001214,6.287419937217955
3.15207291220378,5.633651774445642
7.327943557585852,11.76309446305011
7.6423162310889525,12.738836188645555
5.249745441596222,5.4862017622003565
2.993495545923455,5.512712587840971
6.846647340629756,7.574761494057369
9.837360827495631,12.939740930887766
7.252827963032009,13.747270900185335
6.265196997601855,7.73884482641174
8.802434858087183,23.04862826841449
5.085603957200804,3.852895532064585
6.095491395091325,11.764423087004811
5.1885401423301385,6.713493220269424
2.6930331677080805,4.071109364594512
21.45802151088058,7.0332281882574135
12.572124881067017,9.484981323589668
11.790366285895495,6.4062939592566135
22.49572953934669,9.784448498744796
5.995337269019562,6.28773524151789
21.833599483649774,6.863695368894446
11.214480060982712,7.095780468613834
10.421593229581115,9.19518070576803
24.45151705680414,16.173661359684054
8.287753932440491,10.082938517521516
28.702503296740023,21.320084274887506
22.334370114008838,5.68359831590946
1.85563339138563,6.9718712124026245
2.8655208292761585,7.724465707870423
5.541861642638946,5.850315409030455
9.111243413475195,10.27597008173513
12.343996038347889,7.207647313408421
4.568140972496559,5.244736836404365
2.4732505021616626,1.6530512758419418
7.659008585434239,7.674554144195722
47.592684297502224,50.91572134147435
7.225007372456491,13.330338530478702
37.93059319063233,13.321600892987384
3.449753231361595,7.026456212815186
5.110642488718756,7.875960317641154
4.376178897525632,2.380028950721736
4.342794188835048,7.284488360788248
4.178652704439616,5.5713740737428274
28.922285962286402,13.734355272710472
6.384825537076511,9.619911854120204
8.201510101656437,7.820014060676333
153.02159434240514,217.8405283809608
3.3802017549228567,6.488035029018663
18.26421771281361,16.323360851275204
123.31754978494693,12.035162532351793
10.571824418688792,12.100609361453303
6.607390261680484,7.28195864251003
4.056242105907421,6.405986170129765
4.762885106525036,8.733019860193256
15.58787689945079,13.814733534205025
5.447271634682269,7.957966563917169
50.96732193430994,15.165438070905157
12.460842518764995,7.312773636365175
11.49268596673772,8.69278098452963
21.3968162116145,7.362029122126232
4.899206000344973,5.164896540853937
7.5282518097294355,8.623636096812962
12.694535479599217,7.817587119878876
3.3941120502105964,8.811764795498151
3.76969002297981,6.262161637370805
5.516823111121007,10.800734162031043
54.86220461487965,5.360876633123997
6.526710549011536,8.509067044873536
8.143086861447891,13.715804409265097
15.899467513896372,8.044714432883895
4.843564819193977,7.655623662467488
6.930109112356252,5.748346065226774
3.2717014516784144,5.72132526773542
4.028421515331935,6.48248819099236
2.8432643568157756,10.565724857997258
5.138463079294261,2.668793353983724
2.9684570144055025,6.019110716949534
12.369034569865821,7.025790928436294
7.695175353182409,12.405734892163073
2.759802585089282,5.0203915919477735
29.873750159968374,79.67043095891187
7.369674443449095,9.049848376369665
1.980826048975372,1.906458348228156
26.24038103080854,16.769899831187722
6.348658769328373,11.775596399884645
2.6429561046721948,6.773198178431799
3.082521435765036,5.672113397148195
15.526671600184676,12.254703291497663
5.566900174156906,10.942372949384845
5.917439615408155,6.527973377583698
3.613894715757029,6.5192266918442385
4.915898354690264,7.0712685214887605
3.4386249951314007,5.910099888734395
29.03635038364588,12.821378676674321
4.45685861019458,2.8557883659459646
2.4315196162984147,6.695084185325577
4.384525074698287,5.703562820831755
27.834500870784513,8.007439157405058
31.451177645599127,8.016740814159748
2.2145190098095444,5.174002502395107
4.821308346733575,7.450725167362521
21.850291837995112,7.83972169450528
4.913116295632718,7.010737416516584
8.01789420385816,8.723198202299514
2.6485202227872895,6.562160263828456
22.36497276364181,25.74868861848425
3.413586463613454,3.972841416485646
1.847287214212983,5.747387757519925
10.0710537883298,7.400739361452321
28.129399130884693,13.88997081772325
5.942478146926108,6.743604537845212
5.324861036150086,5.236353216167116
3.096431731052788,2.227544730589975
5.4027586897614785,5.000130729364876
6.1205299266092785,10.284270758633225
3.032444372729144,10.812958994836496
8.590998369713379,6.255995060612071
8.629947196519097,10.723697172734399
5.800593134991071,16.370606067988138
2.9628928962903998,5.735263573071694
14.675361528574511,12.416992698080312
6.604608202622932,8.512054307932816
3.3718555777502006,5.617577348431172
10.58017059586139,10.218722751191883
9.670437284042665,18.166761951938163
3.981126511353584,5.634786452310401
23.744874056186518,12.425732204018349
5.313732799919883,12.484458033838903
21.199290018528508,6.567798701503135
28.930632139459064,12.359762887146246
9.650962870639807,11.832266524850816
21.343957089521126,6.152649933196484
6.791006159478744,8.266254867106866
4.356704484122796,12.224472248381563
9.548026685510493,9.342185531516327
12.61107370787268,7.494068646561977
2.1922625373491367,4.4804031263278015
6.309709942522666,7.680101713346154
7.244481785859363,11.341223867679028
19.47719546190528,10.581344465415565
7.575546813707758,7.6205972784247775
10.482798528847189,11.214418846939049
3.0268802546140456,2.438785429750617
8.860858098295695,11.420897599299416
1.9641336946300716,1.6869625089813023
6.952365584816625,9.192123263781907
3.1381626169160297,6.2466215213979055
1.47170924144378,6.541824538143312
62.73264968868761,12.156254567045096
13.267639645454388,8.743767490399657
4.320537716374637,9.257460294999953
8.081881562181813,8.489888640469884
9.884655831473994,17.042968599164933
11.901648648197503,8.230746670312614
12.828074314361485,8.633053155245978
4.117447405173523,7.667122074893547
4.159178291036759,1.9045744807747742
6.4738514269181,6.148550713899734
32.032627988626906,8.59713489917834
4.515281850403116,8.204316759290567
4.284370948626502,6.70087272641579
6.10661963132154,10.502430885631883
12.652804593735915,7.687852819930547
6.779877923248541,7.727707383693318
11.893302471024903,7.0897236181655385
4.996578067359211,4.834854075076645
13.134100810691988,10.929973437756404
2.086544293162251,5.936170162892286
8.148650979563001,11.372656463020846
6.518364371838904,8.394743472357005
5.864580493314709,11.102614695539714
2.6206996322117866,5.086496706150422
8.059625089721417,6.047056016994761
3.6611897197353693,6.568970904583445
2.6985972858231797,6.751378027306442
17.538100298793086,11.899522449105566
19.11274572536629,8.867245998898657
22.30654952343331,9.130712244628894
25.614417742859786,7.19420164896977
2.7514564079166344,8.629901739005867
7.684047116952188,6.612790040705942
2.871084947391263,2.2300831961512912
8.051278912548756,11.848925121123738
21.811343011189404,7.045364004759167
2.43708373441351,4.01338339394255
2.9350723057149044,10.044245066540272
7.53659798690207,2.8718440638462046
10.902889446537186,7.164462819836616
11.545545088831103,5.150867143402736
7.166584132247973,8.151675979096348
2.147749592428351,1.6963002259242035
4.351140366007686,5.3222047936330386
9.71495022896346,20.093231806717316
11.381403604435691,6.299873437029903
46.60783539112966,7.634197509980962
14.7894259499341,9.483658423961355
6.944019407644004,8.205566137341377
2.153313710543451,2.104428446395378
22.19526716113134,8.547342752030849
2.87664906550636,6.3652479068435195
5.845106079911854,10.698008408592171
95.14085565008364,35.667101364570314
1.6497610211269607,2.3064218773249983
8.223766574116826,9.04176103114699
2.971239073463052,6.2244993707312775
4.234293885590605,5.373869955892084
6.690852033406973,7.7913264904994906
5.399976630703917,9.155803475561509
90.56158644135698,5.13497515891911
1.9780439899178186,1.8928748613644883
23.644719930114736,17.47319015713416
4.509717732288023,8.925522248553401
7.514341514441682,8.534869260035475
11.56501950223401,15.082946860885608
5.867362552372253,12.25091872522678
5.530733406408754,7.755003986998729
9.453436677553805,9.83523754343458
7.019135002197824,4.894381460475627
3.6278050110447695,7.278827175780925
21.274405613082408,6.681384335837122
3.9115750349148413,7.90531137391074
8.757921913166374,14.570554569125367
9.28929519315837,8.056848644377043
17.371176755340198,5.418812626901138
12.113085136571282,6.53110574640737
3.9699982751233813,9.25493262247578
3.274483510735964,5.287487803182801
20.08646639550862,6.953901565762042
16.558815510535688,13.5092616631537
8.755139854108815,10.722548047505438
3.9393956254903415,7.071249041359293
2.996277604980994,6.908530544813401
4.123011523288613,6.26284136254099
8.42685688531796,10.909177993220869
3.9421776845478935,8.173855411174433
80.96348269281056,46.43961746548921
6.471069367860535,11.098444435269126
3.4998302943974857,8.283631798759558
6.153914635299883,6.2518983474149366
21.655547703966672,19.42337990611571
28.287976497165108,10.143401165462286
3.5916382432966314,5.889267428980969
8.613254842173777,7.18023046136711
4.529192145690873,9.35192386910497
65.72336317555353,14.453278348147116
38.99612180967387,18.059722041955872
14.922964784696378,5.76403987716231
4.38730713375583,6.70708460483233
1.9224028087668197,1.8302366142783781
3.05470084518954,6.171347809889095
4.559794795323913,7.04890182457427
5.494566638660604,10.321245318121433
7.597803286168151,5.233150025499169
18.60641097689223,15.422018030195925
4.659948921395703,7.085858282379669
2.7486743488590846,7.165860892643129
11.036428281299582,6.097411525423705
1.863979568558283,3.4256649394597507
57.51907101483953,21.82266207589558
18.283692126216472,7.20660639014839
11.862699821391798,11.303665732905412
1.3548627610266928,5.673670612409704
2.9128158332545113,9.035717732449404
2.4760325612192093,4.682424097550508
8.568741897252988,9.338981322371065
2.6012252188089438,2.302207884262107
6.028721977710145,10.632439870901159
16.889880538384084,9.314671353322206
3.135380557858485,6.7606317963607125
3.0074058412111966,5.845952367008397
6.251286702314126,7.032987940477019
15.729761911385879,19.558979916261233
10.268579981415812,16.01677931413802
2.3758784351474187,2.0355528471128688
3.1882396799519324,7.753454197934631
7.453136215175584,6.530948744223319
11.754199518147399,18.457978877188122
10.531643278823516,9.424645110130374
11.651263333017992,5.986608420672817
11.100415639623213,17.62992002432944
12.321739565887489,8.339262120170714
69.46245054890036,24.444615374364645
16.6979184634131,10.472933612139766
3.029662313671587,5.790087886964319
6.10661963132154,9.47762556630684
6.601826143565377,19.320020494945755
6.384825537076511,7.349267653868767
3.8030747316704,7.6163401760937735
3.366291459635103,8.657204852177754
28.838824190559905,11.947109730158676
4.353922425065248,2.547577963214795
4.609871858359808,7.029463350457479
3.2717014516784144,5.808423262373869
4.785141578985444,9.680111839501706
5.397194571646375,7.535540001967886
5.630887532480552,8.482604687134629
3.1409446759735853,5.899790242037852
3.0992137901103343,5.614941748446562
3.544343239318287,7.371600268119671
8.507536597986897,13.927024874776516
5.658708123056048,10.743151819891201
4.270460653338757,2.267107925603514
8.546485424792618,10.57262883481317
8.540921306677493,6.30860437561256
7.695175353182409,7.361621963628319
5.021616598877162,3.3862394127127753
5.522387229236105,10.792045891942145
11.272903301191299,10.245928779930805
9.036127818921328,9.569977086805759
13.5068967244037,5.563153348834871
5.864580493314709,11.44281804541289
14.942439198099311,17.743260160033795
16.18880165588152,8.572204059694418
6.532274667126623,11.34100401461312
12.474752814052708,9.909108744397562
3.747433550519417,2.5853217550543235
15.877211041436029,7.5311020170936995
4.6682950985683584,7.358892741387783
21.44411121559288,6.174458336808933
6.095491395091325,11.079824913180477
24.493247942667338,9.391570394058391
50.8449113357778,119.6508635090492
5.934131969753452,7.507314267515304
12.399637219498924,7.7149554012394965
6.546184962414393,9.72108219181294
2.0976725293924496,4.856524897429234
5.839541961796766,5.5593673314241006
28.21007884355369,8.115950720315618
17.3266638104194,12.837757874275276
10.30752880822152,7.152795387247103
21.42741886124757,6.395829716799408
5.8284137255665724,7.8876301766083605
6.3430946512132484,10.533727543935099
2.754238466974179,8.258714728990153
6.43768465916994,15.019762839971966
143.69891444055597,25.319532762893772
3.00462378215365,2.517297018239807
120.28510541221803,24.83764356903867
4.345576247892596,9.635410120065803
9.16966665368372,5.348311009115993
2.6874690495929787,5.287985926903968
28.80265742281177,7.861733541406391
3.780818259210011,2.6060255604341913
3.8754082671667076,12.372927517042731
18.31707683490709,11.91805523447088
10.535657650940593,9.514442273738409
2.9378543647724573,4.875605819386223
37.44095079650354,55.412401161084134
3.9644341570082795,10.614305045485162
13.451255543252685,6.054431052001658
3.9727803341809262,5.807464699814262
6.33753053309815,8.244965842497916
30.549790510952967,14.39684014870081
11.139364466428914,5.779320277347371
26.57701017677198,13.658619324391454
44.073379589701915,13.847429753396442
9.069512527611957,9.741793953296177
84.85280125526509,13.800386519015985
5.728259599494783,9.629206569368002
23.180116067503928,8.036484882068798
4.373396838468096,6.696183908061905
5.4973486977181425,8.669358239384756
4.159178291036759,5.409013204461714
1.38824746971729,5.7315516232503985
2.1727881239462894,4.501440769796283
11.069812989990192,9.004335076802603
22.43174218102302,10.808042574494841
6.482197604090734,20.40495339951684
9.588894298448187,11.1462561133093
3.1465087940886765,4.9747323702502895
6.932891171413794,14.94218918874885
35.83570272029725,13.456863524609815
8.312792463958427,9.019055576011976
7.336289734758496,9.37217063405812
3.9393956254903415,4.740248318305543
13.334409062835599,6.468870187059026
13.821269397906777,9.830184280654162
15.440427769400694,12.46528345171347
3.1687652665490815,2.559807158541735
8.769050149396582,8.991211942141065
21.975484495584922,8.158775336159266
2.1199290018528454,5.147461471776906
5.575246351329539,8.844062922771771
5.458399870912468,6.037564266526211
6.788224100421192,7.899633821766722
30.939278779009907,7.534671218130631
25.517045675845644,15.400749709760754
3.9922547475837806,6.085643844266198
8.087445680296918,7.420273093950971
24.687992076695778,10.943685492557554
3.9032288577421914,7.592822835126054
9.612014043834115,8.08167646602348
5.085603957200804,7.785104448817169
9.77615552822956,7.894899317776294
3.352381164347359,4.373946169013155
3.05470084518954,6.544953856652785
3.4775738219370873,6.478898313707102
16.51708462467239,7.82054180498033
3.95330592077809,6.584200972940551
11.7375071638021,7.149809030403648
5.369373981070868,3.5138516696216953
2.8488284749308748,2.3897928364233074
10.69145295816342,14.878291877736117
8.877550452641017,7.671609266542708
78.26210334792978,148.38120010696807
6.354222887443442,6.767585616117714
70.64482564835888,59.27819452065677
0.9013871346460931,0.4149005698318717
4.356704484122796,2.0881828380832435
8.930409574734457,7.179216240181266
4.537538322863521,10.027420310367264
5.878490788602468,6.24290542253442
2.0921084112773536,6.336603524220188
22.39835747233238,10.74798972862773
12.538740172376382,15.825690093055202
3.555471475548479,6.93432165848702
24.192785564451963,12.946251555014133
18.976424831546286,6.518075306287064
38.659492663710274,14.680839101582519
2.5622763920032505,6.921526665572165
30.001724876615743,14.98045678327194
3.4942661762823923,5.273574358438265
4.384525074698287,6.23081713605135
158.0905059452602,306.918562495562
6.028721977710145,5.197150272069275
12.878151377397401,17.29312429388322
3.316214396599211,7.111437863074905
6.050978450170535,7.312303219289157
14.102257362719303,10.59302214811521
6.298581706292466,6.324996838293435
11.921123061600406,8.766452754556989
4.175870645382052,10.89579315851162
76.88498411444284,10.91227153212393
28.524451517056782,11.608724050922401
11.100415639623213,6.441165404999814
1.6720174935873489,1.7323278715916908
8.554831601965255,6.575970422636834
9.308769606561208,6.51287829556161
7.305687085125432,1.6773943680821275
12.933792558548378,5.839701718056382
146.0469722851278,60.00499755001454
17.137483794506032,13.814728504103977
10.02654084340901,15.618549209659038
11.28681359647901,5.651049111601906
2.731981994513781,5.487216798989327
11.704122455111504,15.266748080226495
6.295799647234899,6.169897449916838
1.2380162806096024,2.4168888773537778
1.9224028087668197,4.412462561879166
15.084324210034293,5.813252250909508
12.444150164419687,6.43866413863982
21.36621356198148,6.464354708747196
3.6667538378504743,5.727186483767145
4.033985633447027,2.1233953904441814
8.994396933058107,9.30898235331955
1.8417230960978785,1.7059331400036484
4.003382983813987,7.98157364646331
2.2089548916944417,1.8759242913152503
38.04465761199179,11.186770940453254
5.5835925285022014,5.949466238730407
18.589718622546872,6.618547767792021
5.739387835724979,7.682411630247541
6.607390261680484,7.306191304023154
12.332867802117688,26.125074258385567
12.193764849240209,7.294199837343664
21.026802356960378,6.116552127527682
6.752057332673048,5.523761863897525
3.9922547475837806,6.659235465580082
2.9100337741969597,5.970764580587252
9.653744929697371,10.055917105718478
3.466445585706888,2.210661801101361
4.5124997913455624,7.045212154061418
8.081881562181813,7.026851593348407
4.682205393856098,16.13143736170185
6.6463390884861715,6.293193784580236
2.1922625373491367,5.196199368322084
6.560095257702121,7.612363916547006
7.350200030046244,8.294312127563826
28.12105295371207,28.443278035364408
11.25064682873091,9.553371090306163
13.584794378015083,10.754076669612655
1.8166845645799414,4.100493160174394
24.16218291481889,7.17107984638547
4.907552177517623,5.91458221470997
5.870144611429812,8.957808464561689
7.130417364499803,8.52894993670271
25.46418655375221,11.894181162474535
12.714009893001995,6.671777055512757
2.723635817341128,2.094716749780671
15.19838863139389,10.410603420209199
4.365050661295448,6.745449822657609
16.45587932540632,10.48932268834816
11.623442742442515,9.030744631560031
20.723557919687497,6.305260126444686
67.41763714160123,11.780951540627676
3.4052402864408045,7.152396381873077
3.630587070102327,2.2139211336670694
106.769862510641,27.075415120516507
6.660249383773925,4.42738778573098
5.814503430278813,5.863550880190198
4.417909783388887,1.990678552021799
18.66205215804323,5.443896729857146
17.07906055429741,12.624128485712239
1.9780439899178186,6.249276086566332
7.05808382900352,8.810832323801302
25.15259593930657,7.344651621158179
9.937514953567437,11.347707370060016
1.9557875174574162,3.8249038498379275
20.520467608486427,5.553300231292364
3.516522648742783,5.70132734276291
1.8250307417525904,1.7810949575236743
7.9705991998798185,6.330291568525769
6.944019407644004,7.197943401399035
12.70009959771428,8.783855543827666
2.821007884355368,8.522704738439288
8.287753932440491,12.9792074153548
8.802434858087183,13.792213043462468
1.930748985939472,4.7045323251578495
1.9502233993423201,4.538672209975348
4.337230070719948,7.264502156549802
9.342154315251804,7.255097785448133
3.3384708690596065,5.68378423375141
24.04255437534432,10.226381573542344
28.293540615280214,7.811577447345866
1.26305481212755,5.971563041246193
10.710927371566193,12.571114912438423
28.16556589863294,9.83607630603353
8.43242100343306,14.49621570310817
21.997740968045292,8.923119443300799
3.2327526248727247,8.993727046512406
3.1103420263405304,4.426272788771946
3.2271885067576243,5.284918560584944
3.683446192195773,6.920880164305783
16.08864752980979,16.159079133558244
5.258091618768882,8.250319328891218
8.421292767202848,11.309904463078945
27.197409346605582,8.341173307299927
4.682205393856098,3.0547580943937267
4.523628027575777,8.650707973886263
21.4635856289957,7.35282094764953
3.352381164347359,9.073292537430723
21.05740500659351,6.480485779694186
6.996878529737417,12.690241363470724
4.273242712396302,6.109017321738941
28.08766824502151,10.465571371862021
24.504376178897466,7.261487538918585
8.034586558203474,9.208173003609888
6.359787005558542,7.30496112039621
20.934994408061282,6.331387301039081
5.425015162221862,6.673932716095198
6.585133789220075,8.891907429572498
5.658708123056048,9.553036309127368
2.8349181796431195,4.854897197436153
3.1325984988009323,2.2644612411293763
3.77803620015246,5.681545606870316
7.542162105017151,5.267291834751982
3.5415611802607256,6.9144747072499735
29.69848043934282,11.84552622155884
11.807058640240813,6.5119601083743035
3.096431731052788,5.599523991617036
6.626864675083318,10.093132906285435
5.430579280336949,8.364203545928527
6.345876710270801,6.112846861351068
2.645738163729735,5.272664817549703
3.1687652665490815,4.605170674936189
11.884956293852218,6.770043006238188
3.9894726885262353,5.762598187543326
22.12571568469261,7.5169829448592616
74.8429527662014,18.083355517765522
20.61227555738553,5.930878564734235
4.270460653338757,7.800726546623738
15.12605509589758,7.739312012916001
18.38106419323071,6.855335825953174
22.35384452741163,8.991544899569995
2.306326958708678,4.942495342704627
3.7919464954402122,7.402960236842571
3.430278817958757,6.505818621552077
3.6500614835051737,4.891912375637207
2.578968746348551,4.04602172653095
7.93999655024678,7.725343593049625
31.11176644057797,14.391354230414352
2.2534678366152394,8.68142060643675
17.10966320393051,11.401187693540706
16.79807258948488,8.500821282647236
2.039249289183908,1.9026761034428537
5.4973486977181425,15.560090710095505
12.563778703894311,7.108780580870434
6.181735225875372,5.511334311118237
30.547008451895415,9.155560230896153
37.969542017437966,45.732438794346
11.882174234794679,6.413197186491715
8.37121570416697,9.688583640899378
21.380123857269236,6.232237280774913
5.870144611429812,11.154934443737607
12.867023141167227,15.93556239631291
3.5137405896852343,1.6883647389640903
15.532235718299827,13.073569021684404
15.58787689945079,15.463007440820407
17.482459117642087,7.3478722562408825
12.115867195628786,7.537029630815554
8.941537810964638,8.18858877148332
6.234594347968816,8.036891218723559
32.2162438864252,11.69118931156534
4.248204180878349,5.665254396615646
3.561035593663573,5.920853742999561
7.834278306059872,12.25482677026159
7.403059152139671,9.816673998459157
16.508738447499827,16.720703749888223
4.932590709035565,8.149795286903004
6.5990440845078275,10.158145041500342
3.961652097950734,6.555486397559551
42.89656860835843,20.545528152553615
3.5638176527211254,5.431863556664772
19.09605337102102,14.005194458380322
9.759463173884248,10.261672201366913
3.0074058412111966,5.1749716401253245
19.569003410804395,15.334640398948345
7.110942951096966,8.562458089394223
7.28343061266503,7.272035623480174
9.100115177244989,11.188987864528704
9.038909877978877,7.176192054660481
10.18511820968939,5.98722024378437
19.296361623164525,5.3733683757806405
9.867963477128704,9.3354125692816
6.370915241788757,8.51274540246139
1.7888639740044392,1.7802166522071594
2.993495545923455,6.434731427718106
15.3541839386166,14.944672820560763
11.948943652175805,19.811292768775647
20.562198494349577,6.067325702044823
25.73682834139202,8.921660760438488
5.380502217301073,6.311568017862599
6.637992911313532,9.61419113190935
5.455617811854914,8.497747330320864
12.146469845261915,7.696459106707793
7.411405329312346,8.870598838148009
2.6179175731542363,6.721901221368943
2.6095713959815936,11.472519712857784
16.69235434529799,7.953455293188366
1.81390250552239,4.4759987940513
3.944959743605438,8.675605103483969
3.8921006215119855,1.9358739072203865
7.820368010772135,4.378565071175368
4.117447405173523,6.691038219514727
4.971539535841269,6.306261718959947
2.6290458093844356,5.026438198765582
3.4775738219370873,9.720493648201112
4.445730373964372,4.862625956323755
2.464904324989007,2.0166109813897393
5.706003127034378,7.57693197237487
2.6262637503268955,5.137629540566596
30.50527756603219,6.871887972240686
2.5316737423701987,2.1989329841863023
9.011089287403395,5.940696898332746
22.22308775170682,9.349072213072157
32.27466712663386,8.698201265352001
5.614195178135247,8.9703896510685
11.918341002542785,7.127356829798733
4.993796008301664,9.23152748351702
6.827172927226903,7.643364021825461
4.223165649360393,6.722422470935033
2.303544899651126,3.7753293728211523
5.374938099185976,10.49814125371565
21.777958302498796,7.3841371504427995
32.83942511531626,26.103641116306058
3.4108044045559036,5.590975278958077
4.359486543180341,4.811180455921639
11.78480216778039,6.5199434377846455
15.585094840393305,11.8632574230245
8.257151282807436,9.998928922996972
8.69949867295784,8.169177470715233
2.484378738391856,2.1803747210122006
5.283130150286838,6.58338071184705
3.655625601620264,6.369231654328213
11.709686573226588,6.587919307492313
7.272302376434847,7.950597501502779
21.146430896435117,10.095676905180547
4.584833326841851,6.488124765637734
2.2590319547303266,6.52104313204192
13.04785697990799,5.414061714149305
3.6917923693684176,5.522325123966521
1.2407983396671478,8.539196380575964
2.4982890336796073,9.243913474279706
21.814125070247027,7.8907590718908205
2.108800765622647,4.9223010811178955
12.3634704517507,7.6539965312868
3.7084847237137155,2.478038077930237
8.06797126689406,13.225635772826557
36.94296222520212,11.160822641848172
12.577688999182087,7.348186514328481
3.819767086015702,6.572395545121279
2.6930331677080805,5.195603457170644
23.96465672173286,49.64620899858282
31.954730335015483,16.121923295375286
22.1424080390378,8.558189949070828
21.802996834016785,7.332886642844684
2.8822131836214635,3.851325356856285
7.558854459362465,7.194527264243299
7.4809568057510605,6.582008862806341
22.331588054951172,16.1692972460919
17.93037062590757,11.564610610217285
12.471970754995223,8.129430306457794
2.6985972858231797,4.459012621101615
4.476333023597427,6.632760524082405
11.743071281917185,7.163334739136299
16.773034057966992,9.256334535399395
3.9087929758572915,9.720752508536563
5.758862249127822,10.146965797963345
3.043572608959337,5.678183052811111
4.020075338159273,6.954743167386565
2.1338392971406015,5.348195390202506
6.482197604090734,7.32966258087822
21.349521207636215,16.01620487307341
3.4887020581672896,6.779568493566969
3.7641259048647115,7.28636815793973
9.36441078771222,14.227786158728895
4.568140972496559,7.161091980914112
30.76122699932674,6.33370755948266
5.40832280787656,3.7422109361331772
3.291175865081254,6.230964270071811
21.897586841973506,10.266683577416254
2.4176093210106715,6.248064439055599
7.291776789837695,11.33667880155944
6.2401584660839085,7.046848771464419
3.3746376368077473,6.431452879274019
8.49919042081425,10.205019649275448
4.340012129777486,6.8747344567003115
7.362245928456562,8.576898307713044
1.85563339138563,1.8090210621532823
6.955147643874193,12.77902038548089
27.17515287414517,7.826481162745166
8.610472783116235,6.91653734308412
5.839541961796766,9.71754747718056
4.117447405173523,5.892679370848001
2.667994636190138,3.9862441247574694
20.553852317177014,11.138339848091327
1.5662992494004675,9.21194812954547
7.7424703571607285,14.207101021604927
4.782359519927883,8.230831624120684
7.748034475275841,8.865279794857008
12.17429043583738,7.4761191155294275
42.86874801778298,12.695827168411597
5.419451044106765,7.118495390233276
6.471069367860535,8.408183847058874
20.069774041163328,8.449784065950599
3.3440349871747137,8.373055526782874
2.6485202227872895,4.3303643179818705
5.864580493314709,9.313144186828987
5.558553996984242,9.192436334538145
3.1687652665490815,5.607401116434851
21.513662692031566,6.846927085590627
1.4383245327531828,6.06875063464826
5.77555460347312,7.500453168767257
7.027481179370476,6.049687578481177
4.128575641403721,5.841307661354453
2.676340813362788,1.9710348031716782
4.957629240553526,6.502017217949545
3.510958530627694,4.9559190714420165
8.193163924483784,17.109913217710616
3.0936496719952435,7.966379676763348
6.5628773167596846,6.366849542498046
6.251286702314126,8.34459018977433
27.962475587431804,9.460844411911788
2.464904324989007,8.387929610183487
4.345576247892596,6.648014074359045
12.12143131374392,6.755746846452179
5.897965202005306,9.427784440895572
3.101995849167887,8.11334003763155
4.420691842446428,6.642271480939001
15.824351919342508,7.392894193064822
3.0630470223621895,2.7593170120777084
1.7610433834289407,1.6554640835333796
22.12571568469261,15.110479155148525
4.150832113864113,6.197455399707778
2.7764949394345684,4.500668412828972
14.338732382611006,20.837321846403746
3.677882074080666,5.8042990681753315
1.8361589779827814,2.1503037269061025
1.8222486826950421,8.022318235720926
4.868603350711928,7.246878370151905
2.8488284749308748,4.590339997542913
6.854993517802397,6.36232731719739
48.4495584872276,55.09718263837969
7.144327659787563,13.481698172269825
4.73506451594955,3.1340958957544243
21.274405613082408,6.334991514301935
4.100755050828223,6.4081368384473345
6.749275273615524,6.93698673274664
5.21357867384809,5.635276868986352
32.83386099720116,14.018119109810495
21.26884149496729,8.032815508037032
6.195645521163109,4.600914250891756
21.527572987319438,6.886057987813326
47.3033501555171,77.11183169341983
2.2089548916944417,3.626027319375255
22.645960728454334,8.101474717251923
2.5956611006938517,2.2371017508828235
2.896123478909208,4.4051931512617415
5.74495195384008,7.712693785391762
1.6247224896090071,5.286115527172565
5.578028410387108,6.542938064572281
4.506935673230477,5.535257771875369
17.081842613354983,11.565053813271545
5.046655130395108,3.62108765546065
7.013570884082723,14.071237305008378
11.378621545378186,5.723459923576437
3.2160602705274246,2.4505982700831037
21.822471247419575,7.187021071486595
98.70467330280498,23.130734590284753
32.24128241794318,10.33240664917614
2.2590319547303266,1.826957885204727
1.7304407337958991,4.388054403526245
8.148650979563001,11.017072778348561
3.085303494822591,5.825417845313835
42.62392682071865,12.19719996414976
3.9699982751233813,6.875969925637409
15.212298926681616,11.884478930600068
7.186058545650798,8.185116006092949
10.997479454493895,5.600808214996132
5.516823111121007,6.429330492579545
11.893302471024903,6.462789903901621
4.020075338159273,6.696910401547675
5.288694268401932,8.853294740600704
14.013231472877688,6.735861358661989
5.611413119077681,3.1468129768945112
22.264818637569995,8.45266250182539
9.414487850748097,10.200558728300381
4.996578067359211,12.41594973173555
28.49941298553889,10.89716570716823
46.84152835196396,25.307122209871924
6.760403509845717,5.361859762734912
4.543102440978624,7.678616515080942
11.873828057621992,7.220038696010787
8.05406097160629,8.865912632093723
5.806157253106164,10.268079232183586
9.400577555460341,7.712497492505726
12.12143131374392,9.45093470021222
2.7431102307439854,5.360311679457324
6.507236135608684,10.024472508843456
13.020036389332521,12.537931719518493
4.2426400627632495,5.0508950587971215
30.441290207708477,6.830093950437027
5.878490788602468,10.208764610371643
57.30485246740822,57.29623433788193
16.78694435325472,17.833324502756607
2.670776695247688,4.296541182875281
24.854915620148805,11.64674889229767
21.68893241265731,7.628361918057975
5.728259599494783,9.764731089626391
1.8834539819611336,3.685295444394453
3.049136727074437,5.351651342214098
4.526410086633323,2.847824244674376
38.70678766768863,14.606558304326432
21.39959827067207,6.867089050778925
21.03514853413308,6.128168529055959
5.411104866934102,9.240444508828555
6.092709336033779,6.807424471610957
2.2562498956727794,2.40667021892319
6.128876103781918,5.9844738224291945
5.110642488718756,8.09577762866943
2.871084947391263,5.900580140510818
2.759802585089282,5.767286165517105
3.4942661762823923,6.821389227216296
3.8364594403609975,2.372941665036474
36.03322891338337,9.385636531094363
2.1616598877160995,4.921646885974486
8.77183220845412,11.596533464703468
3.012969959326297,2.3722813055112386
3.574945888951325,4.219125569617745
28.727541828257877,10.923898728314992
2.7180716992260265,2.3547912386838603
2.4955069746220584,2.2101084259680976
11.798712463068219,18.327464322608755
2.0559416435292066,4.841106947000687
28.680246824279582,11.874124460016075
0.7761944770563587,4.024315455626904
2.80709758906762,6.214511691678693
9.055602232324206,11.583711112693273
3.0407905499017924,4.133530254888442
8.47693394835385,15.066750295246331
2.690251108650525,2.0047968135805214
3.0268802546140456,2.136199161625899
13.868564401885095,3.9349708875905223
2.815443766240271,3.5937718287955978
7.308469144182982,7.64182560095891
2.9907134868659013,4.9610925896072295
11.022517986011792,5.298904961366075
14.155116484812723,11.72087043800531
4.779577460870334,3.017540837995397
3.867062089994055,5.361687531881849
2.2590319547303266,1.7935204762684978
1.4132860012352284,8.742697210634857
7.453136215175584,13.231476576005532
31.061689377542102,8.238328667986522
24.89386444695446,17.14018607510212
2.6930331677080805,7.325160155692006
5.118988665891407,7.215938260199642
12.63333018033309,6.236300962441336
40.50677987792319,11.241835682599314
15.909347579330376,9.31254242701389
106.94791429032496,16.93114043896741
3.819767086015702,6.242689595250785
21.046276770363335,22.917498374841422
9.378321082999937,9.431662775586895
2.879431124563913,2.2676961794628627
21.75570183003843,7.845467517053688
3.2160602705274246,3.13255893792967
2.3786604942049707,1.830684057907832
10.733183844026607,8.352923207608306
29.495390128141615,11.449121861471292
2.940636423829997,4.88208866618859
9.890219949589097,11.339297079807043
3.605548538584387,8.041784414008394
7.889919487210882,9.035810183107827
2.587314923521205,3.901717389189368
4.832436582963777,6.3598449914763115
12.931010499490888,9.739694052163358
28.891683312653374,11.473706917508572
2.5149813880249043,7.359720532050436
11.016953867896698,5.204213820139366
4.587615385899403,7.162153032810169
11.111543875853403,8.79486458152296
9.937514953567437,9.649446425233988
7.275084435492409,9.331003290194852
4.501371555115371,10.090498840913325
3.088085553880138,5.00566883129572
50.34414070541896,31.889514340432953
3.1882396799519324,5.855522522607429
14.744913005013295,12.220215977592668
29.584416017983227,8.964480861260483
13.554191728382,25.354719319764378
7.976163317994923,7.650257302488098
16.436404912003535,13.324700899219454
24.279029395235987,9.417771837608697
5.146809256466899,3.84692234135762
6.432120541054854,4.655564080324933
10.900107387479606,11.057137390279454
10.802735320465418,11.383277869638778
4.161960350094307,2.2730407124106433
48.6860335071193,12.371913221796166
6.003683446192185,10.577740644442882
6.66581350188903,7.766615979054359
5.839541961796766,3.781072505839999
2.5149813880249043,3.087284152269682
6.560095257702121,6.559160603133292
3.0380084908442355,5.745294988088174
5.797811075933523,7.992127823468274
8.805216917144719,8.62880509912507
12.869805200224825,8.722885226657457
7.147109718845121,7.719475460181615
1.6581071982996098,1.819099203507795
49.910139492441196,9.61293169175663
2.9434184828875467,6.1562235989451475
12.497009286513109,10.31198394159686
6.101055513206429,6.491675463812824
6.329184355925516,7.758837876628871
6.4738514269181,14.839474712685455
3.8253312041307925,9.085757217419099
20.183838462522935,11.79249693901521
5.536297524523847,7.532726458379558
2.3174551949388795,4.157713590736276
5.330425154265161,8.909088997241128
5.831195784624125,6.980643905748738
33.604491356142496,10.866196452286404
1.6970560251053015,9.867662239711064
10.402118816178193,10.884412083038658
5.614195178135247,8.78999204029204
21.780740361556376,7.305599183573634
4.406781547158677,6.650084943375101
21.691714471714814,21.08374792280982
26.015034247147014,14.414477531226895
2.1644419467736524,3.945973202709028
24.724158844443902,10.895153031359772
3.0992137901103343,6.06916389978859
4.036767692504588,1.9080057424265875
7.066430006176179,10.673044395623581
443.60488084441187,19.78725060107499
16.0942116479249,7.20764733053714
29.32846658468872,13.25868579666228
12.124213372801512,6.407205891901668
8.535357188562404,6.889048756131722
3.1465087940886765,5.828845647298439
21.11582824680202,6.494617591363155
9.43118020509341,8.219223502894229
5.477874284315317,12.221471885447489
3.15207291220378,4.158614404858591
3.360727341520003,2.5421096035432376
11.242300651558216,7.250091364947058
10.780478848004993,19.044578916185543
15.654646316832016,6.397879875799463
6.145568458127224,9.347724958409373
5.820067548393914,10.922671606277019
9.286513134100822,16.055269338120585
2.765366703204377,2.4668945778028832
118.23750994586104,11.203359176093745
4.701679807258945,2.8124309485868166
6.8438652815722,8.201448363669254
49.01988059402515,10.859379838811485
8.527011011389764,10.893647889827902
2.5511481557730464,5.587588927129983
9.673219343100202,8.953244266421134
13.117408456346725,13.748344120970952
9.216961657662063,6.017279097787419
2.5205455061400017,8.369387006123704
10.468888233559385,9.505242803899623
4.523628027575777,3.0480908605977475
11.996238656154214,8.745502953916091
4.239858003705692,5.87560058208784
2.9295081875998115,5.550365340068501
4.96875747678371,6.766162055432805
6.1121837494366185,8.758180581849595
25.22214741574527,6.52892969649241
10.296400571991299,12.926992462465995
3.085303494822591,7.061981220455443
19.22681014672578,10.869535818694319
15.94398045881719,10.79519492885519
9.475693150014205,11.788615406416815
3.552689416490933,5.348724131545013
10.340913516912094,16.378452024323547
2.706943462995828,9.689178460781154
3.9505238617205354,5.738846912951111
13.451255543252685,5.973656761529014
3.5053944125125867,6.122327634540863
61.23868397478341,16.412166244085135
101.539591482448,139.2511656140036
10.446631761099022,12.69906635879958
0.9514641976819881,1.5149121228890685
8.77739632656922,8.674284894115608
10.797171202350318,9.238948871394205
2.7375461126288805,2.1035663581156228
8.69393455484273,9.30010722891168
2.170006064888749,6.783172430996181
21.602688581873224,6.444590947412391
3.4970482353399333,6.374243314856638
3.177111443721735,2.509438616460696
2.303544899651126,7.74187346450152
1.7471330881411968,1.6681748384699007
4.351140366007686,4.822062673945228
3.135380557858485,7.6903567208315
21.780740361556376,7.70460920851283
24.827095029573343,7.6174302224913095
6.095491395091325,6.727152848342223
7.914958018728832,11.196757404680733
11.78758422683799,7.415034433411892
26.337753097822766,8.529731133197924
37.46598932802156,11.996518280583963
14.500091807948918,9.784417870263292
3.18545762089438,6.9093496257565965
6.649121147543709,10.626897236571217
21.168687368895533,6.866881688480737
3.3189964556567566,6.69283505257929
4.287153007684044,2.2916889217397416
5.472310166200204,8.155917424330708
28.310232969625474,9.189639259915957
3.2577911563906756,6.676824808665252
18.792808933747995,9.943585135917003
1.9863901670904736,4.400700112825868
14.572425343445223,8.741831180785656
7.5282518097294355,8.916193908763722
4.6571668623381575,5.490168766218546
5.550207819811612,8.914446059990205
10.249105568012984,12.274385759773653
2.7041614039382855,2.1654674299064554
3.0185340774413976,5.545384294793214
6.969057939161936,10.112575057854027
8.884583776144389,10.687249028253223
3.8169850269581507,6.092063123271408
4.220383590302851,2.20600799162145
5.146809256466899,8.726215097146234
5.589156646617297,9.730615486414214
3.157637030318879,4.575839853941225
3.0157520183838478,5.561727369754079
32.269103008518755,7.650155352978708
12.252188089448795,5.2828755731297505
3.2383167429878137,6.1997962164167495
16.42805873483081,9.216805469655522
22.32602393683613,6.580246805114473
2.4927249155645055,3.3640951015173988
1.9891722261480183,4.388287322034233
21.97270243652727,6.641333216377005
7.352982089103776,12.704152820433531
10.919581800882513,5.758014384319615
21.34673914857861,7.214899373038837
7.636752112973849,5.5518621918458235
3.7196129599439045,9.910344997939346
4.401217429043577,7.256184341878038
1.174028922285961,5.331805898363662
3.680664133138219,6.091988554666829
2.871084947391263,5.422892092431979
4.317755657317088,5.498186135666544
15.679684848349993,6.035356515218273
4.545884500036164,6.797917096110733
27.684269681676767,6.056457690402222
17.01507319597379,11.20925372852688
53.61862421615495,9.619793015250455
2.2812884271907303,5.06053206580631
2.9211620104271643,5.242987109801161
2.464904324989007,9.052707078600688
7.233353549629145,7.165646659813887
7.792547420196647,7.099433501312333
6.109401690379074,8.63949642371283
4.353922425065248,6.733740154878071
31.693216783605866,56.13302853297204
12.86424108210968,8.911223499322672
5.68374665457397,10.915519798083203
1.8111204464648396,5.069556596464345
21.227110609103974,26.76167489897165
5.708785186091939,4.0479859372124665
2.759802585089282,4.095842633202031
8.599344546886032,11.553925201705038
3.1103420263405304,2.184081713703359
12.477534873110288,18.253686120831905
2.5261096242551004,1.90905281248009
6.020375800537487,8.221689794873301
1.9613516355725222,4.566122957693026
12.246623971333715,7.142133899978814
4.573705090611654,5.983971965419356
7.9872915542250995,7.540917006488616
1.5523889541127234,2.3758339551980914
3.057482904247095,5.459217770902233
3.0686111404772936,5.9505089736925285
11.75141745908982,7.511023138007958
7.144327659787563,11.676531587518614
1.7109663203930487,4.457456739633105
2.392570789492722,7.71530380397623
76.46489319675277,67.217211863228
3.302304101311462,2.3229316671574334
7.280648553607489,13.33279007569326
29.968340167925074,25.163575197225995
15.254029812544879,8.941999800375088
5.249745441596222,8.553116429051219
6.612954379795567,11.996594067277341
9.478475209071728,9.440212174776763
4.927026590920464,7.079604523395913
4.479115082654976,6.710261201278736
157.3949911808732,118.1766678519818
22.30654952343331,7.203762551176602
228.14831713247597,16.725098221207674
7.4809568057510605,8.437760070151834
8.883114570756096,6.008236176048855
186.57044451739637,19.612851847643764
2.4092631438380243,1.9265595494964838
431.0438841995742,57.40902525919873
5.861798434257173,5.978635419989628
7.522687691614336,16.658904037207066
14.731002709725495,15.921515278155416
6.309709942522666,7.641696329786515
14.032705886280587,7.94613908644513
5.324861036150086,7.205177487214601
2.7375461126288805,4.6738603891495965
3.049136727074437,5.779166615285198
5.69209283174663,8.229701739282097
6.3430946512132484,9.163077993340185
4.954847181495975,9.811363412298169
4.173088586324506,6.900479241173223
17.3294458694769,12.843298186665251
11.119890053026008,13.220217538304308
3.032444372729144,6.582608034840105
15.476594537148799,9.601166726853096
9.172448712741254,11.271795160309383
4.534756263805979,6.961029459382714
7.358546207218884,5.141828024730614
7.94277860930432,13.099326672857098
8.329484818303722,8.011532526603025
11.192223588522305,7.268999322234011
21.655547703966672,6.970886493017916
5.998119328077102,7.32075741458134
3.8559338537638435,6.93127941013509
1.7749536787166902,5.634350328888502
11.592840092809508,6.768335532137675
10.89454326936448,6.957271241861528
7.914958018728832,14.193375484236864
3.9866906294686753,8.810266833598764
27.539602610684163,6.063762434217772
10.546785887170811,7.00889247918766
7.166584132247973,11.778683149691794
2.69581522676563,5.8468464882912174
4.225947708417955,1.96856127961292
10.833337970098396,8.4602061632511
2.425955498183318,4.35062608665175
11.78480216778039,6.355249999752983
3.711266782771264,5.405219352929662
5.961952560328962,8.562089254991909
3.3245605737718615,6.478404890401099
3.096431731052788,3.9769342873115434
3.8169850269581507,5.7131704664285206
3.118688203513177,8.132904622637236
21.07687941999634,6.424864919528499
1.5941198399759617,3.925126209343251
4.320537716374637,10.74438630123008
31.4400494093689,10.104207458956415
8.549267483850146,11.839982526024649
6.025939918652578,6.895092457018336
8.012330085743073,5.447010293001
3.118688203513177,2.1649777744398313
5.099514252488547,6.261361954725669
3.677882074080666,4.9313760042540675
3.199367916182123,2.191603596298726
10.463324115444305,4.836782097715449
5.399976630703917,8.532330866953497
9.152974299338405,6.133731874901795
7.1359814826149,6.697868401332059
2.425955498183318,6.309689931246895
27.65088497298616,6.048837846983519
3.672317955965575,6.079242509054796
11.834879230816304,6.835118963431425
20.564980553407224,19.71245933812888
5.995337269019562,9.383140514451748
27.759385276230624,8.082036211589473
3.9087929758572915,6.621578821578857
6.114965808494192,10.694645382571874
4.982667772071463,7.961485396572818
10.018194666236388,14.194228208519501
6.626864675083318,8.286265911280777
16.43918697106099,9.542021398599474
2.884995242679007,5.23137477419004
21.132520601147327,12.61244419914257
2.4064810847804687,11.191701291882252
1.9947363442631165,4.545563125795128
2.403699025722917,6.3313860519865415
15.68524896646513,8.797316298831714
41.54170584733178,29.004319751256567
28.176694134863148,30.08729952214975
25.244403888205703,11.355944464676329
16.55046933336303,10.813495943620307
2.5511481557730464,5.576223882899966
5.313732799919883,9.189498169430106
6.142786399069685,16.61108955703086
3.160419089376436,6.210926452749539
9.623142280064334,8.54611925381311
44.3488034363993,13.79411790764884
10.235195272725186,10.781201897165346
4.885295705057235,8.076513345810683
2.3118910768237777,5.305300112973049
5.547425760754061,13.1162228223119
8.06797126689406,7.46865429560322
2.99905966403855,6.819015249378195
5.870144611429812,9.21654355809642
12.274444561909196,6.855199832849675
5.78111872158821,3.3966486327757326
4.751756870294831,5.791443074297096
9.581411394201085,10.330329070056147
4.999360126416753,7.601933199508425
8.735665440705983,12.160813523879602
15.59065895850839,11.950272929206132
2.573404628233454,7.113422373153929
12.502573404628185,7.335095992658399
3.9087929758572915,6.4942119836591266
3.786382377325113,7.712815897986094
9.80397611880507,5.246587323093082
11.105979757738282,5.571084249480834
4.086844755540475,6.219170387808697
6.039850213940333,7.063518776729815
2.4704684431041053,5.761160897080334
21.00732794355759,5.987028300599947
22.743332795468575,7.793328854256362
5.057783366625301,11.214074362924336
2.3870066713776206,4.982719169099726
3.5805100070664313,6.145017382327274
2.5539302148305967,3.6734520014693994
12.349560156462987,8.037381456228365
16.6979184634131,8.729688648152477
3.8781903262242343,6.035475418664293
15.852172509917974,10.725556776065037
10.32422116256682,13.145422979892501
2.6985972858231797,4.3028233301088346
2.8488284749308748,6.7512105615350695
8.268279519037616,10.242474057832181
3.1325984988009323,6.103282719892342
9.267038720697967,10.350012435942428
2.6735587543052373,5.307588786358002
9.264256661640413,8.012379802742647
22.579191311073068,22.130276643097897
16.308430195356205,14.85244704729642
16.60332845545651,7.221158370970893
11.164402997946814,6.430076095789699
6.014811682422381,12.54700630292634
12.032405423902315,1.9444356398206883
28.819349777157054,11.746997824753127
10.916799741824908,13.865817919176113
22.0478180310812,8.393650311508974
1.7749536787166902,3.663584217819373
27.870667638532655,37.601735740926905
22.05894626731141,8.379772135108409
3.3217785147143055,9.000453788691347
5.002142185474302,8.738656808312133
7.225007372456491,9.312178767160223
31.325984988009257,8.377371080580502
4.506935673230477,9.028350320582422
5.494566638660604,5.7495285023834155
1.894582218191333,4.5852480626747925
11.832097171758788,6.747009868840306
15.626825726256518,8.0180181289421
2.3174551949388795,2.1088916422692
12.026841305787189,6.500092773726506
3.4108044045559036,2.9491863077766984
2.147749592428351,6.327219028519197
2.587314923521205,3.61372265825396
12.433021928189513,8.371450212409641
16.78694435325472,10.97892968666914
7.205532959053654,7.193769172991904
2.851610533988417,5.336248548291879
22.38166511798711,9.584162472272151
4.723936279719346,9.386844075385033
4.334448011662389,7.161778786654402
2.1839163601764904,5.072071188161386
5.202450437617885,3.708895652715531
4.737846575007081,5.107192983675961
18.008268279519026,9.177784462879764
18.514603027993076,9.01131697444813
90.70347145329207,72.59823079479787
4.779577460870334,8.45806774542211
7.186058545650798,10.323675627193074
7.692393294124865,10.209163881277506
24.949505628105523,10.094039916941055
11.973982183693817,6.406826120663821
2.7208537582835777,4.9924317896062185
5.934131969753452,11.00372319266491
46.454822142964325,6.044925116985424
2.4343016753559623,2.0440099093978725
7.013570884082723,2.987970149023351
2.7848411166072222,3.4266751659289287
21.758483889095963,7.611498051841914
3.0240981955564883,5.692944667501962
16.46700756163647,21.880454262425573
2.4343016753559623,1.8605482506070083
10.89454326936448,3.0560899391496648
12.574906940124494,6.009521420279727
6.07045286357338,6.232719092018659
5.244181323481131,7.381444647984637
12.663932829966086,6.0746132229103
11.801494522125724,6.380190356509799
2.8237899434129243,4.685923026351303
10.34369557596969,17.997163541249876
5.708785186091939,8.14385934225365
6.3430946512132484,4.753244574320079
21.63050917244872,6.929419796306392
22.12849774375011,7.1419653281091655
10.421593229581115,11.738517418474864
3.0240981955564883,5.6511870461386495
13.301024354144978,16.919225424544845
11.921123061600406,7.773442570731914
6.4738514269181,6.779776930525129
10.146169382883704,8.551168951071237
5.936914028810992,11.555153131775985
5.013270421704503,5.509632853051568
21.05740500659351,8.73295306641094
3.05470084518954,2.4606005177595573
33.785325194883164,8.32841125011363
10.613555304551985,6.452572842870355
3.5248688259154384,6.70648867174754
30.541444333780294,13.161667093538034
2.3452757855143718,5.45582075467522
28.838824190559905,9.85196079068012
3.5276508849729855,6.608810483780367
61.53080017582616,53.48056229032195
6.791006159478744,8.243831224826993
12.032405423902315,11.065198441226192
5.667054300228684,9.06862671198958
25.678405101183532,11.171113834513099
8.585434251598283,13.958321549740711
3.677882074080666,6.492340997231866
1.966915753687623,4.4937093171275055
26.830177551009154,11.166094895331593
4.832436582963777,8.091277129072186
9.013871346460954,9.674678855043885
8.905371043216492,6.4851404218337745
11.189441529464808,16.41769821500138
1.85563339138563,3.577147473242772
14.349860618841184,5.895314369425317
3.7084847237137155,7.207779437327343
2.915597892312058,2.1939709609616234
6.2902355291197996,2.915571297304018
1.2602727530699982,2.2847121320237362
7.205532959053654,10.235202476277946
6.348658769328373,8.474256433534237
8.930409574734457,7.54406179943582
5.50291281583325,9.494022225716037
37.93893936780487,12.178899086816319
1.7248766156808015,3.14110806228521
8.627165137461548,7.8532297912485864
33.15936190693463,8.48602516082408
4.684987452913649,5.887538596957493
15.3541839386166,9.247124144385864
20.65400644324881,6.704712121215537
9.030563700806248,14.284675250385437
5.569682233214449,11.348500963930107
2.7013793448807317,1.8471706733357864
4.651602744223044,7.061334579255536
12.833638432476604,9.145470647895888
12.00458483332681,6.989852931812052
11.186659470407216,6.403355310574455
14.071654713086183,7.392270274443353
17.510279708217602,6.09709872454229
4.621000094590007,6.603780730863158
6.226248170796162,9.363199374309772
21.858638015167823,7.973305122868608
5.313732799919883,3.499104495154715
2.7208537582835777,5.783639855057565
7.647880349204063,10.827903060075423
1.6803636707599987,1.7080128303959294
31.862922386116416,9.041203028819405
3.1659832074915344,6.182230110254637
4.256550358050993,10.411396690312008
5.653144004940944,6.8925745309543744
6.034286095825239,5.094243005955703
12.196546908297817,16.944037694658707
11.200569765694985,9.26252367589155
20.553852317177014,17.982806124251102
6.376479359903859,6.548702447840427
4.056242105907421,2.163846940294415
42.84927360438012,21.01156107802662
5.458399870912468,9.183906575090198
5.010488362646959,4.939289883685959
49.092214129521544,57.32382615794167
5.28591220934439,9.298627811354221
30.33835402257915,7.020677536660003
5.419451044106765,6.3015290679583025
3.3802017549228567,6.682315211787547
4.757320988409931,5.711339216697948
5.074475720970596,8.778544255832907
21.477495924283488,6.519745038120795
8.09579185746954,9.459731229339287
9.664873165927569,11.906870573686248
295.16811982884826,17.20877950844735
5.981426973731792,4.717842364499362
3.2383167429878137,5.275976090970879
2.481596679334313,3.880047589287374
22.607011901648622,8.42915370979462
4.061806224022516,6.494088645831839
4.423473901503989,10.608343930351252
2.745892289801532,5.6451192462198145
28.132181189942333,7.322683293068579
386.4697339795126,37.24208499397228
2.946200541945099,8.397986837123577
2.150531651485903,5.034301187758714
2.4593402068739114,1.9252446697665322
16.51430256561491,10.59651589345161
2.267378131902979,1.905154110582054
2.1755701830038414,5.037413002166264
3.4775738219370873,7.608809318613909
2.6346099274995374,9.846889857424943
3.544343239318287,5.93231671885573
18.083383874072883,4.877523023125764
21.19650795947102,6.338852371772181
3.2049320342972196,4.944946367492018
2.1143648837377507,5.751037243179697
3.057482904247095,5.974189931312182
7.464264451405778,12.272608012786733
13.428999070792319,6.755504876917304
7.455918274233115,7.094958415126359
4.826872464848676,10.421206316462957
3.474791762879534,5.280251370867555
3.8336773813034464,3.500557146817228
21.371777680096564,6.788420783855001
66.1629285066463,19.517117498631784
4.573705090611654,6.366279043145338
21.4635856289957,5.910353961277889
7.314558236842254,8.422205821945768
4.123011523288613,11.005200128950175
4.751756870294831,3.176799605710931
19.42433633981183,7.557218246056966
15.757582501961407,6.257113550545155
16.080301352637107,22.287545964631775
3.2856117469661585,5.137867073309429
7.428097683657627,11.224454646133347
20.662352620421398,5.93036397188418
4.698897748201404,7.334122477327107
2.6874690495929787,5.0720723426143675
12.577688999182087,7.683982703324254
7.7619447705635976,7.389275684858418
7.990073613282665,12.723102687646952
2.8349181796431195,5.571353790707011
21.811343011189404,6.500955268016869
16.756341703621693,8.665842707259232
5.358245744840663,8.045493374702252
32.60851421353975,9.441206803760823
2.2868525453058273,6.468609542914879
2.681904931477888,5.439369625323368
2.1394034152557024,4.554926667345002
6.930109112356252,8.014820146489464
2.9128158332545113,5.448096109029234
7.372456502506621,7.537994764427203
20.807019691414034,7.852498007996023
25.027403281716893,14.683981363862111
4.6655130395107935,8.22805277501045
7.812021833599492,10.160355874568667
2.7013793448807317,4.62367196451344
20.670698797594124,5.597410419909676
64.7997195684469,66.10953222865672
2.8043155300100646,4.702410775429275
5.374938099185976,9.506800279557591
4.646038626107946,7.122497001369022
6.721454683040016,5.8337346874978
16.208276069284373,10.178445950463109
4.996578067359211,7.426657048250607
6.220684052681064,10.251155245113027
7.083122360521476,9.855322769616
147.6856050700241,22.810247014336735
2.7764949394345684,8.42632283400881
16.3056481362986,14.103558403019685
5.622541355307887,5.856825253662602
6.17338904870272,6.847143638338817
18.456179787784517,6.761778236899616
3.7279591371165584,8.127620508454337
30.772355235556855,8.135074258363447
8.335048936418822,8.405842280679469
8.730101322590857,6.414455799742987
8.187599806368697,13.287395315776191
5.1690657289272846,2.7601062196704835
4.409563606216233,6.89469757750313
16.664533754722473,9.47180351388552
13.381704066813882,12.31197146792886
3.341252928117159,5.979299431921086
2.3007628405935803,1.9085857155935255
29.576069840810614,9.649833844944846
20.793109396126326,5.731971560116373
11.423134490299,6.318907751463441
2.5845328644636454,4.835515934720795
12.683407243368992,7.373018498073846
7.848188601347641,9.142530593681064
7.155455896017762,10.222354486284786
7.6033674042832535,5.39792921660489
5.450053693739809,13.079255883061572
1.847287214212983,3.4907114485531214
5.441707516567152,6.9070701836217205
8.991614874000552,6.338667285082774
27.851193225129837,8.178067282809591
20.851532636334806,5.677734091680269
7.191622663765914,7.434832579369545
22.086766857886918,7.973527640038878
7.455918274233115,13.286539209900159
2.9295081875998115,29.26906751346476
4.050677987792326,7.80590103516738
12.371816628923387,7.562382842423953
4.938154827150675,2.564565200879176
4.854693055424179,7.307290675756416
5.369373981070868,11.007227718009736
9.840142886553178,13.821330305110173
7.3668923843915435,4.049836704714183
19.32974633185511,9.80231197693816
7.775855065851333,14.742926995204412
6.101055513206429,6.232471275036181
5.591938705674838,7.715989741798126
2.220083127924637,6.031626704058172
2.247903718500141,2.054067672716362
6.657467324716369,6.8537274725093855
6.554531139587044,8.17259082920051
7.325161498528283,11.676815954126756
6.279107292889611,6.136743024940552
3.7947285544977563,7.798634409771772
3.179893502779278,5.983211303027672
5.132898961179148,7.623866015382498
11.181095352292123,10.33771955875975
42.73799124207806,8.734488943029344
3.8642800309364937,5.5225977418580365
8.424074826260398,9.60501828432536
30.22428960121976,16.378817607252333
4.178652704439616,6.212795127420383
9.845707004668299,16.13758198124136
9.731642583308757,4.727803525892067
2.4704684431041053,3.9977776949047583
1.8528513323280762,6.1293771530018955
1.8417230960978785,3.7034525347380445
2.4343016753559623,8.91840196281435
2.7486743488590846,2.351089841436268
12.118649254686384,8.107079465289885
21.430200920305076,6.349434340200966
3.808638849785502,5.863327498249228
4.913116295632718,5.824672949968632
7.472610628578413,5.589224069450844
3.252227038275563,5.808277675499525
3.1159061444556357,5.278518447175266
16.021878112428624,6.576786750742656
3.074175258592393,6.485223045471167
2.759802585089282,5.095050948483992
9.036127818921328,10.913650677663439
10.352041753142311,13.210402521002996
9.600885807603914,10.132592660103866
4.876949527884571,9.9549503013064
1.9696978127451676,8.272473963203947
3.6361511882174224,7.678386175573504
46.42978361144645,19.335689113625325
7.394712974967032,11.619684462995234
5.235835146308483,6.086016068195314
6.471069367860535,14.453386879926342
6.098273454148892,7.154009624095366
31.120112617750564,7.48270713309124
5.953606383156309,11.564516466475478
10.179554091574289,31.88119538926356
90.9260361778959,79.71146762847772
22.250908342282326,13.958204616919412
9.325461960906498,18.888287844283926
11.873828057621992,6.387333725175846
11.9433795340607,7.804140674091227
3.9894726885262353,8.04858572866367
12.293918975312009,7.936460560750298
2.7208537582835777,5.133860066295855
4.740628634064648,8.669426671964706
40.46783105111747,9.04385479680442
1.9446592812272199,5.758859980195927
4.849128937309078,7.541992451606271
4.6126539174173535,7.33242708927482
12.246623971333715,7.012605861798634
7.505995337269008,8.34828358766944
4.737846575007081,6.8071359905400985
4.156396231979219,6.806936332024018
22.39835747233238,7.956572499764957
11.7820201087229,6.565748465159532
5.959170501271401,11.648126629513431
12.296701034369582,7.097140204366087
2.5233275651975506,4.514696364665181
36.46166600824602,9.730735047340016
8.735665440705983,10.31564201977776
6.612954379795567,7.926492147644624
4.768449224640132,5.4158484305786985
3.4775738219370873,5.698674718613155
6.574005552989872,7.8531032220606924
5.1801939651575,8.641586966122352
31.33433116518204,8.392084830888692
7.7563806524484855,12.296663812067212
205.77499819166198,22.910685974331916
5.831195784624125,7.712558448174843
6.3430946512132484,7.325381347361373
35.001085003032365,22.88001829791461
16.127596356615513,8.446617661126192
2.9378543647724573,5.544010757229965
3.7196129599439045,11.928366130784509
4.359486543180341,2.7422213036542207
6.496107899378494,8.399635955514995
5.291476327459484,7.648492778600312
7.403059152139671,6.16571837501671
6.607390261680484,13.363536114274158
4.893641882229881,7.353992994956738
15.68246690740748,9.468557085050506
23.783822882992215,11.780973638468538
3.8531517947063008,6.295712372324964
2.9656749553479527,4.7917141718235605
5.093950134373445,3.546324815491922
5.219142791963182,5.449483103305046
14.488963571718717,10.930447641197476
1.900146336306428,3.3261843901262966
21.677804176427102,6.267216763807122
3.747433550519417,7.13505549919476
12.791907546613388,8.912757263181481
4.184216822554715,7.36753339065732
6.2902355291197996,6.609394566622228
1.8250307417525904,1.9444507129689277
6.315274060637767,7.662011500608084
11.776455990607824,6.129716471469515
6.690852033406973,5.896019055854956
7.305687085125432,11.313722150385845
4.139703877633902,6.525364217319409
7.684047116952188,21.789357105270685
25.70066157364395,14.997843009923429
30.847470830110776,7.231060686187068
10.1684258553441,11.732056951326985
28.58009269820782,10.684059598589249
8.351741290764114,11.624772804585783
3.0157520183838478,4.268923622380523
3.741869432404315,7.615285212240386
20.30903112011257,17.981618876644053
3.4219326407861,6.136122219138799
15.879993100493516,8.962571848584254
3.449753231361595,5.677417980382047
21.558175636952384,7.444226306014487
2.2924166634209286,1.9788430609527359
7.475392687635956,6.927381188240175
5.1078604296611925,5.831248184204283
138.5298487116282,514.5324185649507
2.731981994513781,2.196698508769065
21.563739755067488,6.473680307707908
11.634570978672711,4.665697028876077
9.119589590647848,11.727258865053122
4.128575641403721,2.305650809535215
6.056542568285646,4.248156675613365
6.10661963132154,10.67477529086943
21.307790321772885,28.599490042748602
33.83262019886158,34.95438369102486
2.8015334709525255,5.346885568186746
4.757320988409931,7.450552655807514
10.727619725911518,16.34214842629447
14.130077953294778,13.13673237867938
6.996878529737417,10.155518874829966
244.2759134890924,138.40862020756188
11.915558943485314,6.9256630918606525
4.462422728309689,6.539231859195244
4.173088586324506,12.091400495740862
17.63547236580742,11.397162043419328
2.2924166634209286,4.39221944066317
4.584833326841851,3.720173080270845
12.522047818031114,9.239129557092875
45.550652949260815,19.16331551332109
7.408623270254779,8.073711909974817
4.084062696482914,3.227689977009737
10.313092926336614,17.64992043708197
5.561336056041799,1.8813081684918798
16.65896963660738,6.262964606613303
3.416368522671006,10.738201243524218
3.644497365390066,11.53542014398016
4.623782153647564,9.935630238473497
22.65987102374212,6.7046260076327355
3.049136727074437,4.268410630794547
6.521146430896441,5.385282390785146
3.3245605737718615,8.9171736631976
20.94612264429154,12.086330884726047
11.228390356270495,5.6846806286228615
2.233993423212393,5.316378609669006
4.518063909460666,9.19600042769772
30.67776522760025,6.648994727819585
2.7764949394345684,1.8648751460607669
6.034286095825239,11.670377572962865
2.136621356198153,6.786360681378273
2.0003004623782217,2.120912979959269
5.850670198026967,3.9583128067609685
6.145568458127224,9.45174208545048
22.65152484656938,6.321940976695777
4.401217429043577,2.829513149458349
3.680664133138219,7.080129947093024
2.356404021744566,5.810237189054662
15.757582501961407,6.218039538674381
3.7196129599439045,9.478280514297662
9.464564913783986,10.227159496441566
1.6024660171486134,5.801831669837099
5.249745441596222,3.4719242412153517
6.0815810998035955,7.371896605077141
3.2327526248727247,6.362035141687865
10.176772032516682,12.376828103756345
5.981426973731792,3.5588580296517685
9.673219343100202,13.499510983066115
2.6179175731542363,5.931142879858777
3.747433550519417,9.462166635379075
6.835519104399543,6.011648231985347
27.62028232335322,6.299317721160534
3.5471252983758346,5.6224369808630525
4.4318200786766315,3.2784771074049783
7.467046510463314,7.806511544521033
22.712730145835472,14.675480757526191
1.6803636707599987,1.583295427592675
7.405841211197223,5.386967126314379
35.49350945621867,17.18581793115775
2.754238466974179,4.475064224533364
5.74216989478253,7.595184059753448
6.640774970371074,7.3385786151755665
2.954546719117755,4.613707041230612
2.484378738391856,5.184892183225744
6.318056119695315,6.1710591249889015
33.00913071782694,11.58525136283408
7.809239774541917,6.7743942112603674
13.348319358123282,6.162200182626179
5.925785792580805,6.886454487060898
2.832136120585565,2.1796923763948155
2.6040072778664896,2.002995220628104
27.26974288210186,17.43803679241039
9.250346366352657,9.232854968006562
21.382905916326813,6.744490940961464
3.02131613649895,6.50711496952487
6.309709942522666,6.506783125434029
2.1950445964066865,6.221323744190954
20.192184639695476,7.893498129661341
28.374220327949136,12.250623426705513
10.958530627688218,11.953904266719473
6.927327053298686,10.632675105399416
15.5044151277243,9.342880769064147
5.05221924851021,5.279386233262502
10.950184450515481,5.612368843527395
2.8905593607941147,5.154257136045602
29.751339561436204,10.595349767266077
3.7223950190014667,3.1267455412281873
12.171508376779784,6.852966469740892
9.765027291999353,11.886598243247889
5.892401083890198,10.187086508161336
4.050677987792326,7.32803411309167
21.764048007211144,6.911142589294084
21.496970337686296,6.838311133723687
1.688709847932648,5.3812482017770815
9.703821992733278,10.325839120038056
58.60963816539896,19.95631324681023
2.79318729377987,4.198702854230023
6.868903813090137,10.585096918703348
7.2083150181111915,4.411875922635352
9.114025472532715,5.84955368955423
20.673480856651633,10.838543151431061
2.923944069484706,5.189977610737755
8.298882168670659,15.467136587335725
47.041836604107395,7.6990951295579855
6.827172927226903,7.560389203411748
2.99905966403855,2.0586904356706626
17.179214680369174,12.519069926814995
3.8531517947063008,6.698953091602092
30.071276353054454,33.92124665938143
9.561936980798237,13.034083153955482
3.625022951987224,7.3230420187238945
3.1882396799519324,6.626724672603584
6.134440221897019,7.896706278266768
3.202149975239665,5.009756935179515
9.77615552822956,6.209758993366738
4.799051874273186,8.756660245081177
12.480316932167796,7.87865838530432
2.832136120585565,2.1312752003169146
67.425983318774,101.5340181212927
5.792246957818431,7.120048727980836
5.6392337096531975,9.193062851166284
12.113085136571282,7.463833116898219
29.548249250235123,14.455645098137278
6.245722584199028,7.18662170301058
5.630887532480552,6.2507890875568775
3.413586463613454,5.48641379055574
5.355463685783127,8.591124343782663
5.786682839703326,4.676915661227411
4.259332417108548,3.9533985958655893
6.217901993623519,6.8304440448809025
4.434602137734182,7.448772080953205
11.078159167162806,5.566325870359898
9.417269909805666,13.131558526789417
6.206773757393325,12.228450519390176
12.463624577822493,7.829294360903315
37.925029072517084,12.879300789396787
6.813262631939154,7.380806221906928
107.35409491272708,16.606416779968043
3.299522042253916,5.404499230195567
6.393171714249148,7.4198481961426355
4.55144861815127,7.025368014900536
13.4095246573894,9.742107525441915
22.690473673375113,9.539571205091947
21.149212955492636,6.633350050940342
5.127334843064051,3.255381250138756
29.314556289400937,12.574119985449228
7.002442647852522,8.420299116235393
4.879731586942122,8.055334975583687
5.611413119077681,6.138687383622882
32.093833287893055,13.998316961365653
5.221924851020731,11.211355000929704
30.89198377503164,7.4109227802188515
19.38538751300611,7.324245091660124
9.472911090956645,9.791340785658036
1.6024660171486134,3.7542446265773566
5.333207213322712,3.041841296154312
6.84108322251466,10.291130641576613
9.625924339121857,16.01644475274448
3.4942661762823923,7.1323529429562385
7.06364794711861,7.512868892767705
50.48324365829648,62.878951672330615
4.0172932791017315,6.5347181903282
35.067854420413624,12.572603777871564
3.135380557858485,6.5918207994611455
21.563739755067488,6.933294112305505
9.567501098913315,9.454811089145927
19.193425438035185,10.396428942640403
5.995337269019562,5.985420835363078
7.978945377052463,12.915308013811037
16.561597569593175,10.868551183683122
6.17338904870272,7.85967121398026
3.744651491461864,6.857703805256348
4.874167468827024,2.907616532426737
31.270343806858335,7.678199034866931
4.787923638042996,2.506927124931623
5.49178457960307,3.5696737392373485
15.7047233798679,12.705914184622722
5.03274483510736,5.717991890510451
13.103498161058981,9.123292131148752
5.995337269019562,10.247875327857688
2.851610533988417,2.33082592033268
11.756981577204897,6.150805448377969
3.7752541410949076,8.5183189587415
6.153914635299883,6.015301442282396
11.801494522125724,6.37023427369739
2.6485202227872895,2.1297884592779175
2.5455840376579544,8.10057433495093
2.5678405101183555,3.98618164989085
2.559494332945699,5.306965318002052
3.1437267350311284,7.012807711413821
4.690551571028742,7.719684280008222
5.925785792580805,9.323003277545993
7.489302982923715,7.502142052618255
29.214402163329115,14.562782229657971
86.0741251815294,18.409508286486606
2.8432643568157756,5.671173622006251
14.274745024287416,8.543003807102098
79.45282462456125,19.43019093283834
3.8058567907279426,5.915583342020649
5.845106079911854,6.193875651088988
8.585434251598283,8.980642588841656
3.00462378215365,6.337541438793208
2.231211364154838,6.467058116198177
1.847287214212983,4.369655479315801
6.688069974349398,11.173425548093745
7.222225313398956,4.7087228575456574
9.806758177862617,7.1479309610350645
4.8101801105033815,12.298326240399303
6.568441434874783,9.717319362533834
28.335271501143385,11.118433636490405
24.94394150999043,12.17809342087681
17.46854882235442,11.832786758248508
7.0080067659676235,9.217437444489887
6.4404667182274835,10.169341738926269
14.488963571718717,11.653986404071011
4.732282456891997,7.308836999130499
6.0648887454582985,4.55962789488876
3.466445585706888,6.775029366167989
3.160419089376436,8.047986542340789
5.527951347351196,8.059252320661292
8.003983908570397,2.072816244265652
1.8333769189252336,4.4702781025201075
11.392531840665885,16.05428729896936
7.080340301463918,8.988433186575065
21.43298297936268,7.413358645315036
6.496107899378494,5.87112368159385
3.9087929758572915,5.399096280573955
11.965636006521079,6.862241021804038
37.438168737446034,15.29496800518374
1.7721716196591397,7.821056901986983
5.814503430278813,7.056463589690582
21.485842101456107,7.809567881980292
41.29966670932486,16.277512318799417
4.395653310928486,6.855933254373602
11.848789526104097,7.3557154051313205
5.1913222013877,8.471059588027384
7.504020353544058,20.92284768836147
29.92382722300436,15.000457164425358
12.082482486938199,7.043010306783606
5.135681020236693,6.856921635141461
8.284971873382919,6.453795305166673
4.340012129777486,6.506314578785248
4.173088586324506,7.606083360873111
7.828714187944768,9.474982072081787
4.952065122438425,10.093861043354277
21.739009475693102,7.043280273477986
4.94093688620823,5.882049521064742
4.131357700461256,6.918610982937851
4.687769511971194,9.099687771031457
7.044173533715778,7.632088369272995
7.046955592773327,9.701128101518744
9.453436677553805,8.744333034209014
8.910935161331597,7.240024343301926
4.587615385899403,5.9988974134571
2.754238466974179,4.838618928028542
40.38715133844858,19.140021559724133
11.631788919615198,6.847685264072014
15.298542757465674,9.658936558376462
23.52509139063997,10.058774283124666
9.648180811582286,14.721187904117553
29.392453943012278,64.50447829523097
10.744312080256815,7.647777790761445
5.6392337096531975,7.497464626594809
5.155155433639558,10.31496001436379
5.063347484740408,10.12139438143807
2.1115828246801986,4.740603498043748
2.2534678366152394,5.22098887101329
6.6797237971767665,15.779623503133935
3.1437267350311284,6.372645219168002
219.84665290474834,266.2210244725445
27.71209027225231,8.736459294853308
1.9279669268819228,4.1780206315451665
12.129777490916617,11.797786552919192
32.33587242589989,10.649304747506426
12.616637825987794,10.809545967406523
2.392570789492722,6.980775878334629
10.377080284660295,4.627407012604421
9.175230771798805,12.386568985668944
4.06458828308007,8.013329801981858
21.9114971372612,7.4433184769131655
2.6401740456146396,1.9683518652488512
2.559494332945699,4.867895460154394
1.5941198399759617,5.234224188963263
2.6429561046721948,5.944495044652429
3.7168309008863667,2.510167531847986
5.522387229236105,6.901539970008738
4.437384196791737,4.990007830878447
10.240759390840294,8.819405430203222
2.3397116673992833,2.0983477736123377
12.085264545995809,9.729067565789375
6.042632272997901,7.081757502134951
3.7223950190014667,6.132168442497234
4.008947101929088,6.686723885963818
4.921462472805368,6.057695495786659
69.91036205716577,22.34062514085913
4.787923638042996,2.8265522172475532
5.948042265041201,7.991536125759628
4.754538929352391,6.467022787111086
4.993796008301664,7.8865325065100285
1.8834539819611336,7.106648286842832
4.988231890186563,8.590175796404624
3.4720097038219953,6.850324168012781
7.386366797794391,8.467032236059092
22.373318940814524,7.290178069894506
13.097934042943885,8.258079909648146
33.92999226587587,11.664831240190809
5.425015162221862,6.700171364693783
2.8349181796431195,6.733774378826144
18.995899244949218,25.565205656215863
13.070113452368409,9.627626456989157
12.636112239390616,7.443280187259824
13.818487338849193,5.855787200654264
7.233353549629145,5.389043940232905
12.01293101049952,7.101459591757217
28.816567718099527,9.261804440882337
3.9866906294686753,6.96514347277065
8.84694780300795,6.289933306350166
50.35526894164917,20.859308682366255
141.61237014739305,21.91966756300689
11.567801561291487,6.546979615814347
5.146809256466899,8.443505994777984
5.041091012280014,3.4830949671619913
2.373096376089872,19.779887499994324
5.49178457960307,6.4519018113144915
9.130717826878024,6.003077167668379
4.200909176900015,8.194645013901768
4.2982812439142535,6.004229078359705
1.7081842613355,1.545479919285676
5.002142185474302,5.7114204751342434
3.121470262570725,5.29413661335833
2.197826655464237,7.495377509789745
7.497649160096382,7.1758681896196395
4.757320988409931,5.987553685372823
11.181095352292123,7.004369929361663
7.558854459362465,10.77594206274399
23.544565804042907,8.961354169124272
3.4469711723040466,5.298814670527186
692.557435609244,35.61829705031356
2.9740211325205985,6.635483464053132
3.1965858571245755,7.257391095307273
36.03322891338337,14.737356835177366
37.023641937871105,10.80497433442137
4.6126539174173535,7.265642857163316
7.622841817686108,8.706144744290905
22.153536275268,25.95544509525538
12.421893691959301,28.124511543148575
3.4887020581672896,5.657195152971208
6.262414938544318,9.214208480623297
2.9128158332545113,6.938535720888357
20.859878813507514,18.224146358425987
31.47065205900191,11.210690506335913
20.64566026607612,5.668094746629187
3.9588700388931937,5.876319302951407
7.611713581455901,11.566512550534178
2.6652125771325936,7.6398183822020185
1.81390250552239,6.730972746634776
3.9922547475837806,8.238771955200592
2.4426478525286095,7.082062047332321
8.549267483850146,8.429098834217303
3.388547932095505,8.432363874083395
5.959170501271401,12.49657518142569
30.81686818047772,7.951313832657231
3.160419089376436,6.007357511913721
12.152033963377018,9.378720773813392
5.444489575624715,9.671273163912536
2.4120452028955683,7.346640594328823
2.6262637503268955,1.5317789421930812
7.517123573499216,4.8609471222917415
19.621862532897815,6.8292149127698725
3.1965858571245755,4.654451110200061
4.467986846424784,7.611431571140114
3.4970482353399333,9.09914738281286
5.88127284766001,10.565954053214615
18.687090689561177,7.010982732456143
6.791006159478744,14.62764785237648
5.425015162221862,5.489315152347681
4.932590709035565,6.114443989207729
2.782059057549666,4.090780743443845
4.874167468827024,10.346775312409763
3.396894109268156,6.028075133217975
5.227488969135844,9.208095247737738
38.30895322245898,34.412403556601284
3.00462378215365,5.953017486686436
4.623782153647564,6.669839647082998
22.173010688670942,8.503424130062413
12.669496948081196,8.663274957334153
15.87164692332091,6.447725926680748
32.897848355524886,8.958271716650547
3.95330592077809,7.715299493984844
6.226248170796162,12.451443468008325
16.186019596824018,14.997567136863385
5.316514858977423,5.767649806868158
30.332789904464164,24.692089796797084
18.639795685582808,11.734336976881512
11.987892478981516,7.376721524264827
21.39959827067207,6.349874468833202
4.757320988409931,3.561205717363336
6.187299343990474,6.253982185190304
22.10902333034733,8.578535089314636
4.640474507992854,7.647453366366312
11.097633580565612,5.649825448366684
2.5956611006938517,6.1728646911193685
4.259332417108548,8.632182500095226
6.212337875508417,10.786232123386016
2.7514564079166344,5.579226835074305
11.503814202967904,6.541154473148144
7.700739471297506,10.412538059807295
7.269520317377305,8.351655337801791
1.8778898638460266,2.1141347097911
29.18658157275366,12.89593736088091
13.120190515404305,11.52759208336305
30.64994463702475,7.09701722471056
6.148350517184778,6.459746414827006
6.7186726239824734,6.550797067485609
7.269520317377305,9.31812163364354
4.365050661295448,5.994362555686815
5.391630453531268,9.112213594191628
3.2299705658151687,5.757276348419312
4.5987436221296125,5.747933175928552
64.77189897787144,15.416304988623114
10.96965886391839,5.410831159535493
6.212337875508417,6.146832043118134
26.774536369858097,22.886285568891033
25.761866872909994,12.324684133505489
6.6185184979106735,7.395822083915262
12.188200731125084,6.827509584920162
3.177111443721735,5.6262971163587885
2.058723702586763,5.5585710694926105
5.383284276358612,13.829401763220348
2.9907134868659013,2.6668016945754083
4.729500397834453,5.594143269508957
2.80709758906762,8.414673250284109
14.502873867006382,6.572252689114488
6.3792614189614,6.372669369189134
6.651903206601262,6.667833653432947
2.1199290018528454,1.9598744142677766
4.14526799574901,6.208688932151833
15.231773340084477,13.674837302724773
6.0871452179187004,6.197473925379561
5.9563884422138615,9.788817951365338
5.082821898143253,7.776578626028069
6.596262025450284,8.60212763325945
10.377080284660295,8.77139478939632
5.516823111121007,9.085707861599026
20.712429683457312,6.195562340899484
4.340012129777486,10.419513835090115
31.996461220878864,10.080279907213685
6.443248777285046,13.070098293111153
3.2494449792180213,6.99798569788191
5.280348091229287,5.130846041825492
7.06364794711861,7.628224776459017
13.562537905554725,15.94258247118291
8.115266270872398,11.457206251210645
5.10229631154609,3.4917629263293066
3.2383167429878137,5.7579834323547505
4.890859823172332,8.628280296710464
3.3245605737718615,6.649582977894627
24.003605548538587,7.108740953450097
26.321060743477492,14.451893073077136
17.140265853563477,15.20277743853019
4.2927171257991565,7.263944894788712
4.5653589134390185,3.4915066233194274
50.78370603651171,45.96142328168301
9.411705791690563,12.089134617114507
13.904731169633296,7.52220291483993
4.818526287676022,8.069899321706627
11.359147131975304,16.96243672857445
29.70404455745791,17.656387793229843
5.199668378560341,8.489746905869419
8.515882775159538,8.466755803463501
5.611413119077681,8.862219155767296
15.632389844371598,13.527668719458376
2.559494332945699,7.252485632380225
36.92626987085677,17.77070827509615
3.135380557858485,2.6667876505792476
2.445429911586163,5.199555844736099
4.042331810619673,7.124927982050971
2.884995242679007,5.899704340253462
4.362268602237883,8.321265564825449
15.85773662803312,8.893880940302786
6.9718399982194885,4.896740127335764
3.0992137901103343,2.3633151494276436
6.276325233832051,6.904717018930155
5.121770724948948,7.674826260186977
7.656226526376704,8.521540405045092
2.4203913800682186,6.496704299446001
7.692393294124865,12.48040416978545
7.928868314016575,14.096665047888031
21.675022117369537,7.502130497900579
5.419451044106765,5.446611804088566
187.2603951636688,63.483832223739626
12.853112845879485,16.711040293632166
4.365050661295448,6.293834352755596
22.136843920922804,9.528623264098083
38.659492663710274,16.634614909110187
20.98228941203963,6.268088529844968
6.009247564307289,10.320576766334437
4.328883893547292,6.842109867011605
4.6682950985683584,8.2124210648046
3.00462378215365,4.619626362905265
4.799051874273186,7.831940909248793
7.347417970988689,2.884742810647639
5.964734619386505,6.128461452549279
4.467986846424784,6.501089475926422
3.519304707800333,7.4677611624718425
5.377720158243515,10.919200006171204
1.5356965997674203,6.256999517549122
5.171847787984844,10.022780140046612
191.14971372612334,24.715533944558665
16.411366380485504,9.367734577576323
9.52577021305009,8.339042105454755
4.726718338776892,7.375798744525286
3.4191505817285544,2.9902172664268143
4.504153614172923,5.304728601295511
3.21884232958497,6.434982126067873
6.256850820429222,7.677244909507793
6.028721977710145,6.610466203403001
3.894882680569546,4.02329273487325
2.8265720024704732,5.408876101231385
9.428398146035844,11.31271690711277
5.274783973114183,7.369466537896142
10.207374682149787,14.140320662429428
2.6206996322117866,2.140957102375219
4.6126539174173535,5.154717199322453
3.76969002297981,6.101131603884987
8.00676596762796,8.357657948444132
13.43734524796491,6.713953823871999
5.97029873750159,12.473639756961948
12.204893085470422,8.009979001348492
21.864202133282916,10.678758619491209
21.338392971405995,7.420834120833329
3.0992137901103343,10.74902931146248
7.333507675700945,13.61925024300146
7.311251203240541,3.3905602840381404
14.555732989099887,11.139518247274461
3.0936496719952435,4.267593964104871
6.373697300846292,9.226686383987557
3.3189964556567566,10.284037562515854
7.09425059675167,10.553528790564068
22.0478180310812,7.738193498520625
7.352982089103776,8.40747927638296
28.346399737373645,6.067302279949507
32.06601269731753,8.51379072235312
6.145568458127224,8.42774910799097
30.310533432003655,8.662740602983511
17.457420586124183,14.193008605500829
17.593741479944107,15.190510967145823
2.5622763920032505,5.186392419978691
5.40832280787656,3.72706491866716
4.765667165582596,8.10694646044678
27.55629496502952,7.476186606035328
5.550207819811612,10.917947716230815
5.324861036150086,5.440329155436295
5.1968863195028,3.371924850040488
2.87664906550636,4.81673000157305
225.75296428392627,32.52470736825129
44.988677019635816,17.09475153219018
22.373318940814524,7.290160232552924
2.534455801427753,6.551267748893136
34.305570238645025,12.742422059626874
10.613555304551985,7.918970693228698
3.171547325606631,6.587655607495436
3.224406447700066,6.242235194111891
21.552611518837267,6.124061176645575
2.6373919865570943,3.8307111281062167
2.851610533988417,2.356960883832374
6.265196997601855,9.773400864353947
3.121470262570725,6.524248161553349
3.5777279480088735,6.15129564908587
3.035226431786694,5.01420306543143
28.72475976920039,12.65710957725595
30.360610495039648,8.224150591243312
5.063347484740408,6.175389442131342
7.898265664383513,9.941401920079185
4.061806224022516,6.002310356979815
3.4914841172248403,2.40445710522057
4.629346271762659,6.630012570160681
4.025639456274382,6.261510128301371
21.402380329729617,6.350403534275634
5.739387835724979,10.29375352273563
3.7196129599439045,6.13111730503679
6.768749687018345,8.78966216827699
3.9839085704111286,6.606445287770715
9.381103142057508,9.671858248610109
7.578328872765319,9.991777817617887
2.76258464414683,2.228478891034448
1.63863278489676,2.096059217671327
6.615736438853125,12.86458689587816
10.051579374927,9.35248261560592
56.62046593925103,10.983487049531899
3.076957317649945,2.433462518432796
2.8599567111610646,6.233400871891467
2.592879041636297,5.307193290793474
7.7869833020815555,12.366777348708375
6.946801466701529,4.442755442455199
21.03514853413308,6.03718857623818
203.73296684341977,17.3907621149213
6.315274060637767,6.40022725136297
5.352681626725571,7.217008932617319
15.067631855689005,8.603395719021009
21.752919770980927,6.859479532666985
2.9128158332545113,6.084954048176933
2.3118910768237777,5.118578863462247
45.04988231890193,14.305318447997688
3.9894726885262353,7.3976326089489435
4.050677987792326,9.95112461185338
3.7363053142892095,6.214415846049401
2.2367754822699384,5.503650843010983
16.803636707599992,11.31427099196143
1.8305948598676884,6.050302841066847
4.740628634064648,8.644143554211482
5.725477540437231,8.505163448777928
18.436705374381713,10.596372187571186
4.381743015640735,8.272384158712889
2.770930821319472,2.1984360035361847
6.896724403665635,11.816234893780702
8.552049542907717,6.10869985801374
9.873527595243788,12.013780067502603
3.474791762879534,6.155795352260219
3.5332150030880873,5.806865702798646
5.5390795835813975,6.5946942818046415
3.5248688259154384,9.322958224867005
4.276024771453848,2.711028443836378
11.064248871875092,5.51789332890486
2.4676863840465586,1.9094428099595813
7.074776183348826,8.203121940232323
7.444790038002936,7.591785239967013
6.863339694975045,12.127043769659446
6.724236742097571,11.687267177672204
11.9433795340607,7.539160042408322
12.280008680024311,7.505397838792529
6.980186175392132,2.8287383898702267
12.054661896362692,7.769384041446393
205.14347078559834,47.20854270093367
3.672317955965575,6.668174403625408
3.750215609576964,6.3539685198331775
8.076317444066712,6.3914505816245955
3.2577911563906756,6.577313698150399
2.670776695247688,7.010410377915922
3.299522042253916,8.025063480178009
11.058684753760003,11.02608680151882
6.868903813090137,6.334026852962265
1.8027742692921895,3.574727034514735
2.1644419467736524,4.5780553761615845
9.080640763842117,7.681551632735744
4.203691235957568,2.3987421825966875
2.2562498956727794,3.689629578570907
5.731041658552325,9.216035314274173
16.130378415672975,14.3870634626171
2.879431124563913,5.4599227756447295
6.868903813090137,8.34777690143021
1.8250307417525904,3.7498889311412835
3.096431731052788,5.845115922445882
3.1409446759735853,2.355129102066871
6.732582919270207,7.072256335977787
4.729500397834453,9.552007474382314
5.255309559711334,8.211440704199166
5.5084769339483595,5.694354842525339
11.092069462450498,5.911552732586731
9.459000795668887,17.004100174535182
64.17375628049831,11.218357786802292
10.96965886391839,5.1287189579408885
3.1465087940886765,7.767759163259026
6.276325233832051,12.234484115055132
4.899206000344973,8.008979852155186
5.272001914056635,9.695182764196957
4.615435976474907,7.025481097008457
9.205833421431853,10.12818392892019
2.517763447082449,4.65894488909628
4.256550358050993,6.298541923447786
6.649121147543709,9.149009989553667
9.528552272107628,13.578268367172022
2.1143648837377507,4.000976437685286
11.884956293852218,6.40560534076708
2.5622763920032505,5.391315861117036
27.93465499685633,9.279806466188441
34.130300518019375,47.236641828913235
6.14000434001214,9.67022398549333
3.1632011484339757,2.2361381506210845
11.996238656154214,10.809347116056035
3.076957317649945,6.271094732863897
21.513662692031566,6.263225029151989
5.160719551754648,8.783059707004664
1.0516183237537806,5.486258055482485
26.7522798973977,15.744757274766135
22.82679456719513,16.429281567281127
3.124252321628275,5.939916707298004
33.86878696660976,10.03262425502699
7.842624483232532,13.65298921193438
5.886836965775123,7.642339963378521
4.134139759518803,7.016561626260617
5.82563166650902,10.002315796016813
10.513401178480205,14.347132404885329
12.27722662096672,14.08368646679027
3.3774196958652976,5.911606398510857
6.259632879486775,6.805096216119782
11.837661289873914,6.435437447166528
4.312191539201993,6.338639612309029
3.519304707800333,7.0173497265735625
14.800554186164295,11.021808227135324
4.376178897525632,8.600563403907879
21.958792141239595,7.901664223235684
3.4942661762823923,5.9886953864159915
11.117107993968489,5.911599323607522
3.2967399831963617,5.587829997291589
2.559494332945699,9.200775305931964
9.29485931127345,6.340758250700451
6.226248170796162,4.0826039608771305
5.6893107726890895,6.92195477808431
6.969057939161936,15.9168821256283
103.3618401651431,56.45314269194936
11.512160380140488,5.881027763395517
