actual_cost,predicted_cost
120.73301692048298,109.07045056614092
21.11582824680202,21.211794233800735
4.534756263805979,13.399526219104246
7.2250073724565205,4.236782834812404
6.1121837494366185,11.649052389112962
30.705585818175642,6.7574864874454486
3.7307411961741184,5.062530182262562
22.300985405318187,22.077889559131517
1.7193124975656973,1.5893749620807376
4.264896535223646,4.140631033372655
2.731981994513781,2.496989719289576
5.0800398390857096,5.748187294141956
5.1801939651575,7.545575230913365
31.721037374181353,23.633636886323025
28.243463552244275,15.382338678005098
4.58483332684187,3.3463879127834533
7.945560668361836,7.73076253849255
4.440166255849255,8.697214345959534
5.4695281071426525,4.0338120376561255
8.596562487828473,14.930113960842208
5.205232496675447,3.991850825069311
10.758222375544594,16.415291264776155
4.618218035532459,4.7487694287366375
24.693556194810885,19.211658101409704
16.503174329384766,16.502891310426396
10.702581194393616,5.8743770595449245
3.483137940052197,4.09111588160527
2.901687597024314,2.9085608933369413
3.21884232958497,3.581993105725331
3.2856117469661585,3.2854436366505997
5.280348091229309,5.090923847594625
4.768449224640112,4.7532084353556145
8.426856885317994,14.097600026693568
9.470129031899072,6.00539405997495
6.626864675083318,30.2090740538529
1.7332227928534534,1.595463341229783
6.493325840320954,14.654265313058318
6.037068154882796,5.316687318427553
2.540019919542855,2.519414268105454
3.1409446759735853,3.63480389102661
3.9699982751233813,5.8294406443389155
4.353922425065248,4.3121513454079
4.38730713375583,4.202001175643065
155.17212599389143,159.40636083954237
20.78754527801119,16.943879536727366
3.076957317649945,3.4543917684148893
25.79803364065814,21.104312168227498
6.376479359903859,6.33097709827777
2.078198115989612,1.9657491018043514
27.500653783878487,23.276767107124396
15.671338671177216,13.023113162431748
2.233993423212393,2.378828703729487
27.51178202010874,27.492290480789343
11.859917762334325,13.023881698452962
13.189741991842979,23.37774247172093
4.136921818576363,4.1006793594415
2.122711060910391,3.3968917457996617
2.5706225691759004,2.658932822489869
6.537838785241739,3.1374558216153208
1.6553251392420616,1.656929636209812
8.782960444684335,9.260085136802417
22.470691007828623,12.238666523261442
2.1199290018528454,1.8599886901825584
10.034887020581683,5.829610042338914
8.518664834217132,5.870610980964124
2.542801978600405,3.044252993333394
5.678182536458881,5.947623946546267
6.68528791529186,3.603383672264608
8.590998369713379,11.1500058900938
5.622541355307887,5.566291503945556
18.951386300028464,5.434598144792394
3.4191505817285544,3.2854436366505997
21.956010082182047,25.78256997473757
2.039249289183908,3.2913438573174694
11.893302471024903,7.868709295979261
10.382644402775382,19.289001823864474
10.182336150631805,11.3635759868296
5.550207819811612,3.4021779280838866
25.055223872292366,23.062633423642673
6.746493214557929,8.403914930064865
1.713748379450601,3.5586915985296814
6.749275273615496,25.586890434953496
47.244926915308604,61.75003982843044
3.2605732154482174,3.6973541022748324
7.6033674042832535,12.126130503463465
12.458060459707406,14.946442386265328
10.107220556077987,14.967212025412739
3.4803558809946367,3.430080735512866
4.148050054806564,2.9331969015969634
5.74495195384008,4.624526903670663
6.334748474040604,7.994166106688254
8.307228345843317,9.358131749572589
1.5468248359976216,12.434180098506245
13.860218224712513,13.996435777656343
3.0908676129376906,2.9339416337049755
6.7103264468098,12.452944301962866
16.74521346739149,13.308458578727404
16.505956388442186,2.8609538373431995
6.557313198644554,10.447324743101497
3.1659832074915477,3.620602111279129
2.278506368133182,1.9359594767178983
2.8432643568157876,2.6429561046721948
24.679645899523212,18.921916263912493
20.907173817485837,14.009862378798484
4.462422728309689,4.305612159924284
4.999360126416753,12.751553598866167
5.475092225257752,5.366542697046996
5.6030669419050705,5.750933614642905
2.3786604942049707,2.327864452302995
2.821007884355368,2.741049371433221
23.013192524051032,22.233228353969473
13.259293468281678,4.2827453353365055
7.191622663765914,7.4628126694989785
5.836759902739206,14.426392632907529
1.8611975095007292,1.9015640850173297
2.6234816912693355,2.857724927704745
2.706943462995828,2.817564607493475
30.939278779009907,24.93024906909438
2.4704684431041053,3.008339219063066
3.252227038275563,3.294713919793535
7.606149463340852,13.87995609676811
4.907552177517623,5.032975947201956
21.001763825442467,9.038438363667854
5.992555209962001,10.124465345689591
7.302905026067886,5.8313010493359085
1.5551710131702716,3.480495644569122
12.580471058239587,18.260324210835016
14.59746387496312,47.20794657929738
2.8655208292761585,2.998588856677552
9.395013437345213,3.1053032238199276
4.2982812439142535,6.5261167046924164
5.341553390495376,3.373359643912127
0.8234894810347025,2.114497010946632
10.354823812199902,17.121440009979914
7.013570884082723,5.788956439461293
3.613894715757044,3.395089293951358
9.954207307912727,10.060794439758771
21.563739755067406,11.808493626955705
7.5894571089955205,7.0649472537248235
3.6278050110447695,3.6405033055230076
55.94164352920887,59.02848301407118
4.993796008301664,2.11852622064521
2.1282751790254975,2.094080070396021
5.6030669419050705,3.9044334478330924
10.666414426645403,4.232316303858271
2.709725522053379,3.6853545797930183
5.500130756775696,8.240086314773507
5.700439008919291,11.467250292820092
2.220083127924637,3.1066284033008955
12.032405423902269,12.121275651402158
21.380123857269236,21.465150970805375
1.6469789620694129,1.7675274691493914
21.132520601147327,22.158754865559377
2.061505761644306,3.1999957516808926
23.09943635483493,8.468127440807574
5.444489575624693,5.302192598198832
12.138123668089214,11.202213923765399
25.597725388514515,25.861399174116226
8.69671661390029,5.054380604855004
5.252527500653775,9.232805085125005
7.692393294124865,5.4938962045265285
27.89570617005063,10.578145533158418
123.5484606867231,65.73164466220662
26.31271456630478,18.924024971878527
2.425955498183328,2.378828703729487
6.037068154882796,8.586883760774226
21.413508565959823,21.615671372966517
5.146809256466899,5.308276678018234
5.78111872158821,25.521939762450813
3.202149975239665,3.3301897608120505
21.157559132665284,17.346246622635565
1.2101956900341089,3.846312761152322
6.084363158861133,7.285259607343052
5.6754004774013245,7.227156587833913
4.6126539174173535,3.0461646099583253
18.450615669669375,18.349734298071365
5.878490788602468,5.143101073469386
9.180794889913903,14.489942888862029
9.63983463440967,4.798971533568199
5.667054300228707,4.12863588086412
19.296361623164525,10.42630051347413
3.2132782114698637,3.4318796379488177
4.495807437000264,5.598719617746573
11.576147738464195,19.95362781774203
18.598064799719612,20.97473785559678
14.463925040200811,25.991433263659378
12.822510196246377,18.590312657884194
21.62216299527612,14.624230687068914
2.9350723057149044,1.2937464450532214
42.50708034030143,32.48185894007894
11.948943652175805,11.581770530595948
2.7375461126288805,2.7836230431379727
22.05894626731141,22.08382215513865
7.917740077786386,5.729590387942122
33.17327220222226,24.713031745092632
2.6513022818448397,4.014123578335766
9.931950835452312,17.04459039446252
6.020375800537487,7.64708962811982
4.907552177517623,4.959352397165446
6.537838785241739,6.5156253692956145
4.899206000344973,2.757147895477872
1.980826048975372,1.9538883535419123
2.047595466356556,1.9609732159064612
3.5137405896852343,4.070158100883779
2.392570789492722,3.2858135281553955
12.318957506829989,14.895608969773923
4.593179504014507,3.361967829661677
9.127935767820455,6.282765997240842
8.582652192540731,11.902094495797353
22.317677759663486,15.43025697344288
3.0630470223621895,4.236228705288115
2.5678405101183555,2.432591626844424
30.5442263928379,15.647310204908472
3.5332150030880873,2.9332977218084797
6.217901993623519,3.4069396105721625
21.413508565959823,16.918797599188984
20.776417041781006,13.758181875774302
7.556072400304922,9.355526865443368
3.8642800309364937,3.9044334478330924
3.2327526248727114,2.9375040013557574
34.864764109212466,26.62005400578693
23.814425532625247,48.27231161466166
25.519827734903334,6.081327066119566
3.519304707800333,4.99512663017912
5.029962776049813,5.29571822032421
13.225908759591128,19.04108367446425
3.6611897197353693,2.017715315997642
3.15207291220378,3.728128380143503
28.594002993495497,13.774650847883294
23.66975846163261,19.30481891361763
6.000901387134661,5.44143667423319
11.929469238773002,21.042654481542762
6.532274667126623,6.150532031738509
4.799051874273186,3.1483585683237956
22.426178062907866,15.89834647123752
11.425916549356495,4.94229615535713
4.0478959287347775,4.21733695784013
20.12263316325678,15.761820551617678
5.427797221279409,5.41394586223364
33.68238900975391,40.33567667565367
4.6265642127051185,4.72582285155701
22.459562771598588,22.08382215513865
3.5693817708362325,8.551359076961983
38.442492057221195,15.910717812519316
5.903529320120445,8.169223220747984
1.8834539819611336,2.00179931173262
4.7712312836976905,4.990006551039325
26.89416490933269,22.968736633841626
15.343055702386417,5.583067878515299
21.917061255376375,20.862033246895102
12.953266971951317,9.653624901035915
4.328883893547292,9.465754338855705
6.604608202622932,6.6449980452498165
10.352041753142311,12.473823244728932
3.3106502784841045,3.3588923466089002
12.608291648815126,16.879268893109202
7.0886864786365615,7.099403048351921
12.942138735721064,12.743220871976863
4.632128330820206,12.140679157160552
5.246963382538671,5.188578608163462
7.319597380413183,5.9406936641802846
5.305386622747224,5.476424209309399
7.606149463340852,4.312380457494224
7.664572703549355,10.886614874585177
4.3956533109285045,5.807812995910354
21.936535668779182,17.841018157054176
13.643217618223618,19.080002269439515
26.06232925112528,122.99375607310958
2.8237899434129243,2.7790639426647514
28.905593607941217,20.197722024655928
17.95540915742561,16.60857319787201
53.55463685783125,16.419699653604745
4.451294492079487,4.848910832165414
4.420691842446446,6.913450854920397
3.566599711778678,4.844600682952302
5.616977237192795,10.768956635331966
6.237376407026379,2.8353428509653957
1.7526972062563,2.577330566983938
13.064549334253286,8.22034145823005
2.6846869905354414,2.6659760705056463
3.4247146998436526,3.997271197687027
3.1437267350311284,3.1708639127094362
7.261174140204608,10.96089246871086
3.076957317649945,3.230700694954763
12.958831090066392,18.63206515029172
4.2982812439142535,4.202273566454137
19.246284560128593,18.41380372338584
22.00330508616036,7.673546572536421
3.1465087940886636,2.333424369336861
3.566599711778678,4.321432134052512
2.9851493687508106,4.458498222999232
1.4466707099258311,2.397152147446596
11.361929191032893,11.336604229580635
4.092408873655566,3.68042246253645
12.088046605053279,10.582697464402631
15.902249572953918,10.81237624090277
2.6206996322117755,2.5708777050598677
5.280348091229309,5.16405145860554
6.6352108522559625,6.648688738182098
13.515242901576308,18.94246457273187
29.7735960338967,20.409913024833955
12.049097778247601,17.824848566485972
25.458622435636983,12.89409272143383
7.261174140204608,11.178488219608347
6.874467931205252,5.07969417314023
10.7610044346021,13.130335739856307
6.326402296867973,10.124465345689591
3.085303494822591,2.93210626351544
6.576787612047429,18.294249631194447
6.587915848277624,6.594256939539103
16.962214073880425,23.250333703058796
16.4976102112696,13.307661059784605
2.139403415255693,12.554438133788045
16.085865470752186,16.0000385496106
11.673519805478412,18.255278620886784
2.503853151794713,2.3654263854490383
10.335349398796994,10.738179748943411
5.144027197409349,5.5233551880654606
22.673781319029814,15.507344668529761
18.47565420118743,10.370550334461027
4.320537716374637,7.603661489930644
2.754238466974179,2.4973404936214596
4.000600924756435,3.472575951205864
8.710626909188043,6.453839800152808
9.46734697284153,13.592141707833164
4.025639456274382,3.652856421437615
31.75998620098705,12.12717723457803
16.984470546340827,9.340810671513895
9.055602232324206,9.435603378277543
10.249105568012984,6.360989976604072
26.001123951859338,16.602513113363102
22.887999866461247,35.07039889565715
28.26572002470468,51.96394737239754
5.85345225708452,5.85715734734287
4.084062696482914,5.237562741621499
13.028382566505103,23.0804595520583
50.50828218981426,68.48354315367976
13.676602326914209,19.086860472220845
2.709725522053379,2.784916633776723
11.704122455111504,10.043188229611406
6.504454076551176,6.480742215926864
11.996238656154214,8.044760581464148
18.497910673647905,15.738390103828818
4.1647424091518666,4.450408967097251
18.353243602655233,21.694107329159365
0.995977142602782,1.3266313159327525
3.9087929758572915,3.805201781653881
31.90743533103715,36.4756595512454
9.553590803625596,26.874197293637646
9.909694362991958,16.576353049783066
2.821007884355368,3.221256102837695
1.9641336946300632,1.9621412318883378
17.908114153447368,31.38004058650433
6.284671411004738,10.02431986231745
6.390389655191603,5.926259537080385
3.057482904247095,3.0667553684189683
9.503513740589684,10.467050612269999
6.037068154882796,6.039181630808554
21.421854743132474,33.86197108914827
15.955108695047487,15.413470162918212
14.53904063475461,5.562831816510955
7.186058545650798,4.945509499355226
3.430278817958757,3.2549280445828894
12.026841305787189,13.194037989151028
2.996277604980994,2.96277377216676
7.09425059675167,7.050414966899312
2.512199328967352,2.580678043690972
138.56323342031888,198.38065902257503
7.533815927844502,15.98897341009384
10.51061911942266,16.45198578455236
5.608631060020146,5.8985953654692125
4.854693055424179,4.333283329547725
8.602126605943587,10.673943400971368
5.029962776049813,9.533497589654546
3.101995849167887,3.120593545579566
3.5916382432966163,3.2711209192401256
1.9613516355725222,2.476659204680613
19.18507926086245,19.808217290592548
5.8284137255665724,7.233684727921849
3.1743293846641887,3.2075206954591686
21.967138318412186,23.61584327237396
8.866422216410827,11.944882199268829
3.997818865698876,4.386510305132443
10.382644402775382,10.717009637650524
8.254369223749888,9.620388048532673
32.305269776266776,17.0485263685859
3.268919392620872,3.192315337097886
10.340913516912094,13.681889678608153
3.396894109268156,3.052494601116441
2.517763447082449,2.024661731020074
4.37896095658319,4.489275422355965
2.250685777557686,2.1352951362585952
31.29538233837619,18.697794586250044
2.573404628233454,2.666963459406155
7.222225313398926,7.050314546726718
4.484679200770062,3.7304018656687705
3.4386249951314007,3.3674414624807216
12.839202550591704,13.059331532386379
14.655887115171764,7.4389656391826655
28.49106680836629,11.115420741673441
6.512800253723788,4.7368388995121995
4.618218035532459,2.3444828029199756
20.0920305136237,21.45617520178684
2.501071092737165,2.5432153078786137
6.2039916983357815,6.273663561538994
48.188044935817985,17.20898015468109
8.310010404900876,7.962474149111264
15.743672206673573,11.987774713200462
5.50291281583325,9.955327258294169
15.913377809184128,23.948485233702513
8.109702152757306,3.868821554512751
1.7944280921195417,2.1700601871910985
3.0074058412111837,3.7060733829726513
10.438285583926412,10.324176752889544
29.26726128542265,23.606672453237934
25.60050744757215,18.246993837587837
3.828113263188352,5.55083112928523
23.14116724069824,18.110502852409734
6.729800860212671,6.52522497353856
7.280648553607489,4.915824404223798
14.130077953294778,36.163125365613226
28.249027670359403,18.927234130963726
8.782960444684335,7.636191484660895
2.993495545923455,4.027329696580618
20.909955876543304,15.867189900703986
2.47881462027676,11.763076294198205
4.851910996366633,6.0719686091744425
16.158199006248477,12.930292882319744
3.3384708690596208,3.9547109490945367
12.438586046304666,14.739966145118464
2.69581522676563,3.7211319775474885
4.173088586324506,3.8741770226142203
1.9919542852055712,2.132915634061841
11.01973592695431,8.015334516132842
2.7848411166072222,3.1327851040163246
31.031086727909116,11.287662930781691
11.373057427263037,11.115717864609179
92.03329568280064,128.39999074225315
2.8237899434129243,2.90476172016733
11.08372328527793,9.336192034643311
2.540019919542855,2.519414268105454
2.1032366475075515,2.2619720822381693
19.19898955615031,22.437796379109304
2.7125075811109354,2.100367534243055
3.444189113246507,3.448824219713623
10.296400571991299,3.5785075318391373
12.168726317722298,8.0280071616239
4.189780940669807,4.37929763896847
14.728220650668007,17.27666477269156
5.680964595516412,8.038949917033856
4.562576854381459,4.629041294417965
10.382644402775382,19.080002269439515
2.4343016753559623,3.8933735624364747
3.8587159128214013,5.343930802321432
5.10229631154609,9.532567281472641
2.1310572380830513,2.2639724945224207
6.507236135608684,8.677474737579427
7.113725010154515,7.797187661044587
6.223466111738646,4.891412021073538
15.496068950551706,21.807462943581893
7.8008935973692894,12.056823667974255
22.092330976001968,15.2503962562611
5.625323414365468,8.851665308658866
2.3480578445719154,2.354291562810992
4.673859216683445,3.485640152636979
18.945822181913325,25.800314912863577
2.99905966403855,2.895421551085805
5.324861036150086,3.3436993455512742
4.732282456891997,5.818137872347402
8.39069011756981,4.563053641110025
2.512199328967352,2.0340892044629997
5.12455278400647,20.070825658879905
3.096431731052788,3.7490149155304264
11.559455384118914,11.492576638350904
5.399976630703917,7.242086486561103
14.552950930042277,6.272927867195487
7.472610628578413,7.626760329481767
2.4176093210106613,3.1672928632053288
31.751640023814417,54.85159341525691
11.615096565269893,11.574176747195422
3.6528435425627395,3.7441111333200143
5.772772544415567,6.577172199723288
11.56223744317642,12.185738750808081
7.575546813707758,17.011338716260482
28.616259465955874,27.200345432725786
6.076016981688484,7.360206864891731
2.946200541945087,3.9364024155153468
10.212938800264908,7.876828837434557
30.836342593880637,4.138175585194826
7.700739471297506,16.1677482689151
5.166283669869744,18.405793617912195
109.13739476861592,60.030037429765464
4.554230677208828,5.84381323082551
7.9705991998798185,14.491900005447476
3.7696900229798254,3.437860145939864
3.15207291220378,2.8972912192310183
2.7486743488590846,3.244961019922881
22.662653082799615,8.959462136539658
2.4482119706437135,2.8108770657132482
2.873867006448806,2.9186006505763884
8.18203568825358,16.48222221483368
7.978945377052463,19.313757697135966
3.9922547475837806,5.188633849737354
16.650623459434772,25.14579790823172
11.601186269982103,17.305358148069484
3.0268802546140456,3.10697768818146
2.7681487622619145,2.83623283912282
2.770930821319472,1.6028735709549466
9.222525775777155,13.227471399958432
29.289517757883004,48.2957237128794
6.3069278834651215,7.086918222691386
2.66243051807504,2.755812292699656
15.206734808566523,12.035952259144395
8.980486637770337,14.328191191455877
5.995337269019562,4.465547393366752
12.051879837305217,11.987774713200462
57.23251893191187,12.565874701184134
3.3189964556567566,3.729555859192286
3.9087929758572915,4.253596171385378
1.6191583714939124,1.04734454477396
18.598064799719612,8.078642925754478
3.6500614835051737,3.276209601715675
7.9705991998798185,8.475949956462507
4.161960350094307,2.644779849842297
14.419412095280062,22.629934884568822
5.903529320120445,6.529192393462143
8.343395113591448,10.030700743904072
3.9755623932384734,3.874704956544878
13.378922007756401,16.817838360320163
2.361968139859671,3.5354439823681583
14.210757665963772,13.935228614373615
4.248204180878349,4.244374037521314
1.8973642772488768,8.115582390175105
3.6862282512533295,9.30327744887307
5.394412512588808,3.71010809102332
2.9601108372328673,2.937693387689118
3.280047628851067,4.210140670758603
8.029022440088347,9.673297141260365
3.366291459635103,3.254003196236495
2.484378738391856,2.487160797449412
14.021577650050427,14.899236519291764
2.5706225691759004,3.4849421321982956
7.372456502506621,4.78968225424584
31.070035554714757,13.147502259995818
6.1038375722639495,3.6464294168115785
2.6846869905354414,2.7039639772530353
31.899089153864548,17.93956940633749
12.463624577822493,51.245752645455504
24.139926442358483,8.618523560764652
21.469149747110812,25.85330571299275
3.129816439743388,3.417124140717162
2.3675322579747715,2.4544875322564277
8.301664227728224,9.66838309508682
6.701980269637121,7.039271963967806
2.8432643568157876,5.443138613384783
11.921123061600406,17.699810536257935
31.954730335015483,16.625801698058545
2.576186687290993,2.059858805277096
1.7888639740044392,3.173456905175749
5.1968863195028,3.6694071461637137
13.732243508065222,6.113328225939438
29.35628717526418,20.72801427825904
4.490243318885179,21.62337856750646
11.097633580565612,9.846420259323581
12.268880443794098,16.101346962150288
6.415428186709565,10.475424406525377
2.873867006448806,3.937796492900074
6.382043478018955,6.382866197534259
40.367676925045835,25.597255535417492
7.689611235067313,12.470398245245914
11.57336567940659,13.530760355603775
4.195345058784886,4.43061786986182
1.972479871802721,1.949980280925043
17.131919676390936,24.465862243210477
2.5539302148306073,2.5708777050598677
9.650962870639807,7.578166585803354
2.501071092737165,2.5432153078786137
4.58483332684187,9.57850923533778
3.3301246918869607,3.368448423243086
25.503135380557946,12.140679157160552
7.867663014750482,19.893046407837584
5.5196051701785445,7.972091432444712
5.294258386517035,4.4930253779427005
3.6862282512533295,6.885567137419904
11.417570372183881,11.439539408813445
1.9502233993423201,2.7134273985315964
1.7220945566232477,2.411016218766778
5.438925457509613,2.970917194202835
2.690251108650525,2.755459257130414
20.615057616443135,16.15263335638662
21.513662692031566,21.49124360567219
2.170006064888749,2.0750586223849483
14.263616788057144,8.28442369228096
7.820368010772104,11.609679540635698
2.6179175731542363,2.4176093210106613
7.556072400304922,24.380036714438486
1.9057104544215329,1.9538883535419123
5.756080190070263,6.595310561936204
10.21572085932238,11.188134115076855
29.24778687201974,20.380737861130275
42.72964506490541,61.822818647909536
8.666113964267248,8.371619929621719
16.191583714939124,23.395209678026095
10.30752880822152,3.642748982556309
5.516823111121007,5.02593822145202
1.0603818097850592,1.6171624701581144
27.625846441468312,29.41228677720761
31.701562960778535,56.310830178497014
3.8921006215119855,3.9551381216335826
3.4414070541889474,3.514984154689863
4.420691842446446,4.91380653535824
7.127635305442266,10.49061786528217
12.026841305787189,13.194037989151028
30.53866227472284,6.868835575877132
2.9907134868659138,2.954441777836554
2.050377525414109,5.8254433454603625
5.018834539819615,5.444553434152586
3.466445585706888,3.552086002501736
3.586074125181526,7.396323972507243
8.688370436727647,18.28424628644605
2.542801978600405,3.267438768046658
10.602427068321743,10.3061771199879
32.6196424497699,9.824192421077468
9.016653405518516,17.602281104770245
5.797811075933523,13.713153834419131
4.559794795323913,5.4413760061531145
3.5777279480088735,3.535878961205254
27.73712880377007,14.400865420838171
25.36681448673795,6.131426511862479
22.640396610339163,19.168312078090764
7.5282518097294355,14.078031580102177
12.630548121275485,17.069662387984504
26.71333107059203,19.575637668985085
9.695475815560638,11.585447550058706
54.077663960650604,163.0329742639767
5.4973486977181425,5.75934929089085
65.37004167524476,42.66245876622567
5.1913222013877,5.324595898312647
5.6893107726890895,6.234794109092873
2.506635210852258,2.2698079256006034
8.440767180605697,10.12593207284636
3.096431731052788,10.168904712045679
5.753298131012712,7.273425967054155
11.71525069134169,15.13611825317855
4.462422728309689,6.3534919825734155
2.1032366475075515,2.2619720822381693
2.676340813362788,2.755911135114379
23.324783138496464,8.792600525839678
21.513662692031566,21.465150970805375
6.318056119695315,4.824457813481231
4.476333023597427,4.469373418378844
7.8620988966353735,8.570451091535643
7.02191706125538,7.755000703732995
23.168987831273732,16.167748268915037
5.127334843064072,8.223970178435797
4.412345665273771,4.340823771934286
6.871685872147699,16.306101987374984
7.222225313398926,7.6582911656664
15.13718333212781,12.386258593469336
9.765027291999353,5.472202710548726
20.578890848694876,19.98949281791909
3.00462378215365,6.035042989332055
2.400916966665374,3.474397390700884
3.700138546541068,3.7915070302201026
2.787623175664772,3.5435827256750785
2.284070486248276,2.592183344100912
11.136582407371364,28.13670672009311
2.7848411166072222,2.696648398997857
6.234594347968816,6.197757152145556
3.9755623932384734,3.911132751354047
20.595583203040185,7.823977343514939
5.093950134373445,5.450709978865177
13.662692031626447,6.081618714928485
2.615135514096694,2.88189791454726
9.347718433366882,13.772897014264538
6.248504643256563,6.3211805926439295
3.1325984988009323,3.1510356290298938
6.089927276976262,6.091781446670522
6.54062084429929,10.531551745574783
3.357945282462461,5.818077901208578
2.821007884355368,6.196676989055343
5.975862855616696,6.5261167046924164
6.446030836342625,6.425843789669831
2.940636423829997,3.937796492900074
5.41110486693408,5.428480153385111
6.220684052681064,4.079987256091887
11.82375099458612,9.839256653881803
1.4911836548466297,8.103369138760131
21.677804176427102,12.57460854617004
4.543102440978624,6.162823174711929
10.652504131357704,7.603392716951502
4.059024164964975,5.520746629494941
5.338771331437821,4.818557215671024
4.757320988409931,3.5865516743083137
2.2645960728454284,2.30889455277626
6.234594347968816,6.213431327260854
3.997818865698876,3.787961119708796
98.80760948793427,55.859731655108185
5.89796520200533,8.038949917033856
2.6373919865570943,3.1156255343066106
3.2605732154482174,3.349032194029125
5.772772544415567,5.683663648066327
4.406781547158659,3.997271197687027
4.687769511971194,5.199490500867782
7.408623270254779,8.803901803961164
6.660249383773925,7.034261387701935
27.884577933820303,16.52674472773731
2.003082521435758,1.5971487367587196
5.761644308185336,11.908715607708245
9.65374492969741,11.579242888250835
22.871307512115937,16.097577190281953
30.669419050427635,27.492290480789343
3.2605732154482174,2.583086190024853
25.21380123857275,20.382926886299188
7.083122360521476,12.698114671217573
5.66983635928623,5.8685330569974745
75.65253195194822,79.14844854509492
4.960411299611077,6.258629962522924
3.118688203513177,3.253436539872635
3.3050861603690076,3.1483585683237956
9.94864318979765,17.01133871626055
2.8989055379667605,2.7342753737686656
10.446631761099022,11.218309404956948
16.87875230215388,22.10494827882401
28.485502690250982,13.185080438033927
5.252527500653775,6.710584452558462
11.673519805478412,10.282677514585847
3.3635094005775725,3.38291661352023
4.181434763497177,5.56005489757426
11.044774458472206,21.40359295529768
9.809540236920098,20.109965063768477
38.18376056486933,26.67457893920391
4.687769511971194,3.0277095001969125
3.644497365390066,12.227544350392986
3.2466629201604675,3.3536315583459833
5.66983635928623,5.890033471907533
32.58625774107931,6.342141111636423
3.2271885067576243,3.775092250338726
5.714349304207061,4.420565276795367
2.7041614039382855,11.876880261927635
11.183877411349664,7.940174157130571
11.848789526104145,13.04986346851479
22.77115338604408,24.052132128937217
2.4899428565069632,2.6010016914775167
12.719574011117112,10.542871750507771
11.982328360866427,12.20421984263444
3.1409446759735853,3.1630530536361925
3.5972023614117306,5.301027005431459
2.3536219626870163,7.735267503022578
17.304407337959024,21.48373372934678
4.876949527884571,3.8980447738327824
5.644797827768283,5.959060703815348
27.723218508482514,23.937344000453948
9.929168776394786,11.420721443600957
2.5956611006938517,2.5863673918016703
27.5256923153965,27.48540352996846
16.483699915981827,15.474299479618105
6.006465505249751,7.189344817719522
10.349259694084793,20.79713709644115
4.2148194721877585,6.882154782920361
2.4955069746220584,2.367529149892019
36.45331983107351,5.422159527472049
3.7363053142892095,5.495715701169107
5.029962776049813,5.712968135767177
3.3134323375416788,3.3375736209108915
17.546446475965777,14.769917255302582
9.664873165927569,20.19327089020691
18.172409763914594,14.253614533829191
4.993796008301664,5.48643677769302
5.068911602855507,4.865189015694944
6.682505856234308,7.240728785371132
8.18203568825358,7.773030110125503
2.4676863840465586,2.878521661809972
30.82243229859282,10.18662003354695
9.459000795668887,11.732405504878724
7.044173533715778,5.548425948228492
7.953906845534512,10.6481348617641
7.305687085125432,4.000448987596184
3.786382377325113,3.3347631801098236
12.458060459707406,5.159771958930758
7.650662408261587,7.98936774251864
5.127334843064072,4.546887262012954
30.967099369585423,11.0780519038971
151.3328844944721,161.91808963063983
28.08766824502151,43.97071554720312
6.654685265658831,4.03430167140237
2.1338392971406015,4.486531284022717
5.099514252488547,4.961567726276503
1.6191583714939124,1.6809367254235297
4.159178291036759,3.9585134014628944
4.406781547158659,3.726666796550459
36.07217774018913,6.639820441863844
3.129816439743388,4.274559463612979
26.952588149541157,8.690669846952135
8.524228952332157,10.305179852792744
5.803375194048621,7.021088905495275
8.335048936418822,4.099973714161658
2.245121659442594,2.399555966010218
21.68893241265739,10.30706796880637
4.748974811237287,4.492606050348507
4.896423941287436,4.395141530591614
18.742731870712195,5.933248835289667
6.749275273615496,8.286331951358854
36.723179559655705,16.8000626707419
3.789164436382657,4.334563943419971
3.4942661762823923,3.2569063276108183
30.221507542162133,28.886753421000943
7.308469144182982,9.524006795618746
85.61786749609125,159.40636083954237
1.8027742692921895,1.869506886896067
21.277187672139927,6.606013837412517
11.445390962759415,21.010042808592562
7.475392687635926,9.089494034603204
4.554230677208828,4.514286010566983
31.147933208326183,5.5288280453654
2.7013793448807433,2.7662720535522562
6.676941738119217,14.402822591207025
6.5628773167596846,8.538593844233453
10.722055607796422,11.316204384736064
11.437044785586684,12.149905176187213
2.706943462995828,3.6843125044236795
28.580092698207928,20.06594221850185
22.173010688671024,5.823250273868178
21.3968162116145,21.736318278975126
5.219142791963182,22.232671984878888
2.690251108650525,10.200196607832599
3.4942661762823923,4.386602355625872
5.366591922013329,9.041086759847804
80.61850736967429,20.330050865063335
11.846007467046515,17.61538205675986
10.964094745803315,13.59644885169294
3.5777279480088735,3.7528856086301263
1.0599645009264278,3.4232778286535326
11.45095508087453,12.387409675949385
28.73310594637303,118.00755934189138
37.399219910640404,26.275025950817113
21.88367654668571,7.639935590281435
17.318317633246764,20.140553141291512
12.471970754995223,11.305631587537931
6.340312592155715,7.6032905232719195
5.5084769339483595,5.152611097606721
104.64715144973087,29.712807038396118
11.7820201087229,9.952702186329914
4.303845362029354,3.435159867529253
2.139403415255693,2.1613526858320764
2.4509940297012576,2.4723258819860803
21.969920377469766,24.095679695775743
3.3468170462322537,3.4463365142493747
2.6652125771325936,3.187132301570518
9.581411394201085,19.717764647356436
17.145829971678584,11.371728667367975
10.009848489063717,10.111576088839831
2.9128158332545113,2.96277377216676
5.361027803898218,5.758531008664174
7.998419790455309,12.26893076094249
8.866422216410827,4.955038818189444
4.2426400627632495,3.948491923347363
6.663031442831468,20.488826255860864
22.590319547303306,18.78367723659746
4.167524468209407,4.346798999589952
7.695175353182409,9.828041489838892
10.549567946228406,9.36445793605248
14.285873260517615,15.631206172997675
39.602610684219776,36.12140965818523
3.4692276447644352,3.3874823663117013
21.27996973119754,33.85772273987918
137.69801305342096,36.834466138779376
3.2494449792180213,3.1366418367937503
12.797471664728524,15.738390103828818
16.781380235139576,20.19327089020691
2.5205455061400017,2.5188930238587983
3.6862282512533295,3.6493455321368997
17.118009381103075,23.851123745509916
3.9087929758572915,4.333283329547725
3.046354668016887,2.8275711189842108
2.542801978600405,3.033752242187558
2.7375461126288805,2.496989719289576
5.413886925991653,4.737663799012637
28.983491261552608,13.90051455287914
7.280648553607489,18.247624328548277
3.819767086015702,3.003307840748473
3.630587070102327,8.252211355367375
12.402419278556398,14.955184908756513
5.3109507408623,6.210274794491905
7.606149463340852,6.981185933425652
6.877249990262786,7.430313756144125
3.3301246918869607,2.2667034682893603
30.463546680168896,20.95582478836782
11.467647435219822,7.867758213377956
342.46868792530677,296.29215731421635
29.425838651702964,12.238666523261442
7.48652092386618,7.396614302262002
5.4973486977181425,6.295928191585677
10.232413213667684,7.071041492428555
4.94650100432333,4.504021858531539
21.535919164491993,14.925346346082366
4.186998881612258,4.789701645503471
13.323280826605394,5.914509520547439
145.41266282000603,137.2680379961066
4.915898354690264,5.532363473028681
2.6652125771325936,2.6772532038263464
3.7029206055986226,5.161610940147919
8.579870133483201,6.653715308675706
15.067631855689005,19.772125366921895
3.8058567907279426,3.777882854670181
6.365351123673615,4.416626459725423
3.747433550519417,3.6812202713078017
5.547425760754061,9.567477440624456
11.17831329323458,10.055239532493228
3.786382377325113,24.2227353610171
2.987931427808359,3.020687016818706
7.867663014750482,8.42529191878861
4.651602744223044,4.479070954822895
2.851610533988417,2.5923351170314
14.71152829632271,19.35164166476773
27.748257040000425,16.110632425570916
1.5356965997674203,2.1665718338055906
8.332266877361247,5.349816976427645
6.654685265658831,10.623110878852637
8.1987280425989,9.15754234677994
2.5539302148306073,2.559494332945699
5.653144004940944,6.397275899438633
2.915597892312058,2.9367405597890945
32.085487110720464,18.260324210835016
2.1032366475075515,3.143682332965497
112.15871090511517,29.447111478629846
2.8822131836214635,2.967272449999712
12.274444561909196,6.821229324284902
2.4036990257229274,2.39813184384139
5.472310166200204,4.815153295988683
687.1574589785376,271.3111214085319
5.789464898760881,5.05549416872221
6.788224100421192,6.236896538841211
5.146809256466899,5.562831816510955
27.915180583453388,19.94537311843645
23.41380902833806,42.587696361508904
1.4049398240625803,15.432969578238202
16.956649955765297,24.26629987502634
5.24139926442358,6.788793806505672
8.919281338504247,8.995262791832694
10.674760603818095,11.63467568264
6.318056119695315,6.643350104039848
14.299783555805304,13.341934484054885
22.32602393683613,22.743811264966613
6.521146430896441,6.282765997240842
5.917439615408179,6.232201159072255
21.733445357578002,18.40813581096265
4.5041536141729415,3.8559418775379686
17.248766156807992,7.184222857476935
7.311251203240541,8.839878361298078
28.605131229725718,18.7283929845375
18.144589173338986,16.72619859136301
13.136882869749632,9.310993017491409
31.359369696699872,5.212159028206254
27.979167941777124,8.741244400962147
37.94728554497755,17.195250753007972
9.945861130740091,7.918875741778402
3.2717014516784144,3.7143656527204936
18.55076979574123,6.8481442638500045
6.382043478018955,4.608935943549426
29.84592956939286,43.0920404037357
6.023157859595037,9.81597582491986
5.063347484740408,5.1722130823621955
10.541221769055701,9.176388189664326
11.82375099458612,16.057693263052755
2.1143648837377507,2.4053653897959717
3.0992137901103343,3.0992137901103343
3.076957317649945,1.2378093431713517
2.4955069746220584,2.5600705215537203
6.727018801155123,5.356473192340004
3.8169850269581507,2.738453959885945
3.255009097333116,3.8233156546984883
2.709725522053379,3.61004106755697
27.692615858849535,5.901869055922139
2.8432643568157876,2.729281605366366
2.759802585089282,8.358761398057347
3.1437267350311284,3.0057771468118095
16.163763124363584,6.312650861858122
2.4621222659314665,2.519985280140213
23.283052252633208,23.194775877199785
5.046655130395108,6.247006277369468
56.617683880193454,40.184686338288664
3.3913299911530306,3.1374558216153208
38.470312647796945,8.105219392424075
30.608213751161543,99.42734544780322
2.534455801427753,2.557012235075594
21.864202133282916,39.12304285093365
28.52445151705689,31.947968230362363
2.731981994513781,16.008997066632578
2.676340813362788,2.818525415677872
2.815443766240271,3.877782536572293
2.231211364154838,1.5696115257741787
6.98575029350722,7.378446915786587
3.235534683930265,3.0579024182914605
21.90593301914609,42.072638558106284
5.884054906717592,7.366356946687593
3.0936496719952307,3.4966568670457674
11.915558943485314,11.654313208987071
6.68528791529186,8.218608371994964
5.477874284315295,45.20257483847803
12.01293101049952,21.32554367218391
14.700400060092516,7.013701519770294
18.036088870094478,4.843543053470921
4.440166255849255,3.25242215166853
2.9601108372328673,2.937693387689118
6.471069367860535,9.546510277327293
31.06725349565722,22.23312622272828
26.329406920650154,20.035902631019187
12.341213979290396,16.101346962150288
5.889619024832662,6.474745347272507
14.194065311618433,17.898064667416378
12.088046605053279,13.926687189963808
23.71705346561091,18.426828731434878
5.121770724948948,6.318409458951523
7.436443860830289,22.993103102851855
14.516784162294227,11.475596817957245
3.8336773813034624,3.919829594074244
2.517763447082449,3.2251184933288872
5.73660577666743,5.970390891233917
3.0380084908442355,2.852123711022479
44.159623420486085,8.783082054968833
12.430239869131908,8.697214345959534
4.220383590302851,4.740014968539182
5.806157253106164,5.351087711429559
3.0018417230960956,2.9394171511572984
17.457420586124183,49.00103521110684
2.4120452028955683,2.996512894049122
73.5270388319804,30.275755891351544
13.72389733089252,3.28910925121864
6.829954986284456,7.4683716362199695
4.938154827150675,4.790012892815259
18.23639712223812,8.941726242044007
5.706003127034378,5.7965637971151995
19.841645198444336,20.78878248414709
21.919843314433937,35.66055730309083
4.245422121820801,2.295072557133535
3.97278033418091,4.019334517477206
13.328844944720501,18.65167729257834
26.62708723980786,15.289395924716054
3.8114209088430453,3.926122305506674
7.93999655024678,7.614876216378459
26.270983680441624,19.808217290592548
3.1465087940886636,14.871141208431201
2.7180716992260265,2.7180635836754536
3.4887020581673043,3.5994593958732395
15.810441624054818,16.602513113363102
29.94608369546464,16.057693263052755
2.5539302148306073,4.578773120981408
6.512800253723788,4.195980822066359
3.8225491450732436,7.98261785344714
12.519265758973502,7.591007237702495
4.562576854381459,5.069490888085549
12.766869015095484,13.497176140578654
21.12417442397471,21.107328329453722
17.485241176699702,8.018518789415563
3.566599711778678,6.04239863213466
24.3430167535597,9.94472206921936
4.2927171257991565,4.352655843545813
24.68521001763835,18.983067897506402
7.389148856851903,7.327312178728639
3.2967399831963617,3.232878460800637
36.876192807820956,26.01526916059885
6.6352108522559625,5.532622863881521
21.80856095213198,21.98594704409522
3.819767086015702,5.6140820798013005
15.078760091919213,23.115027107264613
7.005224706910081,5.829610042338891
6.49888995843605,9.852998031590483
9.609231984776565,6.719772474434845
11.7681098134351,13.785776308593492
2.6067893369240425,3.0244269394355032
4.829654523906225,7.255063247215954
3.385765873037944,3.4995492258491394
3.697356487483514,11.858232864226247
30.368956672212317,27.050227396627083
3.199367916182123,3.4179688501975707
4.0172932791017475,2.9224524531318616
29.32846658468872,20.798296654190157
3.352381164347359,5.545429491472349
21.580432109412843,21.558022689713646
70.65873594364656,8.315051528802249
6.165042871530085,7.011849956576059
20.776417041781006,8.966815826119902
4.351140366007669,2.4626026389834683
15.078760091919213,15.005062402127196
11.667955687363285,16.255815661342847
4.7767954018128,5.373295330498271
27.664795268273988,24.584382670021686
4.804615992388282,3.679281656746915
21.850291837995112,22.29527340224548
1.6803636707599987,2.5299377093272106
2.80709758906762,3.1341006430014127
12.057443955420299,12.149905176187213
2.6485202227872895,2.6011769009090835
28.74423418260316,7.639379094410647
10.007066430006203,10.067921587231547
2.779276998492114,2.7848411166072222
23.54734786310043,18.050361226126714
4.05346004684985,2.106464167652311
4.901988059402504,3.227285378495469
5.923003733523252,3.3681458391751398
12.046315719190101,14.853348679265242
1.8305948598676884,2.708484147791516
3.274483510735964,5.766739067759868
2.030903112011262,2.886280221964777
4.721154220661803,7.603392716951502
9.570283157970886,12.772004029303176
149.57184111104283,27.856011885318956
3.3551632234049142,3.360294978163715
9.303205488446102,15.169719983060505
5.55298987886914,6.424507749046947
15.896685454838792,10.784281313791533
3.2160602705274246,3.19276537573066
8.524228952332157,5.541701051953607
16.703482581528213,22.968736633841626
4.253768298993449,18.350261319497996
38.509261474602575,40.184686338288664
6.142786399069685,10.192021215535265
28.685810942394713,14.972995125375377
2.3508399036294647,2.4176093210106613
16.837021416290604,31.187765950515608
3.961652097950734,4.989040008420231
3.5888561842390945,3.2550967067447667
9.92082259922215,8.371619929621719
70.87573655013564,53.63889475444744
9.333808138079162,8.636240949091071
30.47467491639908,15.180505406442943
3.9699982751233813,3.7740510409056083
10.975222982033484,8.298875786368708
9.762245232941815,9.317531147275032
21.110264128686897,6.903995419169026
11.743071281917185,12.536966720681233
6.991314411622326,9.954675585540375
4.061806224022516,5.527518479530098
6.660249383773925,5.37307921168155
16.567161687708225,31.947968230362363
4.6682950985683584,4.751306734740074
3.082521435765036,3.0369311805734944
6.089927276976262,6.210274794491905
9.915258481107042,43.541855039452656
5.1968863195028,5.226578339412787
18.767770402230116,15.039895540347812
5.747734012897625,5.70564949210639
3.894882680569546,4.130358450103466
14.589117697790487,13.956985306354946
17.29049704267117,11.66758837726633
5.294258386517035,4.122928860293022
2.306326958708678,2.3016877098910453
1.5440427769400702,12.434180098506245
6.557313198644554,6.569338086703954
29.05860685610634,27.522929741792275
7.391930915909478,10.000583618692911
9.28929519315837,11.989197868769658
24.713030608213682,11.90063674398279
15.679684848350053,11.050274034476859
27.940219114971473,12.484608862560554
20.71521174251487,24.93024906909438
3.4108044045559036,3.9369735063373326
4.06458828308007,4.0415125755982375
13.582012318957513,18.40813581096265
7.1359814826149,5.539009412233466
4.128575641403721,8.427084166513772
2.1171469427952996,2.5821675680462803
8.554831601965255,9.26227047415182
21.869766251397987,17.841018157054176
5.441707516567152,7.655880004181823
3.15207291220378,7.20316865406285
3.7196129599439045,3.9066807077329737
16.4976102112696,18.173401865013336
16.703482581528213,22.968736633841626
2.6095713959815936,2.38505330326322
5.224706910078308,5.348033978028095
2.979585250635711,4.052037819349547
58.089393121637286,66.44609301300258
86.67504993796021,89.09857739972794
3.0630470223621895,5.123839236074267
29.07529921045164,20.328912420457847
1.8445051551554315,1.8445011648791332
18.61475715406489,9.38714420690133
5.82284960745148,5.700969200127376
4.760103047467494,4.788715638162424
9.631488457236966,10.751890215980746
5.30260456368969,3.0806624898850727
6.51001819466624,7.256432604143697
36.49783277599417,19.545324622711526
3.808638849785502,5.590927749107615
3.808638849785502,5.590927749107615
4.167524468209407,5.081276471858249
11.228390356270495,13.82112952665506
25.51426361678813,6.586148709468644
6.404299950479355,6.063968735735998
29.409146297357626,20.518000718568207
33.162143965992094,21.70944086560656
28.466028276848416,46.30905614012462
2.8098796481251544,2.755911135114379
6.223466111738646,9.996261211193895
5.1635016108121965,5.7558383263105455
36.53121748468479,7.80148514923989
22.017215381448082,9.712378122449751
4.028421515331918,3.79726269974917
20.450916132047727,8.52899677703661
1.863979568558283,2.435621437414551
6.229030229853705,5.882082420516814
7.978945377052463,9.850580313965517
2.6596484590174887,2.5891441799609054
4.173088586324506,4.505388791087853
6.515582312781352,6.371700594935271
2.5622763920032505,3.1004199843420115
15.43486365128564,5.681557406230712
76.32300818481761,41.74820619630817
9.178012830856318,10.61622415310014
5.32764309520762,6.259965185303736
30.52196992037752,37.00187341898337
5.441707516567152,5.413264012951839
4.4930253779427005,5.1215309551131964
12.199328967355283,15.822656514104395
8.716191027303143,14.957978431503783
3.4942661762823923,3.3542123093278318
21.246585022506927,21.49124360567219
29.167107159350966,17.333880271225617
4.1118832870584265,3.931944729222994
22.295421287203066,10.136542250725967
21.193725900413416,2.8239118798264964
5.722695481379674,6.156151719822802
8.143086861447891,7.540627203687241
11.122672112083597,16.7967568344873
4.234293885590605,3.9858073747356033
3.2939579241388075,3.7232719776398437
19.49666987530814,10.317810602728173
4.203691235957568,11.655621430046786
12.263316325679021,12.238243512028866
5.227488969135844,5.003764423631711
6.921762935183594,19.066225226907143
7.806457715484376,7.534742847078401
3.0908676129376906,2.9339416337049755
4.587615385899403,6.037907648161665
5.934131969753452,4.873860817739004
13.415088775504483,6.615498045959752
5.555771937926706,12.300736773682674
9.59810374854639,10.492232729211779
11.754199518147399,12.092988189577305
5.806157253106164,5.873847213066819
13.431781129849815,12.855626424357437
14.589117697790487,10.683788164769691
4.097972991770663,4.122227921915095
39.215904475220164,17.895037342704455
3.02131613649895,3.0368441408719673
3.1409446759735853,3.718354561644648
2.587314923521205,3.232878460800637
6.701980269637121,6.420418391819555
5.864580493314709,11.912572326964039
11.826533053643704,14.440025334461263
6.229030229853705,5.4498889645999
1.7415689700260986,1.9561339070706092
6.518364371838878,5.2168015829117875
4.991013949244101,5.293789136019471
12.088046605053279,4.420608336570399
53.70208598788139,25.205150863485617
6.267979056659405,6.2735416120506216
6.359787005558542,15.740234261669409
8.560395720080338,16.03042404635572
2.4899428565069632,4.838984421343965
8.01789420385816,16.05043666643462
9.108461354417633,7.313312155630974
162.46390278372795,364.7462390995776
3.435842936073857,3.518830927288791
3.8587159128214013,3.829967457071115
6.451594954457702,6.540118761284937
7.394712974967032,6.940703905027233
3.235534683930265,2.976602843084101
27.486743488590754,16.942078743762853
13.30658847226014,16.097577190281953
17.935934744022703,18.480098114105605
17.39899734591579,18.963799442957573
3.7752541410949076,4.721054237611708
4.14526799574901,4.128461256779156
30.744534644981353,17.72997462410064
3.2049320342972196,3.274913102686509
166.2057722161333,65.73164466220662
11.987892478981516,9.567477440624456
20.562198494349577,18.24321861313096
3.7363053142892095,9.924157870757112
109.67711422578084,78.29440811293271
2.2979807815360247,2.359371265511804
3.2633552745057766,3.411191997497969
6.092709336033779,5.6505081582179395
4.879731586942122,5.477358787791128
1.894582218191333,2.695078558688533
52.75340384925694,47.58894123950082
3.8587159128214013,4.086408174392008
5.558553996984242,5.935067070398128
2.1032366475075515,2.185767646083787
7.1192891282696,5.346964067298279
5.475092225257752,5.366542697046996
5.402758689761456,3.905275786953016
13.537499374036699,10.680784889020195
2.3536219626870163,2.359173633071617
19.841645198444336,5.566697909823484
18.784462756575376,34.11760060772936
7.887137428153307,7.463153477931713
7.238917667744243,6.851285023127624
7.02191706125538,8.81781554543861
12.015713069557016,5.352528280386767
3.2494449792180213,3.635799068038196
2.6874690495929787,3.1563343915806694
2.047595466356556,2.1143648837377507
13.07567757048348,18.69582287264707
21.474713865225908,25.350069722633304
9.670437284042665,16.746404117508533
7.695175353182409,12.231534224326406
2.7681487622619145,2.8314966072806844
6.512800253723788,5.934384334880382
2.1894804782915878,1.8450835443839488
6.153914635299908,4.079987256091887
4.373396838468096,4.558539044614747
21.374559739154066,1.6700906091404368
14.052180299683421,19.22047139693509
2.233993423212393,2.3444828029199654
2.9907134868659138,2.250578317845636
28.660772410876675,16.700781458919064
3.761343845807161,4.220889693427532
11.812622758355896,14.297878683599812
8.620467330280494,19.39392355561685
4.465204787367223,4.221067635399773
5.97029873750159,6.081327066119566
2.1950445964066865,7.233776465662338
3.5387791212031816,3.5560336353432564
5.5390795835813975,4.305612159924284
4.303845362029354,4.409654659153314
6.740929096442852,6.523055757176432
40.96860168147642,66.48796009113039
2.9517646600601952,3.978387389878496
11.62900686055767,3.418664929194018
5.678182536458881,5.947623946546267
4.991013949244101,4.312380457494224
13.014472271217347,22.253378361175535
27.325384063252944,22.30582080471129
2.907251715139407,2.817564607493475
7.533815927844502,3.114840293183881
6.43768465916994,6.703275805531795
2.4565581478163634,2.4371081476885017
6.84108322251466,6.701979172815463
32.658591276575635,16.407656364841806
4.270460653338757,4.0154078722153725
2.612353455039145,3.0908562238409085
1.900146336306428,2.130098972025479
3.8225491450732436,3.6943815520731533
2.9907134868659138,2.940553632307045
2.923944069484706,2.9170061744601115
5.914657556350614,2.519985280140213
3.049136727074437,5.690645307752424
2.4621222659314665,7.389680786097915
30.44407226676607,20.63747203326882
12.54430429049149,12.453361840324419
5.619759296250368,12.174299158833648
3.786382377325113,7.210679354041084
3.6862282512533295,6.674073197484749
22.729422500180835,8.959462136539658
1.6553251392420616,1.8041065746675533
3.0908676129376906,3.535443982368173
5.043873071337553,14.491900005447476
11.948943652175805,11.839649404199664
14.102257362719358,9.15754234677994
2.6318278684419942,4.018970549512428
11.208915942867609,22.259528530886875
3.7168309008863667,3.005794825386288
21.402380329729617,17.63932823798604
7.416969447427452,7.632419878772474
10.20459262309226,13.972303152633238
4.629346271762659,3.50125447305046
4.6488206851655,3.381782350398073
6.1761711077602595,6.277511593716552
21.46636768805325,20.93876943431453
8.332266877361247,8.13793264001942
2.328583431169077,2.289582515685249
28.326925323970702,16.75684721518603
7.222225313398926,9.98849010572241
5.731041658552325,5.8169078808022405
7.330725616643402,11.58289075351124
5.413886925991653,5.308276678018234
2.4899428565069632,2.6010016914775167
8.563177779137895,7.114294645682484
16.97890642822563,20.294207684753186
6.039850213940357,5.001762945706063
4.54032038192108,7.4840669015590855
2.0420313482414567,4.195980822066359
12.563778703894311,9.775828670598353
13.220344641476007,6.896605318592464
53.82449658641357,11.137540090239966
9.600885807603914,11.019638965594314
6.459941131630341,6.462718262413378
21.694496530772444,14.851012474270314
1.38824746971729,19.190522206471137
43.40846747494755,38.65155687271294
54.706409307656855,18.426828731434878
5.867362552372253,5.926754859917136
22.543024543324957,17.739771828188303
6.8076985138240245,19.353159849701242
6.732582919270207,7.556145877992207
5.013270421704503,4.815153295988683
2.9740211325205985,2.9066369979888127
9.52577021305009,5.137257285059912
7.275084435492409,10.935448094157305
3.7029206055986226,3.880514936249566
3.2772655697935082,3.4351239041548824
7.019135002197824,7.814277381176167
11.896084530082383,6.761604213488158
12.474752814052708,20.704135789988673
6.482197604090734,1.6331050218801193
4.896423941287436,3.4348117706407564
37.051462528446514,23.769006354759455
3.18545762089438,3.1483585683237956
5.41110486693408,6.815419206807109
11.142146525486405,4.143707835461322
4.865821291654388,5.380040567597247
2.971239073463052,3.297456035664511
13.05063903896549,12.95312197768294
5.041091012280014,4.292073533193945
18.84566805584151,15.90248167877723
57.6553919086595,43.541855039452656
8.090227739354452,11.574674472507732
5.722695481379674,43.30068492710711
28.140527367114856,28.610531433706498
41.730885863245106,12.862790590067462
145.36258575696985,55.66194658060622
28.671900647106902,16.13852417454882
6.07045286357338,6.278107234360348
3.510958530627694,8.412378250973063
4.8129621695609295,6.1783396497337915
5.973080796559162,4.0838307309287405
2.573404628233454,2.5060718744920614
4.156396231979219,4.712381727900605
4.479115082654976,3.9213591993339274
16.94273966047749,20.038890055672596
13.451255543252685,12.422240627527003
7.122071187327158,3.2497962577850545
2.548366096715498,2.918572163381549
4.412345665273771,5.688422017552348
66.4355702942862,102.87829733252637
22.579191311073068,14.932167901569033
31.376062051045228,33.65510197893936
6.860557635917484,6.5315662058397335
5.88127284766001,29.354276775289883
5.419451044106765,5.2967722337771574
2.9211620104271643,2.740189133522366
165.29603890431426,200.8927770364331
10.972440922975885,11.293696608364979
1.980826048975372,2.8618004795287355
5.3220789770925245,6.354014629156403
13.977064705129601,26.761840961609636
1.8918001591337792,1.5114514076464538
5.135681020236693,5.792309987673147
3.9143570939723897,5.54193743687759
5.1078604296611925,3.422036568372878
4.06458828308007,4.470476727282232
2.1199290018528454,2.203134745904343
4.186998881612258,1.9458834360625177
20.834840281989464,10.216405022046157
6.529492608069086,3.993547990557945
17.12913761733329,11.794157692365566
1.8305948598676884,1.8719933479841417
8.335048936418822,18.886744896568242
10.371516166545202,20.803157533110067
8.176471570138483,10.899419962513493
22.036689794850968,9.870719425712323
6.629646734140875,8.246838863436269
3.7529976686344972,9.034384078005873
32.135564173756265,26.69120587424224
7.703521530355048,9.297253499266553
2.6457381637297237,2.395138918586618
4.022857397216825,5.934384334880358
3.9171391530299347,4.0482031573388895
22.882435748346005,15.977037640594448
28.571746521035113,10.533486987409887
6.276325233832051,6.390768465494831
2.481596679334313,2.555408610170013
4.879731586942122,7.356339629817941
1.4021577650050419,3.676434647289992
3.0407905499017795,15.141081375170522
21.591560345642996,20.12554845669482
15.11770891872495,14.426392632907529
5.213578673848112,4.814797057062361
10.710927371566235,6.081618714928485
11.067030930932585,10.184389518023215
8.602126605943587,10.250626290366549
7.7563806524484855,10.680784889020195
2.798751411894969,2.7296516824909234
13.395614362101682,5.841343212338736
4.312191539201993,3.5833160406719093
4.031203574389474,3.5986095380140055
2.153313710543451,6.387666266957064
21.19094384135593,17.422404323507738
14.249706492769395,11.321659297758677
29.81532691976005,23.851123745509916
5.155155433639536,6.343802290843623
331.13179726579193,415.85131764895243
2.3452757855143718,2.4985844490236193
20.818147927644315,20.8403723192518
4.148050054806564,4.15907720896071
8.607690724058687,5.247690904513558
4.173088586324506,3.7653315410663364
2.7570205260317264,2.7790639426647514
9.873527595243827,18.697794586250115
3.828113263188352,3.6884533604189373
10.29918263104891,17.368191738706155
21.449675333708026,25.45627149988766
27.606372028065394,10.6010438417367
29.498172187199156,20.976091094409806
6.370915241788757,8.965147714584596
15.838262214630308,14.284329438123528
1.4271962965229776,26.63848252576382
7.269520317377305,4.3866877764600485
5.984209032789325,3.3347631801098236
2.896123478909208,4.187016520201781
2.4509940297012576,2.5997214892425804
2.4509940297012576,2.6285184349081243
5.18854014233016,3.426994338247777
4.484679200770062,3.3135187719569226
36.67588455567738,36.32289929162393
2.8043155300100646,3.3061669168204637
3.280047628851067,3.4799501983223338
21.90593301914609,13.3153228643837
4.587615385899403,4.446685000917788
3.032444372729144,3.366105419484202
3.77803620015246,3.7017511650275
21.997740968045292,16.381642096335824
5.500130756775696,10.589627656542701
3.0240981955564883,3.975605159081147
28.39369474135196,14.33737399305781
6.273543174774512,7.044087493440179
6.351440828385906,4.997674105046584
24.126016147070803,28.962954452967697
4.212037413130232,10.48202615502456
4.520845968518213,4.416884328945796
21.82803536553468,17.56381243398771
4.94093688620823,4.820154526172463
1.2880933436455013,2.254628095230445
6.1566966943574375,5.188710670653049
4.570923031554105,4.424444790762119
32.88115600117955,35.0447765209225
12.64445841656332,12.619146561730311
9.133499885935581,12.118755371927117
6.9940964706798745,9.906966619654952
28.610695347840803,20.005795651276188
26.924767558965566,17.706527743521956
5.870144611429812,11.163533735095614
12.021277187672156,17.759513888210623
15.991275462795478,13.131886158025932
22.734986618295917,15.660902716063749
3.5582535346060324,4.744028468541991
5.082821898143253,6.65732871658084
2.2924166634209286,6.421184330650402
2.5539302148306073,1.988629882612746
28.521669457999295,39.2602318092234
5.769990485358043,15.264458315352313
5.472310166200204,11.90190636996944
15.304106875580825,16.796771144656063
8.833037507720237,4.616414539883329
5.8284137255665724,6.039181630808554
16.43918697106099,7.048218367724656
12.41354751478664,13.485713924269414
2.9851493687508106,2.8732052715636724
9.834578768438103,17.30266246302658
2.971239073463052,5.442053429279742
40.61249812211016,14.380934658635066
9.397795496402807,22.24460827666388
9.998720252833499,10.149474471445831
8.518664834217132,8.019298894175808
2.779276998492114,2.690393711405599
3.850369735648749,3.9009075346374784
26.284893975729343,16.458964041118932
3.1075599672829886,6.246074686337163
9.278166956928176,10.489165842423134
3.5471252983758346,4.236945545772365
5.71991342232214,9.02214613085814
4.284370948626502,4.274523288531081
3.9199212120874924,4.630963381153347
8.966576342482588,16.155065147136234
4.8101801105033815,4.669708816191072
6.882814108377898,10.363211927868171
5.864580493314709,3.901337631130338
15.649082198716894,9.843301318115971
3.413586463613468,3.411720017782892
5.811721371221266,5.545686132784024
27.89292411099301,12.533497659109315
6.523928489953981,5.966340780377148
16.78694435325472,20.221765855736184
2.8349181796431195,21.318475074180064
2.9684570144055025,2.8314966072806844
5.1078604296611925,4.911994269261102
22.075638621656683,13.193746181731328
2.028121052953713,3.926141897351038
1.7693895606015906,2.9687412006475853
2.359186080802125,13.949428819954774
4.128575641403721,3.4949866236469807
11.718032750399178,11.695494126107647
8.72731926353332,8.12039648711047
2.1115828246801986,2.19974174440921
24.00916966665375,18.57167419097744
55.12650022534683,90.31956078922211
22.598665724476128,12.99768413971951
56.34226003349591,51.491128280302156
8.988832814942999,15.394444947748463
5.636451650595629,5.762576608966413
75.54959576681878,163.34248308758384
12.647240475620798,22.381193857353473
7.205532959053654,7.814276055437718
30.961535251470256,12.83507163761403
2.4370837344134997,2.627133829359308
2.6040072778665007,2.7205273134506274
7.725778002815395,7.128259735911995
15.031465087940923,7.097030239157153
3.5777279480088735,3.535878961205254
8.034586558203474,10.61622415310014
14.483399453603612,11.3635759868296
2.5094172699098136,17.922523956049496
104.207586118638,134.5017809100985
8.120830388987502,11.80515080277136
24.765889730307176,15.862012564590287
8.312792463958461,7.091613513424258
36.23353716552694,10.585556827444051
2.9628928962903998,2.9163762691939294
6.877249990262786,6.1346478091299455
5.6893107726890895,6.442614079743348
6.259632879486775,4.801612934557582
13.033946684620204,22.139210661763972
4.8101801105033815,9.265076926988487
5.280348091229309,5.299706268940102
8.290535991498023,14.78827086966065
8.318356582073514,4.05493733284436
7.430879742715169,6.4012098897262915
4.615435976474907,4.619178179304589
1.8445051551554315,2.3211142464418826
12.449714282534778,20.582471649359093
3.7084847237137155,4.465320336589922
11.601186269982103,11.714739422504316
10.363169989372446,16.115326798925572
5.4973486977181425,5.790022075614666
4.3149735982595345,5.545125981223786
4.250986239935896,4.009751189200856
5.923003733523252,7.159385550098924
25.823072172176108,15.84947365203158
27.36989700817372,6.243045411504519
1.5440427769400702,12.434180098506245
36.339255409713864,15.534384879632869
16.469789620694105,14.741953671955843
7.358546207218884,7.300829442705411
8.460241594008574,4.681677058101521
3.1882396799519324,4.808213651850324
2.6846869905354414,2.9573554160748126
19.813824607868746,16.266112429360856
9.815104355035212,10.2243868953339
6.0871452179187004,6.020375800537487
10.140605264768622,1.4004820507365447
22.033907735793427,6.656581256072447
9.29485931127345,13.003278746099912
27.842847047957047,16.005148430437128
14.013231472877688,14.336048220256517
68.3412807487076,127.54219228750188
8.156997156735658,11.97972534161619
13.843525870367227,10.640667274299965
21.533137105434495,13.61504878200304
5.160719551754648,10.707705882164825
31.00883025544869,2.4804526351463294
7.884355369095759,11.291368879895591
2.932290246657357,12.434180098506245
5.049437189452664,3.875554226678001
5.936914028810992,6.350522546213487
12.86424108210968,30.196682007495337
3.7307411961741184,3.658951053067801
20.58723702586757,18.24321861313096
21.182597664183206,21.335445287209385
9.648180811582286,64.22475218034974
12.519265758973502,11.794772940011734
12.755740778865313,6.203549949086252
20.15601787194742,14.799946105800322
7.864880955692922,16.1677482689151
13.211998464303463,12.2761355128431
9.205833421431853,8.299518176575031
2.7514564079166344,2.790496431742716
3.77803620015246,7.015788100409966
2.993495545923455,2.9004380653247264
7.631187994858736,6.751710829258029
6.960711761989294,7.474277660214003
4.712808043489148,9.17357219452082
5.544643701696492,3.9438008201724015
9.553590803625596,11.562204638313
6.729800860212671,9.738210385604452
2.6596484590174887,3.005789097992049
4.320537716374637,4.475348417029573
7.901047723441078,15.236246963978623
27.83171881172704,25.671751093242104
10.947402391458017,8.518111810348858
9.272602838813047,5.840350097502976
7.325161498528283,9.814927799048286
14.641976819883846,10.601345207888935
20.26451817519174,36.474853684148556
4.849128937309078,19.78757897729356
6.888378226493026,6.543562420321348
5.664272241171143,6.799778210053512
6.891160285550547,12.423400903829272
12.165944258664702,12.121275651402158
7.09425059675167,3.293074591307538
24.220606155027518,24.400868924494226
3.0992137901103343,2.831844009114229
11.14492858454401,12.933731325033616
10.196246445919607,9.27317718548905
8.421292767202848,11.425141074663088
3.444189113246507,4.1377073082109845
7.428097683657627,7.997742702851615
1.8305948598676884,3.9701098484826387
14.536258575696985,14.7810931727242
3.057482904247095,3.5354439823681583
2.1199290018528454,4.127158049772793
2.821007884355368,3.2549280445828894
25.02183916360174,14.957978431503783
2.779276998492114,4.606328559285141
27.837282929841972,16.005148430437067
4.779577460870334,4.893227757349361
3.5276508849729855,3.5538625217521456
4.462422728309689,4.35052651716201
5.911875497293033,6.02653583926169
4.765667165582596,5.444614071082955
30.52196992037752,27.841430119092035
2.612353455039145,3.0244476663550772
3.4914841172248403,4.154598787203091
8.910935161331562,9.723298854453493
6.585133789220075,7.928932856414054
11.214480060982668,11.105955946696769
18.386628311345806,39.823975367157026
2.5511481557730464,2.9715246497602323
122.40503441407122,45.659571123359214
3.7029206055986226,3.79726269974917
16.397456085197742,16.195810353198226
9.3699749058273,18.301866671906435
6.21511993456596,10.961840490279338
7.339071793816075,6.120925626878393
21.394034152557023,22.45784018994446
14.708746237265126,16.467379092398104
10.635811777012405,6.360989976604072
6.6073902616804565,3.9201726578016745
5.405540748819022,5.35794430192027
2.907251715139407,3.14818138957211
2.5455840376579544,2.808650110344974
3.057482904247095,3.2089147195743504
3.274483510735964,3.7035263116014923
6.621300556968212,8.030237013051725
5.063347484740408,3.0583327968203324
11.311852127996941,66.48796009113039
15.19560657233631,23.855148444440612
25.21936535668781,28.634422536571396
5.272001914056635,4.392695268003792
7.155455896017762,14.787406891361028
8.173689511080946,5.268655664959878
6.10661963132154,5.1919768892475275
4.2927171257991565,3.856329409568171
12.29113691625443,12.042949648610472
3.466445585706888,4.705733295228417
37.55223315880557,58.190811460179354
9.356064610539558,7.104993079819135
2.2951987224784807,4.411764143072725
24.579491773451384,24.733908891532554
5.18854014233016,6.354014629156403
8.941537810964638,16.15920514681041
8.749575735993707,8.889425759222217
7.205532959053654,12.09862753786303
19.371477217718382,11.537522181862338
6.123311985666844,3.934571579266842
21.378758979095675,27.5705244054928
16.36128931744959,9.931262037117694
5.8284137255665724,10.467955912636011
13.28711405885722,9.969554951691807
0.5035526894164908,16.970879369381617
9.378321082999937,10.291664335682999
2.3703143170323244,2.4287375572408494
11.211698001925182,11.417461510119598
6.318056119695315,7.2295226934664285
9.433962264150955,11.162784320690694
2.76258464414683,3.26274604812704
9.876309654301329,13.790752204628578
2.979585250635711,3.1826732528714268
28.098796481251707,12.184332064296573
11.370275368205505,11.461907735518233
16.85649582969348,22.253378361175535
4.6126539174173535,3.528386948078896
173.87869109685485,49.15627448432753
9.564719039855786,13.807652868631337
6.034286095825239,13.68822919439833
5.536297524523847,5.55919613963373
36.80107721326707,23.58083403201648
3.555471475548479,5.740692257021504
12.243841912276089,21.553562546027514
7.060865888061073,7.101459741341023
25.678405101183532,39.40011419751257
10.972440922975885,7.438194582269593
12.61107370787268,24.16779736381145
5.611413119077681,5.314062051704719
3.2132782114698637,3.757558644106158
6.6964161515220635,10.273648515407578
4.1647424091518666,4.202273566454137
8.646639550864414,11.90190636996944
6.034286095825239,6.02682438738174
14.330386205438396,24.236958378714903
5.992555209962001,5.766739067759868
15.635171903429201,11.411947545764791
2.8571746521035073,2.82762459078401
3.299522042253916,3.3197639607195013
34.97604647151455,18.110502852409734
6.626864675083318,13.049897380637333
5.297040445574578,5.055135230142527
11.907212766312604,13.025505839051332
15.930070163529397,8.111725977717914
6.095491395091325,7.801497973210101
5.135681020236693,5.700046239231722
29.133722450660052,25.65904195776443
4.223165649360393,4.300644004677082
11.445390962759415,14.826465196292641
6.373697300846266,6.5606468500152975
4.501371555115371,3.1399220375603933
4.690551571028742,4.707732604625585
7.302905026067886,6.183693909687619
28.026462945755455,14.602176379608894
2.1171469427952996,2.8182387138759397
3.029662313671587,3.0532801930491074
9.422834027920757,4.628291623085204
19.21289985143797,7.185018978278347
9.676001402157759,9.611541992018354
4.910334236575166,3.5563080770595925
8.774614267511682,7.677693981155546
22.028343617678306,18.141758808208596
30.672201109485112,42.58014016152398
21.77239418438381,21.883655028609997
11.320198305169574,21.466902917326035
10.733183844026607,8.609445786563002
2.328583431169077,2.197101324893172
2.033685171068813,4.206950888212124
1.7888639740044392,1.6544718293062408
5.452835752797337,5.42683061356165
22.106241271289683,20.863570262759286
7.647880349204063,5.665650321772094
23.310872843208664,47.860150306208716
25.567122738881523,15.330542757915616
10.221284977437483,10.324176752889544
6.145568458127224,7.662970572335201
4.259332417108548,4.2721812259079295
9.887437890531542,19.59469263252581
8.888678688871211,7.74951013753369
15.07319597380408,7.484746225985294
21.675022117369537,27.841430119092035
4.440166255849255,5.629871474513615
4.412345665273771,3.6899853250685837
11.125454171141083,7.215586231352909
28.24624561130181,17.21454698238507
2.6985972858231797,2.8897300299935544
5.297040445574578,4.990006551039325
3.2772655697935082,6.102481376799778
120.20720775860607,27.568486795847107
2.8905593607941147,4.635421001871489
1.9279669268819228,3.2345084457919278
20.52603172660153,6.387666266957064
1.3771192334870954,20.382926886299188
5.85345225708452,7.739375406538151
5.1968863195028,10.25893664349584
8.123612448045064,8.215709355525757
8.421292767202848,12.614909285934681
6.142786399069685,7.661535679319879
2.6429561046721948,2.6429561046721948
28.657990351819215,16.8008630175302
4.893641882229881,8.663673541729866
11.837661289873914,13.023113162431748
73.80246267867764,13.757287431129223
64.05690980008112,142.75007699953412
7.625623876743654,7.279759556507302
7.903829782498618,7.597937582382264
31.22583086193752,37.56676107079763
32.60016803636711,10.15119289443992
2.2562498956727794,3.0240248555443747
3.0074058412111837,2.720949595801342
25.44471214034934,42.72733981473731
3.388547932095505,2.7325829677570392
28.065411772561202,13.098159744003386
16.864842006866088,16.922997448391957
4.874167468827024,4.918051634149624
38.019619080473824,16.95964683442904
2.5149813880249043,2.5205416165736425
3.7585617867496164,3.777882854670181
3.680664133138219,3.5564070680369495
2.445429911586163,2.478575905187522
3.2772655697935082,3.1982555614006696
6.732582919270207,6.722333335718362
7.060865888061073,7.794734267221953
4.991013949244101,5.1097049124745615
16.269481368550498,45.25459215024587
2.0559416435292066,3.0030327450640137
12.608291648815126,28.059050999546493
5.489002520545488,5.790022075614666
21.750137711923276,11.521229118857075
16.269481368550498,20.231494619914894
3.235534683930265,2.4278008749278275
80.66302031459509,113.31693085283777
3.619458833872115,3.496474061730976
6.3570049465009895,6.033951878336588
3.630587070102327,5.862962255170632
7.013570884082723,18.796310627279485
6.763185568903258,14.294843464608707
4.534756263805979,20.059159903693928
5.5084769339483595,5.615972678099574
10.118348792308208,9.635471874574428
1.3242601113936399,11.609679540635698
3.280047628851067,3.2715910049949746
21.99495890898767,8.697214345959534
92.23638599400184,119.53088664328895
21.274405613082408,21.366070210073577
10.310310867279114,12.422240627527003
22.49851159840429,22.359155696739133
4.036767692504571,3.79726269974917
7.358546207218884,12.063388847674032
23.210718717136885,24.11507504293113
4.829654523906225,3.8644355476710306
25.775777168197713,15.832856949870141
3.783600318267575,3.525259855618014
3.0992137901103343,2.8376976459135648
8.05406097160629,8.489108039220785
7.745252416218277,11.773492299474864
21.9114971372612,20.864964359357824
5.05221924851021,5.838031396029577
59.95615474925333,26.69120587424214
2.8488284749308748,3.592418023146956
16.10255782509744,11.747452023750457
8.682806318612515,8.437121423800233
21.352303266693703,12.963660488795274
5.121770724948948,5.403322240165372
2.871084947391263,1.5039232545680443
3.1910217390094804,2.5446186012766394
7.275084435492409,7.738812534580549
10.73040178496914,3.1587317082882604
2.1282751790254975,4.74687717583082
5.995337269019562,4.034802252195722
3.9171391530299347,6.283628915296139
3.6890103103108642,3.2896284671807834
8.757921913166374,7.641967326063773
15.843826332745412,13.091544973745302
36.2891783466779,52.68297026926201
3.074175258592393,3.1621662247807416
10.997479454493895,11.040757138352241
2.5984431597513886,2.284689283493423
6.037068154882796,8.640103318152354
4.412345665273771,3.855525632503254
12.586035176354763,9.174896551673106
2.4565581478163634,2.1272658744226276
5.316514858977423,5.324595898312647
7.060865888061073,8.224322724616304
10.335349398796994,5.088500660456743
6.1622608124725184,10.182766107235281
5.978644914674269,5.9558334363230525
5.227488969135844,8.311602329179156
102.21284977437519,54.5610048011559
20.979507352982186,14.090156891177324
8.012330085743073,6.495861402122819
4.186998881612258,3.0908562238409085
8.482498066468938,5.11571345572585
2.2618140137878693,2.4053653897959717
2.5706225691759004,2.1272658744226276
3.049136727074437,2.9377540293658457
23.0410131146264,12.301752850998799
11.795930404010612,17.540579545211262
16.475353738809172,5.896077562052772
12.841984609649307,18.791232319213368
2.445429911586163,3.1483585683237956
9.278166956928176,15.18840877741638
15.982929285622854,12.650047702725377
10.585734713976517,13.391128634078983
4.5987436221296125,4.761056976320849
5.07725778002816,5.088758204792784
2.4621222659314665,2.437584230864383
5.344335449552927,5.5671575362429975
3.135380557858485,3.220252621992134
2.559494332945699,2.6668350465936137
6.190081403048015,5.474416267082698
27.5256923153965,4.35682898223213
5.622541355307887,2.91714614506091
13.735025567122667,9.172724801922037
3.6027664795268377,3.822194938255844
2.9211620104271643,2.9405429815977446
21.26884149496729,21.31703792493179
3.997818865698876,5.024921097506299
6.020375800537487,6.020375800537487
2.6846869905354414,2.7039639772530353
6.551749080529487,5.883178851073617
4.448512433021927,3.7112295299134574
8.1653433339083,5.339223073526813
2.779276998492114,2.690393711405599
8.643857491806843,7.039027119672598
11.192223588522305,14.773881000374285
8.958230165309951,9.517212634223739
20.68739115193939,16.7967568344873
8.382343940397174,10.086302074360104
22.30933158249083,9.634254213221418
15.779838974421727,22.969207194178725
4.921462472805368,4.211516382337957
12.39407310138381,25.815356426986494
5.427797221279409,5.911884003048008
15.023118910768208,11.087300155681197
2.487160797449412,2.4834500701251963
6.504454076551176,23.22122363049986
8.123612448045064,3.700635444764227
31.606972952821756,11.76172441849836
8.657767787094617,5.47551391141859
30.90867612937685,7.239512836548151
4.901988059402504,6.275987943501949
1.9891722261480183,2.6659760705056463
22.25647246039743,19.539933598970702
12.10752101845621,11.692165109005716
2.8933414198516614,2.8265720024704732
4.562576854381459,4.40965465915335
13.718333212777377,6.916383154234294
10.627465599839807,10.949132194388797
12.093610723168384,6.120925626878393
2.512199328967352,2.589667289530391
12.213239262643086,14.841139840441473
5.216360732905643,5.58843749987696
2.982367309693249,3.00259241389975
16.23331460080229,23.628577566225292
6.267979056659405,11.850257201215403
3.483137940052197,3.277678104826204
20.233915525558825,20.47928494353308
3.5832920661239784,3.6493455321368997
4.838000701078872,4.960488796002782
7.333507675700945,8.802802558462558
4.223165649360393,5.316259668660102
9.681565520272855,15.120933686984543
3.4970482353399333,5.252351744003006
12.235495735103505,11.763076294198205
12.202111026412926,13.323784285047296
5.4806563433728614,5.878197410491176
6.557313198644554,4.757626069590254
7.870445073808044,11.559886491999043
27.500653783878487,12.910029657723333
1.5023118910768192,2.417498389604353
21.58877828658549,10.54477626740914
8.412946590030172,6.640935764289662
3.2605732154482174,4.74687717583082
8.042932735376116,7.738057550553341
7.820368010772104,7.997944882393424
4.58483332684187,6.130864398050679
9.667655224985106,7.150120282811629
6.098273454148892,5.423012499966586
23.046577232741495,13.054412600307343
21.11861030585957,14.158887522120363
3.4998302943974857,5.001432887062671
3.950523861720552,4.898970543034579
7.5282518097294355,7.3341006387344345
12.371816628923337,19.07145775526274
17.468548822354354,20.6603598902903
8.39903629474247,6.2281025713206315
2.5205455061400017,12.30136067649147
6.251286702314126,6.64096556031928
12.049097778247601,17.824848566485972
6.727018801155123,6.616608687745112
1.2268880443794172,4.807205159837816
2.395352848550274,2.275377316773486
10.66919648570299,17.79118438796219
5.953606383156309,6.020375800537487
21.858638015167823,14.83655452152397
11.523288616370715,8.732532201097241
4.467986846424766,4.4670560177850485
25.27778859689644,23.048808663975205
120.30179776656283,109.07045056614092
16.76468788079433,23.90703091764706
45.848333268418486,27.91446633396873
2.6930331677080916,3.0318175845627398
9.344936374309356,13.918474761152407
13.214780523360927,5.116186864191447
28.997401556840188,24.37043378642318
5.788552105184082,109.07045056614092
24.999582691141377,14.825552219456263
42.919673608831445,24.691571801489587
3.997818865698876,4.560615347493893
4.287153007684044,5.044265160622102
1.8834539819611336,6.58671638731067
3.3329067509445003,3.287398058967644
36.93739810708694,16.115885255724255
3.00462378215365,3.3371788888015734
5.171847787984844,9.408258044163539
4.281588889568947,4.301064049469324
46.36301419406536,4.058995808128765
6.195645521163109,4.2064732950151065
36.65084602415939,23.46799210615702
4.787923638042996,3.3097217655203686
2.6318278684419942,2.431955776412664
5.074475720970596,4.973923522498316
4.303845362029354,4.770037574003449
2.729199935456231,3.2083654754196416
6.746493214557929,6.616701883343254
6.084363158861133,7.594049782532378
2.517763447082449,2.958042132951542
14.422194154337513,15.913343917470492
21.49975239674392,7.9711140916795955
1.8778898638460266,2.0854272270932253
16.10255782509744,21.34110155847527
20.934994408061282,21.02393064183543
28.84438830867502,24.212416803570587
2.6930331677080916,10.503002397014182
5.527951347351196,6.561202960687926
2.8989055379667605,2.9115334689092394
12.405201337613985,15.0350145071885
7.620059758628552,7.173413229759325
3.1103420263405432,2.9979684493255547
24.71581266727137,5.41380023534165
1.4383245327531828,1.4004820507365447
4.799051874273186,3.5043942031324633
5.73660577666743,6.141143633725765
16.191583714939124,5.431899473704632
2.245121659442594,2.9412142957331686
4.796269815215634,7.370071458673649
2.7041614039382855,2.1154926903832023
8.927627515676868,7.106907166185965
4.370614779410567,7.7756693198951945
9.956989366970275,13.279193321016246
6.765967627960813,6.07546191356956
5.024398657934717,5.069194804559766
25.48644302621261,26.61325351773966
86.32172843765142,37.02953752432017
12.06300807353544,17.368985251942576
11.704122455111504,4.4978104769188425
9.445090500381154,15.05574194972495
27.812244398324076,25.56979257542717
6.996878529737446,4.485697722596358
15.988493403738024,25.04771264142028
22.300985405318187,15.888218646811488
3.9922547475837806,4.462467401964674
13.910295287748427,12.861906652787024
2.99905966403855,3.7060733829726202
2.993495545923455,3.31388801301088
10.004284370948582,4.6911224061815435
4.696115689143836,4.629041294417965
12.714009893001995,8.327627530704325
4.334448011662389,3.68042246253645
5.452835752797337,5.375445270120874
12.402419278556398,14.988758272043142
12.694535479599217,14.284445253908395
6.301363765350014,8.780347570083801
6.863339694975045,6.179036675481535
9.43674432320849,13.285653500472202
5.594720764732384,7.98936774251864
6.7743138051334695,6.701979172815463
63.186125315068224,15.771499194124733
11.375839486320608,17.752304761295616
5.138463079294261,5.139296767142766
2.4955069746220584,2.1272658744226276
6.145568458127224,5.8973673521573735
4.106319168943317,4.106319168943317
5.308168681804778,5.634339244641374
7.789765361139098,5.8465647483421685
6.763185568903258,6.849878832499413
15.785403092536793,19.575339441704994
11.211698001925182,53.88095510938025
6.153914635299908,26.949986930278044
3.4720097038219953,3.458339813612994
8.01789420385816,6.052741462773118
6.615736438853125,7.441453215659885
35.96924155505966,19.26033465517254
7.628405935801216,37.27337213148125
3.889318562454455,2.222202176337339
11.503814202967948,11.461907735518233
11.217262120040314,17.037541125408183
7.269520317377305,12.12717723457803
21.72788123946292,13.604663796119683
7.280648553607489,7.618062205703736
15.96623693127759,19.201605961269646
6.293017588177365,11.38078764144836
1.9585695765149693,1.8862191712351928
4.593179504014507,4.420608336570399
6.791006159478717,4.616414539883329
11.709686573226588,11.842866476926554
22.067292444484014,22.238719546676602
31.253651452512972,10.882923893181106
8.115266270872398,5.106715602710636
5.1690657289272846,4.898195176164512
21.83638154270737,21.947642449710017
6.084363158861133,10.02431986231745
17.19034291659938,7.128259735911995
2.790405234722317,2.7447011425974073
4.092408873655566,4.9931373912915475
7.233353549629145,29.063338098477807
2.654084340902387,3.5879982606295124
32.55009097333126,16.679396439900895
9.673219343100202,11.517365058859346
35.73554859422555,22.856526291265773
2.576186687290993,2.6400843405981833
6.395953773306704,6.986017561502768
7.286212671722548,8.766343961235027
6.7743138051334695,4.162472052244848
3.135380557858485,3.0847624645506397
12.707332951263886,61.86023263656953
7.238917667744243,9.170545727089412
3.2049320342972196,2.9432204433097144
21.49418827862883,10.780514145850697
6.596262025450284,5.995152999819897
9.553590803625596,19.21734461483078
20.119851104199235,50.35493523623577
63.853819488880205,26.10575073449324
4.128575641403721,4.106319168943317
7.572764754650208,6.25106086047303
42.345720914963586,8.40150030302755
9.055602232324206,9.379424730417059
6.4404667182274835,9.854134891051688
2.3452757855143718,2.493430256487788
3.0992137901103343,3.5510840766517777
4.309409480144441,5.370693779787145
17.410125582145852,16.565120384308315
2.036467230126364,2.0750586223849483
17.908114153447368,17.41094702977934
3.711266782771264,3.7528382784955783
5.486220461487964,17.612935702292532
2.517763447082449,2.562480312781087
5.347117508610466,4.743344190604121
8.871986334525898,7.893349673480044
5.208014555732987,5.007385237924268
25.62276392003254,19.960238084107786
8.691152495785193,21.805195716996412
5.647579886825841,5.560625559262434
23.75043817430156,25.39626672083295
10.36038793031497,12.001380224686576
17.348920282879778,20.062812085488304
8.218202456001741,13.3153228643837
4.365050661295448,4.156761001359405
6.982968234449684,4.462382657253204
5.227488969135844,5.868902959172452
11.723596868514297,12.080201405232875
4.134139759518803,4.4708384394111595
6.7186726239824734,7.258875056436136
11.328544482342295,10.266211840588587
15.63795396248673,12.347074941458107
2.1588778286585493,4.1915577050498705
2.5094172699098136,3.068986573858186
6.251286702314126,6.64096556031928
5.655926063998496,2.324319114801694
32.06601269731753,17.62275543159988
4.2982812439142535,4.202273566454137
29.05860685610634,12.00729410154114
7.244481785859363,4.587122670170806
12.474752814052708,12.439716578164512
1.4299783555805385,1.4588751076771609
3.096431731052788,3.1019934774199585
12.399637219498924,9.229283077442211
7.508777396326612,5.3676611328093
6.340312592155715,4.607378950783423
2.871084947391263,4.4373731086652235
17.045675845606933,17.044590394462453
4.348358306950151,29.41228677720761
14.004885295705126,18.119320783240493
38.15037585617867,60.477291140318464
2.0531595844716564,2.1195131731114105
6.434902600112395,7.422399465464062
6.701980269637121,5.9188731443063745
21.761265948153422,6.90744170165033
6.131658162839474,3.8392327010890086
3.2633552745057766,4.004045477926489
11.793148344953092,11.770851844679536
5.764426367242918,5.744334296065955
5.566900174156906,5.313516449045327
7.722995943757887,12.474761997434369
215.74867991297697,109.07045056614092
5.475092225257752,5.83230298780855
21.480277983340933,11.654313208987118
32.89506629646736,22.743811264966613
9.31989784279144,6.904569657483241
3.7752541410949076,3.51270781478156
12.449714282534778,21.671570474949295
28.86108066302028,9.29338465452265
24.6629535451779,20.342401139998376
6.941237348586477,6.690126867454758
30.496931388859473,12.55306198994245
12.883715495512488,59.65934325045172
3.1047779082254454,4.200734123558584
1.9975184033206599,2.0194462654510135
9.088986941014765,6.4738514269181
3.1882396799519324,3.7004480481324404
21.413508565959823,21.457999565670004
4.754538929352391,2.7226695700232604
4.3956533109285045,4.33063513774575
3.519304707800333,3.729498602841528
2.9768031915781488,2.6852237580069986
22.957551342899876,8.386447192716243
3.880972385281811,4.794744988674123
2.979585250635711,2.9090867351816767
21.869766251397987,26.859333426381085
4.662730980453269,6.932045380225576
6.031504036767702,5.371730835123595
24.231734391257735,31.846067029447568
14.20241148879108,17.898064667416445
2.47881462027676,3.478272705361794
12.800253723785987,18.649193323704647
3.9171391530299347,6.847122441971002
12.574906940124494,10.373137272452364
2.336929608341728,4.0154078722153725
2.787623175664772,2.5383612790816765
15.832698096515198,4.949266803285232
4.882513645999678,4.79103533055834
8.71340896824554,3.4800153189170935
6.57956967110498,14.991578584375633
11.851571585161656,19.072889772900858
3.051918786131995,3.3230225210150257
4.860257173539278,4.850407514499743
7.95112478647699,29.98705147783026
6.724236742097571,10.548831764574755
12.23827779416099,13.528670717998109
3.4692276447644352,3.7035263116014923
18.929129827568055,18.329627313778538
3.121470262570725,4.200955631908739
29.45365924227825,27.25603922825343
10.385426461832916,16.710134659719923
55.963900001669266,58.14743039888997
6.523928489953981,6.152415014934977
8.485280125526508,7.121104246803824
24.242862627487927,19.22047139693509
6.601826143565404,5.218276577254154
188.64864263338615,50.789944067802224
1.9947363442631165,2.255310462796711
2.8655208292761585,3.186709042735834
2.904469656081862,5.576488245254848
27.89570617005063,23.221614803862014
3.5332150030880873,3.594963006948073
6.68528791529186,6.156151719822802
4.8129621695609295,7.3341006387344345
8.549267483850146,9.181513629252452
5.8284137255665724,6.075822022032353
107.34296667649714,17.574329981916012
6.482197604090734,7.888599825428047
20.642878207018608,9.847057985533976
8.488062184584045,10.29185455835966
6.966275880104373,4.305442664139813
9.230871952949832,15.749768105867357
7.608931522398388,2.9556154225866553
6.576787612047429,10.026720874272232
1.107259504904771,1.9432985948428896
6.6185184979106735,6.800248323731853
7.144327659787563,7.084732378207566
2.503853151794713,2.4814059295012467
5.544643701696492,5.928088228643753
9.94864318979765,27.389738701221802
9.642616693467144,15.665346736917263
6.868903813090137,9.512523357355139
15.33749158427129,21.53876062476979
2.4621222659314665,4.413851964987587
2.214519009809535,2.228267996896425
2.879431124563913,3.3483436185361493
6.818826750054244,6.817897119980024
5.658708123056048,3.8256717905599853
7.177712368478171,7.86828956331499
3.789164436382657,5.679280398452895
2.9489826010026543,3.024591183998894
5.294258386517035,3.1906807589138095
29.609454549501173,3.177499483579176
19.14891249311444,11.154635591739384
6.0815810998035955,20.72236079535756
2.3424937264568273,2.609720478242041
2.5984431597513886,3.62184772208875
25.619981860974914,4.602800546200353
5.1801939651575,9.946643947799368
8.190381865426247,16.18846158177508
12.171508376779736,11.80957615326393
12.057443955420299,17.875249810704236
4.557012736266367,4.648508969584376
12.410765455729127,20.426457112971786
16.956649955765297,22.59663952628304
89.09822337708542,52.693562826390405
15.053721560401321,42.47868184000545
21.958792141239595,25.81535642698659
3.6862282512533295,9.90153897838384
28.838824190559905,27.75328902455237
38.94882680569536,47.18661850459405
17.10966320393051,24.993140549910237
5.591938705674838,4.034595319922569
31.317638810836726,30.846784396123354
109.61034480840016,39.763029805443054
17.366308151989507,42.03369836663649
3.341252928117159,3.7768895011044443
3.2661373335633326,3.0043512159425663
4.723936279719346,5.489340987260405
13.540281433094288,17.84131103046761
6.707544387752274,3.5252176009418035
6.153914635299908,5.658445831442115
20.62896791173077,1.6700906091404368
1.8445051551554315,7.4099528824288985
4.965975417726172,11.09766225766525
47.52869693917858,24.701826318090884
6.181735225875347,5.718390511317408
22.35940864552672,22.089117136107824
29.492608069084085,20.75999203761359
6.493325840320954,5.107139233034891
30.171430479126254,6.203549949086252
1.8250307417525904,5.146739093724924
4.6571668623381575,4.704087379596646
3.171547325606631,3.366953287828345
12.202111026412926,23.73644036199435
21.010110002615086,21.010042808592562
4.952065122438425,6.805256839152756
10.58017059586139,5.174153476515122
6.1205299266092785,6.201159349241829
4.081280637425371,3.9654047113626616
10.47445235167446,7.861925901811511
4.904770118460071,4.994431971087138
29.258915108249916,22.56322721940889
4.384525074698287,4.164936160491957
18.04165298820963,10.809068592584062
7.895483605325964,21.12700870837764
2.982367309693249,1.7907154848721556
2.581750805406105,3.1028795593895215
7.069212065233708,11.639684604787192
30.5442263928379,15.647310204908472
3.7696900229798254,4.983011612836583
2.5622763920032505,2.326332316523123
8.226548633174382,12.009909856663986
6.966275880104373,6.120925626878393
16.383545789909988,13.570006606367151
21.652765644909074,17.66886805427065
1.5857736628033106,1.918414440348055
42.26225914323712,12.129082929940754
30.808522003305075,78.53833111963552
21.11582824680202,21.8260386929452
72.95115260706757,19.603370803765735
5.213578673848112,6.975791107702727
9.901348185819307,16.61694151356321
6.907852639895843,9.676065994116422
5.936914028810992,13.860155339388797
23.05214135085655,15.631206172997675
5.055001307567754,7.190504717750021
42.537682989934574,49.105886279734705
13.454037602310176,19.727439170267807
2.4148272619531186,2.3306639031334484
3.8225491450732436,3.710582992102337
18.88183482358961,16.46737909239804
5.575246351329539,5.51677106036743
12.065790132592886,11.909242711671212
8.891460747928754,9.058420468287204
183.82177016853615,38.68803000733966
9.531334331165194,8.525033492455464
4.5653589134390185,4.684944988254877
7.556072400304922,5.3246344033008235
2.4760325612192093,3.512038557845854
37.17387312697864,7.949758773353031
5.628105473422987,5.855887024565052
25.77855922725536,15.60959816180157
4.7907056971005435,8.303363832378096
6.04541433205542,5.027962517769553
10.838902088213475,16.60857319787201
16.859277888751,15.009179650629198
3.129816439743388,4.2317683439897165
3.0018417230960956,2.865647430616537
3.341252928117159,18.574089210810868
7.464264451405807,12.951454290014283
4.376178897525632,3.4032981825181423
7.864880955692922,7.227232520106805
1.9196207497092723,1.786336178192873
9.197487244259252,13.824513176834195
9.54246256739537,8.909465140298682
6.3430946512132484,8.96001129045211
19.10161748913607,32.55889113256507
2.754238466974179,2.7986212270612087
1.6163763124363628,12.236662139818142
4.793487756158082,4.812924047989862
15.696377202695308,18.595163906785228
5.458399870912468,5.807843398347931
6.512800253723788,6.369801180384106
2.5261096242551004,2.8754860041692223
6.84108322251466,8.505799153162735
4.239858003705692,4.242859276912563
3.780818259210011,4.884294365488992
138.40465605403926,6.670545420892572
4.312191539201993,4.844325347258679
22.109023330347245,15.67206708853091
10.218502918379897,17.642583662443865
3.357945282462461,3.659958181000233
19.585695765149698,14.042900261340042
3.327342632829413,4.5973955913709705
31.929691803497665,35.07039889565715
12.346778097405517,12.259414896543452
3.566599711778678,13.900266476641244
2.030903112011262,7.3341006387344345
11.704122455111504,11.837883220199407
2.8349181796431195,4.729615573535175
17.340574105707105,15.880543968757282
31.406664700678277,12.214506468778657
8.421292767202848,8.703775798168557
31.69878090172096,18.779395405561218
4.417909783388869,6.430325880653557
4.927026590920464,5.560075068076454
6.8076985138240245,7.815115953003296
6.27076111571697,6.117167968016479
5.427797221279409,5.534651581551801
3.9366135664327877,4.8708221861512575
6.195645521163109,14.550081150875767
12.410765455729127,20.95760434528496
3.21884232958497,22.978013889763925
6.688069974349398,6.885948969175062
3.4219326407861,3.411720017782892
3.2661373335633326,2.5505282795932493
12.385726924211117,15.067905504660715
24.74085119878919,13.688708543871824
14.075806936229611,15.644127437520204
6.3876075961340435,7.315109310123658
160.45525614417727,242.4594434158086
12.399637219498924,18.286987555703522
5.978644914674269,5.566291503945556
2.87664906550636,2.8522769941845967
5.335989272380262,4.918519606578331
36.80664133138217,25.842547456364645
68.79475637508821,82.66016392286586
7.005224706910081,14.939891336372524
1.532914540709873,3.3107473882580862
4.476333023597427,4.083220373100766
3.160419089376436,3.247313173364093
2.2534678366152394,4.9280580289053395
7.422533565542509,10.654514623495974
11.445390962759415,21.010042808592562
6.16782493058763,5.7334609452306795
13.620961145763227,19.516845343920036
2.0559416435292066,2.1195131731114105
9.503513740589684,6.969659849914435
8.510318657044431,6.188199012116172
5.194104260445215,5.299358299334735
5.964734619386505,6.081618714928485
12.193764849240209,12.104583825289366
2.6346099274995374,2.7846284840307844
3.224406447700066,3.1671853258749816
22.49851159840429,22.359155696739133
1.9585695765149693,3.1327851040163246
3.1771114437217483,3.0532801930491074
6.334748474040604,9.417647066327786
8.429638944375515,17.35748034159848
2.6067893369240425,2.6988153636907404
5.185758083272588,5.055132984057066
63.291843559255,69.55080224186247
10.980787100148586,12.960930378722253
13.545845551209384,19.168312078090764
4.73506451594955,5.332895029137127
25.080262403810348,17.049783134985933
5.547425760754061,10.510919389478088
4.039549751562132,5.7520436897150695
21.374559739154066,21.196419033985215
21.34673914857861,21.457999565670004
4.38730713375583,4.58917961506443
10.385426461832916,10.131152737505548
5.366591922013329,9.041086759847804
1.7721716196591397,2.1935427406468655
1.4049398240625803,5.688422017552325
26.39895839708887,17.4476881909546
22.12571568469261,19.027267566740626
12.67506106619632,18.103260612405236
2.8571746521035073,5.890662394795989
4.186998881612258,2.9608009729507305
14.586335638732885,12.995508077407123
2.361968139859671,2.367529149892019
14.975823906789884,12.38854792983188
156.19592372706964,122.33341739952517
6.1706069896451705,6.039181630808554
5.686528713631525,13.308495467391133
3.8114209088430453,7.422097951817822
3.95330592077809,3.7972626997491545
2.6095713959815936,2.3303879398507554
2.328583431169077,2.629522429114558
13.345537299065878,4.87375841093058
20.631749970788363,12.30136067649147
25.177634470824483,26.90244865958461
5.847888138969412,6.110520519129678
2.592879041636308,2.6280289641223336
31.017176432621284,10.367012404626088
3.6027664795268377,3.507160068978252
43.67832720352995,18.22979269607601
4.14526799574901,4.200683587552248
8.991614874000517,8.75176567476211
21.705624767002593,14.743655509287494
5.249745441596222,5.284578708171887
11.448173021816917,39.07562474426295
4.1647424091518666,4.297285720213983
1.9752619308602672,2.770432305151806
11.325762423284695,12.317402705384339
107.3902616804749,137.26803799610613
23.302526666036066,9.568752856381668
2.1421854743132465,4.185341600938803
2.1894804782915878,2.0979249310750574
2.5261096242551004,2.9687412006475853
9.556372862683123,7.7000359119885715
11.776455990607824,14.581804603484255
7.180494427535719,7.370306904738922
19.449374871329784,11.975924232436498
22.448434535368268,17.598524535176043
33.50711928912837,42.587696361508904
37.057026646561546,9.643503250591992
5.344335449552927,5.422159527472049
2.1978266554642465,8.044760581464148
5.155155433639536,8.679383350925663
21.296662085542707,25.451431092224563
4.234293885590605,4.229832093774568
3.341252928117159,13.965274900822646
4.501371555115371,3.5901467546357915
3.8253312041307925,3.622854086846445
1.6247224896090002,3.0187669146308362
7.149891777902671,4.7983888279849465
3.2327526248727114,2.100367534243055
11.581711856579291,27.908393649549296
22.49016542123156,12.858811813592142
8.635511314634153,5.635215641302022
16.077519293579616,11.933031779087552
3.035226431786694,3.224053021458056
1.7777357377742415,1.6918929550945732
4.885295705057235,5.036445351511955
21.42741886124757,9.768928064811805
5.725477540437231,5.6167239201985355
1.532914540709873,5.307497512640833
35.908036255793654,40.33567667565367
7.149891777902671,32.74874526824206
6.27076111571697,5.418313427442738
12.471970754995223,18.29953146499947
4.96875747678371,9.352609520694495
6.529492608069086,6.64626666477033
14.575207402502727,6.038211814540552
13.181395814670427,11.477625176070386
4.248204180878349,4.631863669610391
2.7152896401684754,2.806846231028585
3.883754444339342,3.7055982947402657
3.3802017549228567,3.414069740810016
3.9699982751233813,3.6326777302409066
4.901988059402504,7.200604793130533
8.582652192540731,10.335868989046329
4.403999488101123,4.33063513774575
2.8905593607941147,2.543498851195547
2.3758784351474187,2.349450419403909
11.214480060982668,13.108602708670617
3.1910217390094804,3.079770931161721
1.7554792653138416,1.761039203845113
5.035526894164917,7.734975541834558
7.497649160096382,53.117878007119984
3.850369735648749,3.636464143630148
50.78370603651171,22.878428571084633
4.008947101929088,4.139702100677051
32.86168158777667,15.871742341375398
5.792246957818431,4.873523064387942
4.935372768093122,7.465622820607032
3.516522648742783,3.926141897351038
13.086805806713683,25.735906661322375
5.767208426300473,10.768426319899177
3.4803558809946367,5.974863300859879
6.590697907335171,5.1097049124745615
21.928189491606535,16.39951575200068
4.996578067359211,5.094523232423872
12.065790132592886,11.93469386458815
2.8015334709525255,3.0133581108944236
2.5149813880249043,3.403645246481689
3.605548538584387,3.491331025533396
11.342454777629994,6.461858074578718
4.991013949244101,4.965278296799457
4.587615385899403,5.263712764870363
2.5984431597513886,4.486010834202113
8.193163924483784,39.916255896224534
6.952365584816625,11.087300155681197
6.334748474040604,6.8964503160078
6.471069367860535,3.6660123120255017
16.158199006248477,11.790786377296369
36.55347395714522,26.664199278333488
10.065489670214719,5.02336713491062
3.3106502784841045,3.2873240134490507
2.2701601909605413,2.2894982673239666
16.08864752980979,19.981227438213395
3.544343239318287,4.198038721341181
52.89528886119185,22.34119671481812
3.157637030318879,3.223968553680675
5.082821898143253,6.360764369684228
34.74235351068029,52.55254376123901
9.898566126761743,15.606327281821935
1.2992215798756988,20.52518521376379
4.495807437000264,4.469373418378844
165.03174329384694,101.2662276963363
21.82803536553468,9.038438363667854
3.613894715757044,3.6852581329173066
6.2318122889112635,4.521389865683685
4.952065122438425,4.7956334233978914
8.081881562181813,6.762284330668872
7.8008935973692894,8.520921953371031
2.954546719117755,5.252684188498726
4.910334236575166,5.3087182637061625
21.060187065650894,19.177822674120556
1.7749536787166902,1.7346352217416041
6.098273454148892,7.541376846996831
10.25466968612809,14.65086573255153
50.49437189452665,39.10038971473725
10.805517379522856,13.014865059778664
5.572464292271991,4.3343900575977425
21.438547097477784,28.559602655081427
8.938755751907086,7.621423159824026
45.12221585439794,45.21246479514002
4.932590709035565,5.036355505270461
14.583553579675396,15.488917220390686
15.393132765422314,22.07304461418035
16.57828992393852,21.752544626445967
3.135380557858485,2.471303033968761
2.6985972858231797,2.8897300299935544
4.832436582963777,4.776573265335251
3.541561180260711,3.914428264127396
16.347379022161896,7.407165048609904
8.568741897252988,7.666464495691048
9.189141067086585,14.675763053523752
17.479677058584624,17.324102217581896
11.598404210924587,11.600961923893342
5.692092831746654,4.455572649681712
2.8293540615280177,3.1587453571367203
3.6945744284259665,1.7464701990965277
4.022857397216825,5.452303674547434
104.30495818565197,51.35757996382395
21.84750977893763,20.415801804613533
6.4404667182274835,3.8118869632850765
5.227488969135844,4.597964301300076
2.028121052953713,2.1162453042214784
30.4579825620538,19.086254255937735
2.8265720024704732,2.8595418656593137
7.4809568057510605,3.6252716852013127
6.868903813090137,7.222814617485781
28.13774530805742,12.786715122142441
2.80709758906762,3.937796492900074
33.44313193080458,5.3581594166023345
3.2466629201604675,3.4179832188494483
50.4693333630086,23.47319747878857
44.7828046493771,51.352493018810875
48.349404361155884,78.67819752619337
2.1616598877160995,2.2105434105296853
4.392871251870927,4.3646831734687
21.421854743132474,17.624247489383947
3.2383167429878137,3.2247828355272894
24.61009442308441,17.574329981916012
2.030903112011262,2.207490223380201
5.97029873750159,6.039181630808554
10.852812383501364,10.753352067442462
3.085303494822591,3.0977233711003707
30.914240247492028,13.859703303273244
25.97330336128375,17.56381243398771
5.233053087250946,5.158868892090861
1.9474413402847695,1.9917054627374238
7.405841211197223,13.649059429167421
12.61107370787268,11.934815781930778
7.344635911931145,7.369545874252994
3.8364594403609975,4.744464867356835
4.6126539174173535,2.1154926903832023
2.0531595844716564,2.244310507879498
4.723936279719346,5.966340780377148
32.75039922547485,58.14743039888997
11.801494522125724,11.714739422504316
9.428398146035805,13.283395573212868
11.462083317104703,17.211626412976
1.4744913005013316,1.782594059464539
82.57707694618935,78.3561598437455
11.214480060982668,11.105955946696769
2.8043155300100646,2.978884574457765
11.587275974694357,17.346246622635498
2.7180716992260265,2.8709430383327192
5.433361339394509,4.563935553778171
3.4998302943974857,6.573509184052451
6.315274060637767,7.098294722936126
3.625022951987224,3.677363571323356
8.265497459980052,8.97773687512487
6.568441434874783,9.336192034643274
9.450654618496232,10.911930373380967
7.592239168053052,5.424154570295044
12.91988226326069,10.250368469410363
22.334370114008838,7.128259735911995
7.928868314016575,9.921285604741863
15.974583108450185,8.822048024097224
2.336929608341728,3.8471515067897686
4.6432565670504085,6.835640424812696
4.954847181495975,6.863011295384756
12.274444561909196,12.318689652827844
6.212337875508392,6.196733273565346
2.1449675333708034,20.90423402297334
21.35786738480884,21.335588841144254
21.243802963449333,7.19729262907025
7.567200636535097,19.62828281703301
24.668517663292967,9.631215172585428
30.727842290636108,24.42506965127805
10.627465599839807,39.74788382402143
2.245121659442594,16.249931307454666
2.1811343011189392,3.7060733829726202
2.3703143170323244,8.986633439473298
31.220266743822297,19.346347931041407
18.03887092915202,5.967237117427282
9.378321082999937,6.850358251918889
4.264896535223646,6.29755593997515
1.5913377809184068,1.9939725833304278
3.978344452296041,7.7300807418678525
24.245644686545443,26.947187789702355
4.05346004684985,3.8811163908980384
28.201732666381037,16.839208927224476
32.88672011929474,15.977037640594448
31.150715267383795,3.9959020086455306
21.886458605743318,99.190198461123
9.347718433366882,15.60959816180157
13.696076740317041,13.734833650338974
55.424180544504594,45.83358078874318
21.49140621957121,21.530272847636667
9.534116390222774,21.50813588076126
7.275084435492409,4.000448987596184
5.928567851638354,4.885504128378541
2.765366703204377,6.2066563946112066
2.1866984192340437,2.275377316773476
8.627165137461548,7.111720547059693
9.52577021305009,11.327427982877536
2.9907134868659138,5.157817865319067
4.932590709035565,4.858348868165902
14.508437985121507,27.37435839797239
5.082821898143253,2.2917113821979913
4.415127724331332,4.192402766415319
4.170306527266966,3.5833160406719093
6.454377013515232,8.999132082712759
31.80449914590791,19.79236960778377
5.756080190070263,7.235141485401866
3.8030747316704,4.8389734452792235
6.44324877728502,6.853402679384071
21.39959827067207,9.79831235526516
41.828257930259305,96.75265025092588
5.450053693739809,5.368276362443128
11.759763636262493,11.826176242618164
65.77065817953174,90.61403490473977
26.29880427101715,20.357461877112534
4.142485936691459,4.055497226438761
2.00864663955086,2.594024388728556
3.9699982751233813,6.856717242658492
2.1115828246801986,4.8984600474236135
6.791006159478717,10.200313684427421
12.636112239390616,18.475118548744963
2.214519009809535,2.1739396695090165
31.91021739009477,23.030511702956396
24.643479131774985,18.9269728569047
20.453698191105175,13.46514177980821
21.33282885329087,19.901566434997036
29.534338954947287,11.54715025544779
6.084363158861133,5.819068180021298
1.4466707099258311,5.691180034961835
381.89046477078676,22.250240437275075
40.414971929024134,14.400341933097387
3.655625601620249,5.029278747680311
2.284070486248276,2.339904617482941
35.104021188161774,49.31922914133965
9.40614167357546,8.303498417339341
17.91924238967745,19.46996827783405
9.141846063108229,17.183575080930495
2.3007628405935803,2.2253679598395784
8.649421609921966,6.616608687745112
2.9740211325205985,3.126057833048935
2.754238466974179,5.785806017993336
2.6652125771325936,3.0210104015024317
2.754238466974179,3.613846876624994
11.617878624327389,11.665022078205682
10.847248265386174,9.991608220370205
2.517763447082449,2.696648398997857
21.908715078203745,17.23391572251177
36.4644480673036,52.74401705981524
22.173010688671024,14.203782988268358
30.674983168542703,10.842145849365387
5.722695481379674,5.734997977841653
3.7696900229798254,4.305612159924284
16.898226715556696,5.456224734760583
4.412345665273771,1.7790142008164271
6.715890564924899,6.61902520770299
28.349181796431324,20.017781852923797
2.9907134868659138,2.986369274951678
12.305047211542206,18.260324210835016
7.600585345225682,19.59469263252581
11.84044334893142,11.95331775517772
4.982667772071463,5.364202707300417
44.28481607807564,32.338221557862774
2.1338392971406015,4.36150530863807
8.871986334525898,15.835129065098673
6.6073902616804565,8.004269089039735
172.37916126483486,42.37833903512903
3.065829081419731,2.8108770657132482
3.193803798067012,2.91714614506091
11.940597475003223,11.643322799266054
5.870144611429812,5.227846960173275
5.753298131012712,4.86212544685151
3.316214396599211,7.7300807418678525
6.240158466083884,7.141557287719965
9.970899662258015,11.840217710080399
12.458060459707406,10.47212782500763
12.405201337613985,12.33831750028677
3.138162616916043,3.0728884847821925
2.670776695247688,2.8345109320075683
2.904469656081862,4.115640033664303
17.6326903067498,19.72711240889186
17.59652353900177,11.753191780512173
2.681904931477899,2.78877545546602
6.629646734140875,7.603392716951502
11.484339789565123,11.380030576081941
2.7152896401684754,3.1392810833460927
8.070753325951591,7.764851798417474
7.202750899996103,10.686773633926622
2.99905966403855,2.581327521651359
17.77735737774239,18.54535405297721
9.995938193776022,15.694124687256245
10.08218202456,10.756029210788935
7.739688298103196,21.893472875731273
4.640474507992854,4.6430811287602065
14.052180299683421,7.516586981421074
5.89796520200533,4.415694338292725
29.640057199134173,33.655101978939236
5.4973486977181425,5.475010343454178
6.982968234449684,12.384436141769225
14.527912398524377,17.373282500638084
3.828113263188352,5.55083112928523
22.303767464375696,22.48764049749762
12.3662525108083,20.901251570069213
20.915519994658403,21.211794233800735
7.085904419579028,5.283634554281088
4.109101228000875,4.084421609166808
28.93063213945917,27.934397239064527
154.25682856395716,45.205796852298214
6.671377620004134,8.489057955851363
10.023758784351498,13.05638819508991
7.472610628578413,17.17974479683841
9.09455105912989,9.352905245410888
27.845629107014638,9.707729979639307
6.095491395091325,6.063886363385853
31.406664700678277,16.101574704182337
5.383284276358612,5.377127461878376
10.96687680486085,10.804007222319122
24.590620009681608,61.822818647909536
8.604908665001139,20.86729035591276
4.715590102546722,4.32619878964009
6.351440828385906,6.330717970116618
5.608631060020146,5.506493086878341
4.676641275741005,2.8519786261758053
27.11116551582157,44.961292166010104
10.516183237537819,19.72711240889186
9.04447399609399,11.790786377296369
32.67806568997848,13.32347814544526
34.23045464409102,18.89903264223625
7.4809568057510605,7.197743855427193
2.3035448996511163,27.48540352996846
20.642878207018608,5.618484610912514
6.190081403048015,6.618601046949712
4.142485936691459,4.055497226438761
2.0948904703349,2.1935427406468655
6.312492001580207,6.566780938264429
28.77761889129384,17.259779469885892
6.590697907335171,9.806292354913925
4.06458828308007,2.3060035403378065
4.7712312836976905,3.1337481838823713
50.60565425682859,27.336240328266538
5.995337269019562,3.5212918277381653
8.298882168670659,4.2425122153497545
12.739048424519988,11.243256266989585
2.8237899434129243,12.476534522476927
3.9950368066413318,7.916473168618896
21.11582824680202,22.97929630715482
6.6964161515220635,7.447742643773322
2.3424937264568273,2.1092865200089994
28.28241237905007,12.576097350903918
5.575246351329539,5.727794032407294
4.991013949244101,6.556972683472773
2.6652125771325936,2.6650369585868403
5.74495195384008,5.895541286952716
2.3341475492841792,2.5958752754989867
5.9563884422138615,5.978984458348641
2.954546719117755,2.960108351731912
18.100076228418214,25.354625370041894
6.671377620004134,3.1708639127094362
17.309971456074173,16.01970942603842
4.2176015312453,5.569323569475641
9.59810374854639,6.203549949086252
6.326402296867973,9.188946927632426
5.761644308185336,5.704096635709227
16.78694435325472,12.038708018395468
5.4806563433728614,3.276191086491221
12.402419278556398,12.62404674315339
5.5835925285022014,5.985523532548495
3.613894715757044,5.282905010941171
5.377720158243515,4.715212666676242
4.54032038192108,7.239204053265838
3.129816439743388,5.164297685130201
3.2466629201604675,3.4438279990691756
4.223165649360393,4.828435966123555
2.4955069746220584,4.965998339713088
21.93375360972164,6.373339726042845
3.9699982751233813,3.7740510409056083
21.725099180405362,22.197794556495133
3.7363053142892095,4.865597042357468
57.76667427096132,280.4837962523609
16.275045486665583,6.444304376819111
4.2426400627632495,4.084421609166808
6.212337875508392,11.632167936493046
122.09344379962542,6.0109658006921185
42.12872030847472,34.16610932079757
5.041091012280014,3.369032084269613
22.598665724476128,12.99768413971951
6.991314411622326,6.375571290747841
21.474713865225908,21.366070210073577
7.430879742715169,8.82557502750416
2.759802585089282,2.6714090864222295
21.060187065650894,14.054074207237198
27.998642355179946,20.965748589879844
7.286212671722548,7.15699206617019
1.6275045486665545,6.246521958798939
14.068872654028729,10.072146792047516
21.777958302498796,6.642272552723506
8.1987280425989,13.430663792578814
8.23767686940463,9.503951485007702
15.715851616098115,47.90838127414592
6.910634698953387,4.750740008295196
4.423473901503989,2.261895756443454
8.788524562799429,6.176200000190425
2.709725522053379,10.485692440966977
2.9740211325205985,3.6672369106098297
16.10533988415513,13.63593062491826
33.95224873833618,16.40614648222067
2.9517646600601952,2.8787222770824195
2.9350723057149044,4.244374037521314
4.159178291036759,4.253596171385378
6.871685872147699,6.874956404072125
21.39959827067207,21.39105450361072
12.346778097405517,12.259414896543452
9.061166350439288,6.64626666477033
6.16782493058763,4.812244693347646
21.805778893074343,27.651973893975203
11.384185663493312,8.953004301266272
2.067069879759407,2.0122801538133084
7.394712974967032,8.645048100774666
4.693333630086302,5.68948201826294
7.697957412239944,4.28930529138084
8.404600412857567,13.273466906986728
6.21511993456596,7.442337484737371
2.923944069484706,2.9170061744601115
23.7059252293808,21.443347855369836
2.3647501989172217,2.0090573259346316
12.96995932629661,16.467379092398104
26.846869905354268,18.329627313778538
1.713748379450601,1.6761064064334132
2.9183799513696127,2.7180635836754536
16.247224896090117,24.903134537437133
7.7842012430239516,7.235993086790927
68.94776962325359,27.568486795847107
19.92232491111324,15.141878008434468
16.656187577549876,16.63132614423524
16.54212315619037,18.14635478099253
16.23331460080229,22.397709433346925
12.263316325679021,14.361941407557785
7.400277093082122,7.579496130871248
9.873527595243827,10.655104415446738
3.0157520183838478,3.126883188276292
5.792246957818431,5.741444872648587
54.909499618858135,45.32807893965695
28.808221540926887,21.25454656820467
5.299822504632127,5.316218884097706
15.454338064688452,15.193049941737373
5.5196051701785445,5.484353590783481
2.9434184828875467,3.9213591993339274
73.95825798590046,44.745847216439046
3.8336773813034624,3.8808736166967557
12.405201337613985,7.801276384573002
4.94650100432333,12.49160937601307
13.02560050744762,18.63206515029172
4.086844755540475,4.151758679533409
4.365050661295448,5.950902447559513
7.330725616643402,10.357096514504368
21.38847003444188,21.499599033482408
5.369373981070868,3.4664241819215755
4.159178291036759,1.9659467164246116
10.065489670214719,11.900504215824073
3.5387791212031816,2.8532107303417313
4.320537716374637,1.8216121019341847
4.273242712396302,4.09753723912815
5.522387229236105,4.404370873545026
21.6138168181034,33.85772273987918
10.290836453876185,12.035767272961483
3.079739376707507,3.263575192416017
22.12571568469261,26.45035533150088
3.316214396599211,3.988631668977044
3.9087929758572915,3.891263919412643
18.95416835908591,10.290447780625676
25.976085420341303,10.469906706768459
3.3301246918869607,3.3648100219187613
2.328583431169077,2.4174418155198616
6.521146430896441,2.8179776811297956
10.20459262309226,5.603950078540465
14.998080379250245,11.85382001292465
101.5117708918721,54.971940736692005
27.943001174029018,19.409834542096377
2.6985972858231797,3.9260826621921696
4.248204180878349,4.019637526242038
28.287976497165108,22.54552527153679
27.97638588271952,4.9887214545402845
44.743855822571355,10.09772462919782
1.7415689700260986,1.7133960827842198
3.5053944125125867,3.5460526554516125
2.395352848550274,2.731727792196991
4.963193358668612,8.463346880158255
7.981727436109971,8.269167004967276
3.6945744284259665,3.484728728483543
37.399219910640404,33.977561372457586
4.826872464848656,4.845657015196224
20.58445496681003,16.778467156747993
4.8574751144817165,6.280079820903611
4.348358306950151,5.6887459187177285
6.944019407644004,16.46926570365599
5.450053693739809,6.784800788280318
4.935372768093122,3.2412751416043166
6.048196391112993,9.38714420690133
64.45474424531089,109.07045056614092
19.53005458399873,24.813226561512874
7.823150069829671,7.909964185359844
7.686829176009737,9.556833209131764
2.709725522053379,2.7134337292399096
2.453776088758811,3.1708639127094362
6.71310850586735,7.685489491427867
4.0784985783678165,3.0288397352796466
4.863039232596822,7.925003634204279
8.404600412857567,7.922730823564598
6.960711761989294,7.213619241013463
1.7860819149468936,3.4824490147779112
9.918040540164565,12.135342334573291
6.3570049465009895,10.294609032976954
21.43298297936268,11.602112880996845
11.84322540798901,11.887707807328535
5.569682233214449,7.671843616139899
20.737468214975372,13.300538356242383
3.224406447700066,3.246077869380694
1.8445051551554315,2.656688303563953
5.24139926442358,5.324595898312669
8.1653433339083,6.4195486260585914
3.3050861603690076,3.2468496942786764
5.1801939651575,4.028340193279695
6.062106686400737,6.065815559623766
13.097934042943885,9.208220703273488
4.320537716374637,2.4386236422594214
5.0883860162583465,2.8991161229200206
3.7975106135553003,15.668412071610907
15.924506045414317,25.99060713093191
4.654384803280596,4.1285216530859845
3.6695358969080174,4.0657967022192905
3.5638176527211254,3.291061412560633
4.779577460870334,4.7086966825788625
31.64035766151241,14.605067223655992
3.2160602705274246,2.9842635695573816
2.6346099274995374,4.136442611500084
3.644497365390066,5.106715602710636
7.953906845534512,9.203964217036125
5.0883860162583465,6.372160911543586
11.729160986629386,17.540579545211262
15.724197793270783,8.677966485545955
4.982667772071463,5.027791342264521
7.503213278211495,20.48580270547186
5.655926063998496,5.637519053303133
21.722317121347764,14.794350514943776
5.043873071337553,14.491900005447476
2.576186687290993,3.0539476956690637
5.591938705674838,7.684462875773695
21.569303873182577,30.86163958821498
11.634570978672711,11.478640815712788
5.836759902739206,5.594129741061275
7.4809568057510605,8.94272631154576
4.545884500036164,5.071609199787084
10.452195879214086,22.009806061292217
3.1465087940886636,4.198014587376365
11.576147738464195,11.570445752032859
5.305386622747224,7.154162019064237
11.759763636262493,11.759763636262493
15.662992494004715,6.815419206807109
13.690512622201894,13.34526548769442
5.046655130395108,7.3418287278522385
6.546184962414393,14.491900005447476
13.426217011734712,19.2751176822925
6.446030836342625,6.904569657483241
3.928267389260145,3.723928028765242
2.7570205260317264,2.1531730594009013
77.16319002019758,119.53088664328895
3.8114209088430453,3.677445148543287
2.1616598877160995,2.182421234368907
14.02992382722299,14.756425357655917
5.085603957200804,5.7638650222079875
8.830255448662648,7.050285005939036
29.167107159350966,11.425141074663088
2.8488284749308748,3.103038160036902
1.1601186269982118,5.417423608616777
3.5387791212031816,3.1429674239643757
3.444189113246507,4.801612934557582
24.69912031292602,9.051734268374231
51.6962214073881,18.697794586250044
11.676301864535988,11.675818214874012
13.314934649432692,6.7829228184946855
2.3536219626870163,3.995448117200156
10.964094745803315,6.934204089993921
21.64441946773651,9.066239005076229
2.7125075811109354,2.711834705430573
20.53437790377414,7.2689798631423725
25.603289506629604,11.17848821960839
12.772433133210491,22.789939472695576
7.227789431514065,11.681967817545557
31.598626775649034,21.03145433243683
1.7916460330619912,18.703523767701594
6.076016981688484,5.397454454715491
221.48806774870243,78.4430155123614
21.49975239674392,21.415999713550015
8.833037507720237,14.226740191713011
6.195645521163109,14.550081150875767
3.416368522671006,4.437676289420387
3.9421776845478935,3.846133529024293
2.9684570144055025,2.250578317845636
29.20883804521402,20.71769126278137
9.879091713358894,4.847808600860664
3.4108044045559036,3.650537409902774
3.5026123534550395,3.8156284445226634
11.158838879831713,10.898926322593905
6.523928489953981,6.504371366736836
9.428398146035805,13.730408352520534
44.49903462550706,36.78743286239333
21.413508565959823,7.828705279302452
9.79006582351729,6.207211135567808
11.7820201087229,14.3579981819151
8.574306015368109,5.244306620833561
9.79562994163239,7.215683641719669
74.32270772243957,62.26837960661583
2.1060187065651013,1.795599955099425
4.223165649360393,4.202273566454137
4.415127724331332,4.192402766415319
22.715512204893063,11.818066291689547
0.9820668473150357,9.8712682520666
5.447271634682269,5.920877535415528
6.771531746075916,10.398123958845389
5.405540748819022,3.9865721589645937
3.046354668016887,3.3230225210150257
12.407983396671524,11.12608703897664
13.159139342209944,7.364506061150034
5.847888138969412,6.779184733335664
2.3452757855143718,12.941693746771454
3.622240892929669,4.128521653085968
5.338771331437821,4.673746829789215
22.08120273977181,14.538246380173899
19.31027191845233,11.649111002360415
3.4469711723040466,3.3277540644972166
4.081280637425371,4.8345891053305845
7.372456502506621,3.114840293183881
5.249745441596222,4.678698501111974
6.810480572881602,8.24875595395335
27.15846051979993,15.277924795513515
4.175870645382052,2.6244816483261135
12.305047211542206,12.281272681095073
6.501672017493592,6.446946775749072
4.751756870294831,4.840678615296483
21.502534455801374,13.697382115623622
44.63257346026943,4.383342886829485
8.657767787094617,14.448211860961276
99.06077686217137,68.48354315367976
5.989773150904486,5.810658048258664
9.500731681532136,27.42133264580933
2.9489826010026543,3.7432307888774434
2.1004545884500025,2.8508780454599774
3.544343239318287,3.5093114269141514
3.1659832074915477,3.2170991605418497
8.387908058512274,11.347334278885784
5.706003127034378,15.141878008434468
2.99905966403855,3.0418920127520725
3.625022951987224,2.757599743126093
32.135564173756265,14.249951273331916
9.514641976819869,14.140305342482884
4.084062696482914,8.830919081541506
13.835179693194489,16.224642785023224
6.802134395708963,3.8081483117121246
5.85345225708452,6.446594056040573
1.8027742692921895,2.2910081776491737
12.099174841283501,14.74887473209772
6.640774970371074,7.342264172763566
7.739688298103196,5.853296886754037
38.122555265603246,16.564770245653715
12.652804593735866,12.702391855671317
5.483438402430415,8.715493088478967
3.1075599672829886,2.8699903342560913
6.429338481997278,6.4183198161395145
4.5653589134390185,3.0970726738104766
6.420992304824657,4.427182580796607
4.306627421086865,4.168749353834788
3.886536503396887,3.4991768112327724
1.4744913005013316,3.69353250287365
3.1465087940886636,3.0609753725689024
2.275724309075638,2.4272914618398693
5.15793749269709,5.271236625907856
2.0253389938961646,1.7853646222697699
2.211736950751992,3.2170991605418497
1.9474413402847695,4.642911600408867
5.806157253106164,5.736422861773095
4.838000701078872,4.637307149736176
8.404600412857567,3.9270255175418898
5.171847787984844,5.631897105864752
8.296100109613143,8.887317689845316
4.6571668623381575,4.688652314478509
16.375199612737386,18.385523828689625
3.586074125181526,3.4995492258491394
2.9684570144055025,2.2160781592037018
13.88525675623045,9.097448853338735
5.483438402430415,7.16169368271791
3.135380557858485,3.220252621992134
4.159178291036759,10.145874267021174
6.40708200953691,11.967862869531377
52.66716001847289,46.2895945767397
21.062969124708633,19.372079075821798
4.473550964539864,8.752839332881484
1.74435102908364,2.2451520484727734
3.555471475548479,3.298826143463116
16.875970243096287,15.495432484371126
24.751979435019415,18.921916263912493
6.034286095825239,6.273133422931167
5.372156040128423,5.5247682227649015
2.4982890336796073,3.176744572128314
5.349899567668029,13.232582078653126
4.751756870294831,4.609489576502016
28.571746521035113,15.988553392238103
42.2121820802012,32.731422683105315
1.076656855271718,3.755667996587607
7.556072400304922,6.0442841570424015
17.749536787166814,17.069662387984504
10.955748568630579,11.154635591739384
4.248204180878349,4.631863669610391
9.826232591265443,4.767569475857294
2.6206996322117755,6.527766686543391
2.8043155300100646,2.9065976575881844
2.3118910768237777,7.76590702747208
13.353883476238419,14.261921749319127
16.553251392420677,16.547686830010406
32.986874245366465,5.629630743029879
1.7749536787166902,1.7220892851435516
9.16966665368372,15.350331746355135
22.092330976001968,12.418018856585697
3.5638176527211254,5.05549416872221
15.804877505939706,15.936211076998251
7.205532959053654,7.0013224620053105
8.688370436727647,8.04956414326387
22.49016542123156,15.70138882763843
5.6754004774013245,3.699636013949036
15.980147226565284,20.93876943431453
62.93295794083126,76.54848351660169
40.782203724620636,44.82648419033551
8.521446893274662,9.926375638859378
9.809540236920098,11.663888348212613
2.540019919542855,2.4251220620566993
29.20883804521402,20.062812085488304
21.42741886124757,14.096586831876442
4.6043077402447325,5.234209723258787
10.34369557596969,14.491900005447476
7.097032655809221,5.548211421765863
2.6206996322117755,3.107559912045446
29.336812761861307,38.53134833711817
31.20079233041957,15.306655376790635
6.123311985666844,6.51660556919403
6.880032049320332,10.76996474610031
11.442608903701807,11.442606975943557
4.451294492079487,28.682525758129128
11.453737139932024,12.749673295453185
4.189780940669807,3.9701098484826387
2.5956611006938517,2.768293130880261
2.4565581478163634,2.1857026760613105
5.586374587559757,4.998571283875396
5.377720158243515,7.241674692290669
10.919581800882556,6.0687163936924895
29.2310945176744,20.740557209663336
126.92588038258897,119.53088664328895
4.0784985783678165,4.147122504758419
11.962853947463584,9.839256653881803
5.6893107726890895,6.710300399911473
4.965975417726172,4.164545992179932
13.812923220734096,13.589539485191665
3.268919392620872,3.6284180722705486
9.720514347078517,30.066793100473983
1.9390951631121178,1.8498128876887716
3.1047779082254454,2.717216732873997
3.8448056175336487,3.5660062521506646
5.700439008919291,8.479499514921383
4.109101228000875,3.0785677726036527
6.6964161515220635,7.3341006387344345
3.4108044045559036,3.496895386222236
21.360649443866432,14.20961826610231
3.327342632829413,2.91714614506091
15.281850403120377,16.008997066632578
21.719535062290287,14.773881000374285
4.737846575007081,4.417480881261152
7.124853246384718,7.055992216192281
93.93344201910716,151.44699984680972
6.501672017493592,9.493548199219045
4.426255960561532,4.960488796002782
1.8973642772488768,2.0160601998489076
21.880894487628197,14.954723370348162
1.3520807019691368,1.428595693299153
5.146809256466899,5.422060539418308
8.479716007411383,9.631215172585428
3.0185340774413976,3.1268429150819186
12.213239262643086,12.259414896543452
13.164703460325077,8.959462136539658
21.424636802189998,26.23512419935367
122.44676529993349,45.205796852298214
28.268502083762193,10.131152737505548
11.948943652175805,11.859759433575423
28.93619625757416,25.27088142396489
2.770930821319472,9.254821136717968
182.83413920310713,198.38065902257503
2.8543925930459686,3.2638318744610877
38.473094706854376,17.4908267032776
2.7152896401684754,2.7162166924741182
6.134440221897019,7.773150307737047
1.972479871802721,1.9621412318883378
5.299822504632127,5.340635070653805
9.970899662258015,16.15325047857174
22.209177456419027,48.2957237128794
6.251286702314126,6.205571742954984
1.7248766156808015,2.758289268324271
10.21572085932238,11.188134115076855
13.879692638115312,35.18568917064703
5.338771331437821,5.594856584245734
3.4469711723040466,3.3474793908645015
5.36380986295575,7.475057480749952
33.93277432493346,21.443283922894796
2.9489826010026543,3.276209601715675
1.808338387407291,2.306672663471955
6.565659375817229,8.229051611036748
30.07962253022712,38.81203516473744
6.654685265658831,14.305353013437657
24.854915620148805,23.447240612334898
4.704461866316506,6.761019638926678
8.582652192540731,14.172748567423705
1.9168386906517103,2.7717005954278484
7.372456502506621,3.114840293183881
22.07285656259914,14.532732431247199
4.401217429043577,4.293440449987856
35.25425237726945,14.95879113368994
6.395953773306704,6.508134767572074
4.340012129777486,10.007570761739217
20.35910818314849,5.5923795598286965
12.88649755457008,7.806783193829521
7.611713581455901,5.341409775617665
21.527572987319438,12.80053614303262
2.8599567111610646,3.1483585683237956
11.832097171758788,11.959701029447956
7.330725616643402,6.305737466060749
3.2271885067576243,8.341911914253522
65.81238906539504,49.9959528607307
12.519265758973502,5.059201485229412
13.150793165037296,18.854378225898877
3.252227038275563,2.503975006665982
3.510958530627694,5.890662394795989
3.396894109268156,3.368448423243086
4.818526287676022,8.948388419891971
13.492986429115883,8.298875786368708
5.149591315524458,5.662405506952301
76.55948320470947,72.24001161305821
44.58249639723355,4.346798999589952
32.413770079511266,67.61114152959492
2.1727881239462894,3.4232778286535326
21.691714471714814,9.472979533369053
5.171847787984844,4.0161632134009295
5.817285489336378,6.0009779225513125
31.453959704656633,12.692537588836633
21.580432109412843,8.496823453898855
6.334748474040604,6.2677538163063025
9.778937587287114,9.910391948427081
9.230871952949832,12.915879899311646
3.4859199991097536,4.294052749116341
5.132898961179148,3.246306660287321
198.218925791357,54.5610048011559
6.1566966943574375,10.265283161458353
4.924244531862911,4.776157926102984
5.82284960745148,5.80559719610197
21.34673914857861,8.414436993403426
4.682205393856098,6.577444450512341
11.854353644219188,7.141557287719965
3.7029206055986226,3.751192820958864
31.00326613733352,14.83655452152397
4.270460653338757,4.352655843545813
5.931349910695912,6.2479978559205165
5.007706303589419,4.820154526172463
4.682205393856098,7.268651972605687
4.904770118460071,4.520000521511808
27.76773145340334,23.948485233702513
2.932290246657357,3.020232910823376
45.28913939785104,10.749315571990241
1.8389410370403272,1.853692465364954
5.667054300228707,5.928088228643753
4.58483332684187,9.173259561854614
20.76807086460831,14.172748567423705
28.605131229725718,13.308458578727404
5.305386622747224,6.658916844083502
166.04163073173677,161.91808963063983
9.48682138624438,8.872702730887244
6.412646127651998,6.3440156981929645
21.786304479671507,10.755641040008861
7.330725616643402,9.853679585783796
7.2250073724565205,6.007067873909441
3.074175258592393,2.928833599307392
2.517763447082449,2.5148756788770106
4.476333023597427,4.886479155610625
6.2902355291197996,4.891412021073538
4.081280637425371,3.842454958766972
8.37399776322452,8.984498039751983
29.20327392709886,21.4327969668557
12.199328967355283,12.06567312713197
7.044173533715778,6.669326699645925
3.0686111404772936,3.0133581108944236
2.5094172699098136,2.6852237580069986
4.225947708417955,4.847989927348624
3.7418694324042994,3.926970551922515
6.888378226493026,6.718005321647456
3.933831507375252,5.7369440208054625
3.605548538584387,3.491331025533396
5.046655130395108,4.3001749279369
5.761644308185336,6.119607150142242
14.483399453603612,28.91512463682887
10.900107387479649,15.755340186330026
11.812622758355896,8.00156436728502
7.188840604708325,3.2198691366806345
11.520506557313215,10.730751533588062
34.12195434084666,10.466448203838743
29.57050572269555,11.5837451058954
15.042593324171117,10.832966919306152
21.28275179025498,21.571998557066802
4.957629240553546,6.483155076238866
5.580810469444649,4.714019463140158
17.41290764120341,23.606672453237934
3.0018417230960956,2.9135607087646758
5.814503430278813,10.589627656542701
7.066430006176179,4.712381727900605
3.0686111404772936,2.6400843405981833
6.743711155500398,8.322823964105998
7.277866494549943,13.016581585003038
9.870745536186257,9.672666079967344
5.36380986295575,5.314057726295079
6.1845172849329195,9.772710898533921
7.917740077786386,2.225698599015289
16.13594253378808,7.472649731988299
27.76216733528824,23.221614803862014
3.586074125181526,3.799162024375522
9.339372256194245,12.367129903117323
24.340234694502133,8.283719807131858
6.996878529737446,5.807843398347931
4.757320988409931,9.183761575926027
4.050677987792326,2.059858805277096
7.7842012430239516,7.327986518526066
4.095190932713125,14.284445253908395
6.2902355291197996,9.458037439206057
2.506635210852258,3.647286486167581
6.354222887443442,5.883491403342457
7.436443860830289,9.179727584831621
16.87875230215388,50.23208446666794
19.438246635099595,19.63945617360321
3.8921006215119855,3.8047947029009133
2.576186687290993,3.0539476956690637
6.034286095825239,5.1607664950377234
1.4744913005013316,7.393774727511547
3.0185340774413976,2.795800163702255
28.791529186581652,13.829176408822615
11.962853947463584,12.135491030071345
10.21572085932238,11.302590211606534
21.677804176427102,13.852609694917502
32.858899528719235,25.815356426986494
28.026462945755455,17.188540828638533
8.4908442436416,8.388442418442288
2.2479037185001505,8.290691380312955
12.828074314361485,5.764366165316572
6.5990440845078275,7.776751152532572
2.954546719117755,3.526724016414175
5.692092831746654,3.9359735466545267
14.08834706743148,18.600724650931333
10.1684258553441,17.83623118306146
4.960411299611077,5.7287871160099915
35.73554859422555,22.856526291265773
3.889318562454455,6.4023780277433255
6.159478753414985,6.213431327260854
8.4073824719151,15.787168528219537
6.134440221897019,6.178856129060482
7.722995943757887,8.569928007771344
61.01890130923692,56.310830178497014
6.821608809111813,33.02075089908986
1.9669157536876145,2.4437939677132023
30.82243229859282,21.011911990694625
3.5026123534550395,2.146008158660513
3.2299705658151687,3.2954323507342216
11.150492702659115,14.357521003090696
15.696377202695308,11.087300155681197
2.7848411166072222,2.7848411166072222
4.3956533109285045,4.32701994484205
5.383284276358612,4.80853855057668
5.043873071337553,4.741904224362047
5.213578673848112,5.346200008411242
4.94650100432333,3.2419788756753
7.703521530355048,7.116422237313926
1.9863901670904736,3.2262547977294016
7.291776789837695,20.18671431779107
12.024059246729747,12.092556644722324
2.2367754822699384,2.2105434105296853
5.71991342232214,5.569323569475641
13.253729350166624,11.26225308996749
7.8008935973692894,11.068461816102866
2.5650584510607968,2.959973812659058
1.1016953867896677,8.986633439473263
4.646038626107946,2.769177145064243
7.102596773924319,10.258418177888386
5.731041658552325,5.580663175778883
20.52603172660153,7.595005015310791
17.688331487900815,8.700548341555987
6.468287308803026,6.47537799829345
6.031504036767702,12.05761009056204
3.2327526248727114,2.8178472408131414
3.2633552745057766,3.7708232369650982
31.623665307167073,9.745229583177682
4.467986846424766,5.868942544898575
29.306210112228168,54.94777705931202
3.5276508849729855,3.479907606075994
4.799051874273186,3.746811034711462
29.055824797048853,26.73464465629588
4.178652704439616,3.997271197687027
5.778336662530669,5.829610042338914
3.5832920661239784,3.694631807360033
1.2463624577822519,5.618484610912514
5.936914028810992,8.103659991447108
12.327303684002594,14.95117120164546
5.575246351329539,11.321659297758677
1.363208938199342,7.393774727511547
22.712730145835472,15.765263346205803
6.643557029428608,11.708240830009741
8.549267483850146,9.172335387069522
21.179815605125686,17.21141443380233
14.978605965847384,10.083689112264944
6.1260940447243675,7.598479419320953
14.004885295705126,6.16055310183712
9.219743716719659,5.1497533089629925
7.592239168053052,13.068418833803827
3.1103420263405432,2.915969515977567
3.7140488418288267,3.6884704429969077
3.3468170462322537,3.775092250338726
15.15943980458822,14.577894221567847
11.270121242133758,10.11105152633781
2.1588778286585493,2.97445752708234
4.632128330820206,4.622742499172274
12.438586046304666,12.418356755245508
5.4695281071426525,5.580663175778883
6.137222280954587,5.138756253209225
2.464904324989007,2.414629407410132
4.000600924756435,3.949747423183155
4.721154220661803,3.8156284445226634
21.555393577894925,10.661743286267182
7.2500459039744625,6.131679664348713
8.938755751907086,9.892112333898062
5.811721371221266,7.200344308350903
2.923944069484706,2.7540631967355123
30.599867573988895,23.257946091879635
6.557313198644554,6.674012901150614
6.14000434001214,6.910381191109966
3.15207291220378,2.676644411668785
7.327943557585852,5.9406936641802846
7.642316231088984,9.117826570640322
5.249745441596222,5.210047990414823
2.993495545923455,2.9004380653247264
6.846647340629756,5.240442064557056
9.837360827495631,11.885462303275316
7.252827963032009,21.175117922868083
6.265196997601855,5.705444602759736
8.802434858087183,16.68793270673229
5.085603957200804,5.5289746425085635
6.095491395091325,6.016220809191886
5.18854014233016,5.43850874280992
2.6930331677080916,2.6668350465936137
21.45802151088058,21.4635856289957
12.572124881066967,5.947294656991535
11.790366285895495,14.540976063642294
22.49572953934669,17.429299062769324
5.995337269019562,6.711331430573928
21.833599483649774,42.072638558106284
11.214480060982668,14.981733971067891
10.421593229581115,5.32711403248186
24.451517056804047,32.29165678930361
8.287753932440491,6.771810996923452
28.702503296740023,37.626651791676494
22.334370114008838,10.735864123142296
1.85563339138563,3.1074554427032566
2.8655208292761585,6.694779972626981
5.541861642638969,5.338616775448909
9.111243413475195,11.081474230132303
12.343996038347889,12.453361840324419
4.568140972496559,8.290691380312955
2.4732505021616626,3.474397390700884
7.659008585434239,8.56992884283648
47.592684297502224,42.587696361508904
7.2250073724565205,21.34353084792149
37.930593190632194,15.177041300992084
3.449753231361595,5.633654188198649
5.110642488718756,5.189742685246018
4.376178897525632,3.830943995033949
4.342794188835048,5.152225005086596
4.178652704439616,2.8882266902149865
28.922285962286402,24.242413961897213
6.384825537076511,9.251195384225475
8.201510101656437,3.4800153189170935
153.02159434240568,220.63958379522862
3.3802017549228567,4.302384381365894
18.26421771281354,16.139906198181922
123.31754978494693,132.66715914348697
10.571824418688792,4.773843045620745
6.6073902616804565,6.85940470689848
4.056242105907421,4.1444771402951694
4.762885106525036,6.160431412125492
15.587876899450851,15.60959816180157
5.447271634682269,5.449866733835494
50.96732193430994,71.01701044118626
12.460842518764995,12.62404674315339
11.492685966737767,8.008806279074781
21.3968162116145,17.593596671422734
4.899206000344973,3.155752913537759
7.5282518097294355,9.6155412379913
12.694535479599217,9.30327744887307
3.3941120502105964,4.3522984086927785
3.7696900229798254,4.08242464824802
5.516823111121007,9.932660539941995
54.86220461487965,15.148452340116748
6.526710549011536,10.291574601310597
8.143086861447891,11.632030536300295
15.899467513896372,17.81732314415558
4.843564819193977,4.8678682166491285
6.930109112356252,7.309327828481027
3.2717014516784144,3.3194426481410275
4.028421515331918,3.6393058755946464
2.8432643568157876,3.31388801301088
5.138463079294261,5.098749345662642
2.9684570144055025,2.8314966072806844
12.369034569865821,11.984949674031663
7.695175353182409,7.652036731831198
2.759802585089282,2.7381621662805267
29.873750159968374,33.48542669360812
7.369674443449095,7.156992066170219
1.980826048975372,2.1316468632504417
26.24038103080854,25.451431092224563
6.348658769328373,6.4745290758028515
2.6429561046721948,2.868314579584727
3.082521435765036,3.592636362200804
15.526671600184676,18.349585492534633
5.566900174156906,4.367213357370333
5.917439615408179,5.776273622975441
3.613894715757044,4.041245679104547
4.915898354690264,4.764195107768154
3.4386249951314007,2.8863457479382655
29.03635038364588,20.793065112148827
4.45685861019458,4.506544872334826
2.4315196162984147,2.8179776811297956
4.384525074698287,3.1361850408170175
27.834500870784513,23.13176236364217
31.451177645599245,34.67564035396918
2.214519009809535,2.228267996896425
4.821308346733595,5.472969749065859
21.850291837995112,6.080337121573663
4.913116295632718,4.637307149736176
8.01789420385816,6.763021983259927
2.6485202227872895,3.4560591757406147
22.36497276364181,17.982162984480002
3.413586463613468,2.9267744687938975
1.847287214212983,2.2895796738963736
10.0710537883298,1.6402334219275132
28.129399130884693,24.41049073347835
5.942478146926108,5.981030826568487
5.324861036150086,4.201954903132946
3.096431731052788,3.05257235250267
5.402758689761456,9.51599888708641
6.1205299266092785,7.156034370216879
3.032444372729144,21.848813786870135
8.590998369713379,6.193928011486032
8.629947196519097,7.5894859668835375
5.800593134991071,21.57080723263065
2.9628928962903998,21.713884140699506
14.675361528574511,16.905244829943264
6.604608202622932,9.90314655636147
3.3718555777502006,3.165534144357581
10.58017059586139,14.930074227033503
9.670437284042665,10.69631464373946
3.981126511353584,6.05850081569821
23.744874056186518,16.948251301340093
5.313732799919861,6.42409451209281
21.199290018528508,21.265593510407648
28.93063213945917,14.526630774233068
9.650962870639807,18.3597254123699
21.343957089521208,7.3341006387344345
6.791006159478717,9.666109555827513
4.356704484122796,7.03049037163108
9.548026685510493,12.556464855974966
12.61107370787268,12.791740087891295
2.192262537349127,2.9087312092441024
6.309709942522666,6.244092678156371
7.244481785859363,9.428397174249
19.47719546190528,5.499748316904991
7.575546813707758,19.699325827502935
10.482798528847189,17.250604211574164
3.0268802546140456,2.932596251033666
8.860858098295695,4.559029289570752
1.9641336946300632,2.6223778104313897
6.952365584816625,6.508134767572074
3.138162616916043,3.1175893002611366
1.47170924144378,5.343930802321432
62.73264968868761,60.30825982766751
13.267639645454388,14.286422268129897
4.320537716374637,4.145752139217158
8.081881562181813,24.54347595160451
9.884655831473994,10.009221033292116
11.901648648197503,12.561024453921757
12.828074314361485,12.600963290501275
4.117447405173523,3.7683773432444703
4.159178291036759,4.132162284268213
6.4738514269181,5.2391613919275075
32.032627988626906,10.1483750705474
4.515281850403116,6.185391943760045
4.284370948626502,4.240691820511629
6.10661963132154,7.649268375122446
12.652804593735866,15.18781165995338
6.779877923248541,6.119347509520649
11.893302471024903,11.570869386216394
4.996578067359211,10.54591252058506
13.134100810691988,16.457433300103233
2.086544293162251,3.0034577635111503
8.148650979563033,5.767269408720405
6.518364371838878,5.26221025164749
5.864580493314709,7.740097704032726
2.6206996322117755,3.3210945668747827
8.059625089721417,6.301065471722919
3.6611897197353693,3.822194938255844
2.6985972858231797,5.326407790062448
17.538100298793086,24.74718032279215
19.11274572536629,15.924943945379
22.306549523433226,8.941726242044007
25.614417742859786,6.624011729149511
2.7514564079166344,5.452706398377586
7.684047116952188,4.956952873767685
2.871084947391263,3.3371788888015734
8.051278912548756,9.52963812439249
21.811343011189404,21.763658800508093
2.4370837344134997,3.505392316009156
2.9350723057149044,4.145932225518812
7.53659798690207,6.219735891409244
10.902889446537186,13.565964916230948
11.545545088831103,8.115582390175105
7.166584132247973,11.051108019498315
2.14774959242836,2.174438932678433
4.351140366007669,2.4626026389834683
9.71495022896342,10.035996119491443
11.381403604435691,9.19903213898123
46.60783539112966,6.218409948064764
14.789425949934158,15.369710680556757
6.944019407644004,3.4328258536483247
2.153313710543451,2.3462810889225616
22.19526716113134,20.836612939641007
2.87664906550636,4.742592732161779
5.845106079911854,7.215905571760121
95.14085565008364,18.27658643446549
1.6497610211269536,1.7899180788242013
8.223766574116826,13.77093221766358
2.971239073463052,4.6001295198068455
4.234293885590605,5.565315993494449
6.690852033406973,8.727644721012288
5.399976630703917,4.783081375616458
90.56158644135698,16.020897811730876
1.9780439899178186,2.8047748132417083
23.644719930114736,21.974772010538125
4.509717732288023,4.717244243090709
7.514341514441712,11.26225308996749
11.56501950223401,15.200428331899626
5.867362552372253,9.242191383455955
5.530733406408754,3.3226424570220083
9.453436677553842,11.475465259419439
7.019135002197824,5.034151040666876
3.6278050110447695,4.464363433937048
21.274405613082408,21.366070210073577
3.9115750349148413,4.207377694913996
8.757921913166374,18.35938728036121
9.28929519315837,6.851157738417988
17.371176755340198,14.20096941935048
12.113085136571282,13.852609694917502
3.9699982751233813,3.478423251092068
3.274483510735964,3.226169985548333
20.08646639550862,8.196950144123175
16.558815510535688,6.4878051142225
8.755139854108815,8.248390643957643
3.9393956254903415,23.33484483727597
2.996277604980994,3.975605159081147
4.123011523288613,4.055801563521211
8.426856885317994,9.097448853338735
3.9421776845478935,3.5333261292833655
80.96348269281056,32.84892214093094
6.471069367860535,5.07541560558824
3.4998302943974857,8.697214345959534
6.153914635299908,3.018403352557916
21.65554770396659,21.71290128183227
28.287976497165108,22.54552527153679
3.5916382432966163,3.2511761838078264
8.613254842173777,10.125061918242292
4.529192145690873,4.173552183783045
65.72336317555353,31.386431127480243
38.99612180967387,17.88505722784173
14.922964784696378,10.958840155842903
4.38730713375583,4.6393129428612
1.9224028087668197,1.9424291492954453
3.05470084518954,2.9252548291708043
4.559794795323913,4.800724617666657
5.494566638660604,10.02982802188931
7.597803286168151,11.631472375143574
18.60641097689223,16.556906464704173
4.659948921395703,22.253378361175535
2.7486743488590846,9.932243465720894
11.036428281299582,13.562854332426982
1.863979568558283,1.8498128876887716
57.51907101483953,74.22860324738951
18.283692126216472,15.519631456241001
11.862699821391798,23.09329962708171
1.3548627610266928,2.11852622064521
2.9128158332545113,4.846591154079995
2.4760325612192093,2.4834500701251963
8.568741897252988,14.254592622029323
2.6012252188089438,2.6641005498544303
6.028721977710145,6.115547665241655
16.889880538384084,24.26629987502634
3.135380557858485,3.12887240134246
3.0074058412111837,3.7060733829726513
6.251286702314126,7.2295226934664285
15.729761911385879,19.439503986512744
10.268579981415773,10.749773982816826
2.3758784351474187,2.349450419403909
3.1882396799519324,7.407165048609904
7.453136215175584,8.021068714436778
11.754199518147399,11.291731091847302
10.531643278823516,27.5705244054928
11.651263333017992,14.090673112866954
11.100415639623213,12.941758889924134
12.321739565887539,5.241152259718464
69.46245054890036,60.47729114031824
16.6979184634131,23.90703091764706
3.029662313671587,3.027806527894824
6.10661963132154,6.982566526386281
6.601826143565404,8.289992816440504
6.384825537076511,10.061008658366617
3.8030747316704,3.7896932651574264
3.366291459635103,2.4657041908895336
28.838824190559905,24.211348136976444
4.353922425065248,4.915796976565557
4.609871858359808,4.209324278306989
3.2717014516784144,3.2633023297431167
4.785141578985444,4.624309763798632
5.397194571646375,5.504733924151144
5.630887532480552,5.597486302521914
3.1409446759735853,2.928833599307392
3.0992137901103343,3.2075206954591686
3.544343239318287,3.5495081600312623
8.507536597986897,6.266838835562337
5.658708123056048,6.214500153625094
4.270460653338757,2.4421143950412296
8.546485424792618,10.069509632264303
8.540921306677493,8.516759013972242
7.695175353182409,6.109670129971447
5.021616598877162,5.353620679752855
5.522387229236105,9.744084015876366
11.272903301191299,19.515584879584175
9.036127818921328,10.272248664108051
13.5068967244037,9.828527076661619
5.864580493314709,7.874055012455145
14.942439198099311,17.537488077763683
16.18880165588152,13.158402376303682
6.532274667126623,7.209989828273658
12.474752814052708,12.390713254838797
3.747433550519417,3.777882854670181
15.877211041436029,13.239079628560944
4.6682950985683584,4.734544816468352
21.44411121559288,17.44028032847492
6.095491395091325,9.55589608731387
24.49324794266743,7.916473168618896
50.8449113357778,108.19053640540336
5.934131969753452,12.322122430188903
12.399637219498924,9.857373498587046
6.546184962414393,14.172748567423705
2.0976725293924496,2.207490223380201
5.839541961796742,2.9741757667435187
28.21007884355369,8.031376204496759
17.3266638104194,17.25592638893336
10.30752880822152,3.642748982556309
21.42741886124757,13.738185945417852
5.8284137255665724,5.2778113715831
6.3430946512132484,8.96001129045211
2.754238466974179,8.671226783402302
6.43768465916994,7.3043107913335135
143.69891444055597,53.476731018875526
3.00462378215365,3.0250140608127056
120.28510541221803,145.17426078430546
4.345576247892596,5.7520436897150695
9.16966665368372,8.051809109604184
2.6874690495929787,2.600551054031919
28.80265742281177,12.547316869407988
3.780818259210011,3.7488436565898504
3.8754082671667076,6.394068596336453
18.317076834907162,16.688877618083577
10.535657650940593,14.888391804112972
2.9378543647724573,3.3061669168204637
37.44095079650354,20.357461877112534
3.9644341570082795,6.203306556074413
13.451255543252685,17.604739262926486
3.97278033418091,3.1594274471613457
6.33753053309815,10.359233911647749
30.549790510952967,20.82470566683782
11.139364466428914,18.098328777209804
26.57701017677198,5.3264376250674506
44.07337958970176,50.34355782559739
9.069512527611957,16.25379641926391
84.85280125526539,10.799125665228804
5.728259599494783,5.628023898786524
23.180116067503928,9.678358532966609
4.373396838468096,4.440762338330794
5.4973486977181425,5.229635023604809
4.159178291036759,2.8882266902149865
1.38824746971729,4.705733295228417
2.1727881239462894,3.0272867096656064
11.069812989990236,39.810824665481086
22.43174218102302,10.578558800311917
6.482197604090734,11.38472263338038
9.588894298448226,11.830222634031218
3.1465087940886636,3.0812432314908094
6.932891171413794,5.883491403342457
35.83570272029725,34.94094859642416
8.312792463958461,9.078121042176528
7.336289734758496,6.290688359762812
3.9393956254903415,3.489728884519454
13.334409062835599,11.849887645847414
13.821269397906777,22.51854513863127
15.440427769400694,12.861906652787024
3.1687652665490815,2.800576013609226
8.769050149396582,6.822780160894013
21.975484495585007,12.95822424873282
2.1199290018528454,4.347065173934117
5.575246351329539,5.566291503945556
5.458399870912468,8.982222717702706
6.788224100421192,4.414175825418909
30.939278779009907,26.454063537566554
25.517045675845644,34.11760060772936
3.9922547475837806,4.012828647590315
8.087445680296918,14.773881000374285
24.687992076695778,17.33960971403875
3.9032288577421914,3.7996936886348354
9.612014043834076,5.925366595041539
5.085603957200804,4.840678615296483
9.77615552822956,7.575428971386589
3.352381164347359,2.583086190024853
3.05470084518954,2.476359750282941
3.4775738219370873,3.6324111331127966
16.51708462467239,13.771965247019654
3.95330592077809,3.943098619445596
11.7375071638021,11.738434029663322
5.369373981070868,5.324402650050114
2.8488284749308748,3.5212918277381653
10.69145295816342,16.49366229930419
8.877550452641017,8.984204330268387
78.26210334792978,106.91812639591686
6.354222887443442,8.593074563723228
70.64482564835888,122.33341739952475
0.901387134646091,1.3073059524113495
4.356704484122796,4.34703974737885
8.930409574734457,4.845227882811782
4.537538322863521,7.886392461309261
5.878490788602468,9.728227680041332
2.0921084112773536,2.4264725531870672
22.398357472332293,10.578558800311917
12.538740172376382,6.920696952095093
3.555471475548479,3.419080897508589
24.192785564451963,27.185276860329036
18.976424831546286,1.939740632502724
38.65949266371042,14.769917255302639
2.5622763920032505,6.936566384225991
30.001724876615743,7.128259735911995
3.4942661762823923,5.243019016180293
4.384525074698287,4.222831334930689
158.0905059452602,294.91888518601627
6.028721977710145,5.099207101122564
12.878151377397451,14.915603286594582
3.316214396599211,3.2419788756753
6.050978450170535,6.02682438738174
14.102257362719358,9.15754234677994
6.298581706292466,7.066089247547292
11.921123061600406,21.221191334360046
4.175870645382052,4.865597042357468
76.88498411444284,34.42370653110466
28.52445151705689,20.040346246302175
11.100415639623213,16.789520831690353
1.6720174935873489,1.6829198493334259
8.554831601965255,6.539911222211232
9.308769606561208,9.101815056048835
7.305687085125432,3.041802010922481
12.933792558548378,5.567642609515272
146.0469722851278,197.04383084087974
17.137483794506032,20.448687009018375
10.02654084340901,22.234359293720498
11.28681359647901,14.426392632907529
2.731981994513781,2.1840310803460166
11.704122455111504,10.96089246871086
6.295799647234899,4.825196502712072
1.2380162806096024,2.417498389604353
1.9224028087668197,1.93809420434197
15.084324210034293,14.391592408303694
12.444150164419687,9.550285905898352
21.36621356198148,21.254577918858253
3.666753837850459,3.6694071461637137
4.033985633447027,3.1129791273739236
8.994396933058107,16.047446609857367
1.8417230960978785,14.426392632907529
4.003382983813971,3.6103156308595326
2.208954891694451,2.052928743103316
38.04465761199179,19.205746693958226
5.5835925285022014,4.44013971218785
18.589718622546798,5.786404644321401
5.739387835724979,17.479097945556077
6.6073902616804565,6.495160379467544
12.332867802117736,15.426244718836893
12.193764849240209,14.822127611949172
21.026802356960378,21.16016535304391
6.752057332673048,5.2940212826924276
3.9922547475837806,4.0289202532431165
2.9100337741969597,2.9979684493255547
9.65374492969741,17.357793703599743
3.466445585706888,3.4724013524192534
4.5124997913455624,4.444768202551713
8.081881562181813,3.3375736209108915
4.682205393856098,20.599088701181667
6.6463390884861715,11.003517931422754
2.192262537349127,2.162358299560055
6.560095257702121,6.454576934480075
7.350200030046244,10.851231338497323
28.12105295371207,42.9134839151734
11.25064682873091,9.094709279107562
13.58479437801503,18.389086464601423
1.8166845645799414,2.130558550019
24.16218291481889,16.842360293980015
4.907552177517623,3.640738425795165
5.870144611429812,2.541989922797814
7.130417364499803,7.189988173161119
25.46418655375221,12.896660620277643
12.714009893001995,12.938673970842657
2.723635817341128,2.5643246571041076
15.19838863139389,10.993046818520567
4.365050661295448,4.342031923609125
16.45587932540632,14.171240901261676
11.623442742442515,12.938673970842657
20.723557919687497,6.578532797592942
67.41763714160123,14.160214650723887
3.4052402864408045,4.302384381365894
3.630587070102327,3.5962978992323276
106.769862510641,48.06803149543104
6.660249383773925,6.192308325468951
5.814503430278813,9.70767721858909
4.417909783388869,3.251505359979471
18.66205215804323,13.64814658288225
17.07906055429741,24.223966899898546
1.9780439899178186,2.9617403356031184
7.0580838290034915,16.100807226907648
25.152595939306472,8.415570831479407
9.937514953567437,10.43374789935186
1.9557875174574162,1.9851080935033552
20.52046760848651,6.16888387757406
3.516522648742783,3.603546528719801
1.8250307417525904,1.8862191712351928
7.9705991998798185,9.517212634223739
6.944019407644004,13.019826050033643
12.70009959771428,14.434419813750614
2.821007884355368,6.196676989055343
8.287753932440491,12.188264997545128
8.802434858087183,17.16582500137967
1.930748985939472,2.1604008200790856
1.9502233993423201,2.7134273985315964
4.337230070719948,26.318539286584603
9.342154315251767,4.2719018846876375
3.3384708690596208,3.049388029352773
24.04255437534432,15.65726981144341
28.293540615280214,19.721675848430646
1.26305481212755,2.640355525707739
10.710927371566235,18.69582287264707
28.16556589863294,28.166492700564202
8.43242100343306,30.116404660489632
21.997740968045292,16.381642096335824
3.2327526248727114,4.835325689089633
3.1103420263405432,2.6159800331138117
3.2271885067576243,2.952878027184576
3.683446192195773,4.01055125220018
16.08864752980979,15.71529848930909
5.258091618768882,5.040546760327522
8.421292767202848,5.0375400616316215
27.197409346605582,17.531427378356618
4.682205393856098,4.7016407851252495
4.523628027575777,3.7250872257690495
21.4635856289957,21.4635856289957
3.352381164347359,5.6173173198932504
21.05740500659351,18.02374343387173
6.996878529737446,9.947294106141491
4.273242712396302,4.222686957447136
28.08766824502151,19.555399877179408
24.504376178897374,18.300881450437068
8.034586558203474,10.074548639998364
6.359787005558542,6.380105446650147
20.934994408061282,14.064780550328361
5.425015162221862,6.37788754656948
6.585133789220075,5.716733458611197
5.658708123056048,5.621998184894998
2.8349181796431195,3.221256102837695
3.1325984988009323,3.4690423628743265
3.77803620015246,4.3637673891844635
7.542162105017181,6.441845885423287
3.541561180260711,4.04124567910453
29.69848043934282,20.48580270547186
11.80705864024086,12.944666443387614
3.096431731052788,10.6010438417367
6.626864675083318,8.086525216191774
5.430579280336949,3.5656335511089594
6.345876710270827,7.911185548724078
2.6457381637297237,2.6452044582361203
3.1687652665490815,2.250578317845636
11.884956293852218,11.681744558315323
3.9894726885262353,3.096107411830056
22.12571568469261,22.211057960589763
74.8429527662014,103.7934299265571
20.61227555738553,16.98706704331163
4.270460653338757,3.9732215251061183
15.12605509589758,10.029893470729252
18.38106419323071,7.294030147748718
22.35384452741163,9.89940959333277
2.306326958708678,2.3016877098910453
3.7919464954402122,6.505612715163744
3.430278817958757,4.3496153840933065
3.6500614835051737,3.24983857031256
2.578968746348551,2.589667289530391
7.93999655024678,12.659712457768935
31.11176644057797,38.218307144892194
2.2534678366152394,4.9280580289053395
17.10966320393051,26.37291178681778
16.79807258948488,16.8008630175302
2.039249289183908,2.5186836662448644
5.4973486977181425,11.441161616243427
12.563778703894311,14.789023591475491
6.181735225875347,5.070209881084998
30.547008451895415,19.575339441704994
37.969542017437824,242.4594434158086
11.882174234794633,12.037930497301952
8.37121570416697,11.316965623428729
21.380123857269236,21.465150970805375
5.870144611429812,7.740097704032726
12.867023141167227,10.785574280608204
3.5137405896852343,1.43760270285991
15.532235718299827,23.606672453237934
15.587876899450851,5.846864516812002
17.482459117642087,16.024536455708073
12.115867195628786,12.20421984263444
8.941537810964638,6.044108073079589
6.234594347968816,6.321263746393288
32.2162438864252,22.108331002750692
4.248204180878349,5.591489265095944
3.561035593663573,3.558804031847771
7.834278306059872,8.871705540127968
7.403059152139671,21.43989567433789
16.508738447499827,15.631206172997675
4.932590709035565,4.980407348235025
6.5990440845078275,10.96792892900325
3.961652097950734,2.59052344759766
42.89656860835843,13.053459372857107
3.5638176527211254,5.088663350931947
19.09605337102102,20.470045130833988
9.759463173884248,16.48222221483368
3.0074058412111837,3.760272436817643
19.56900341080447,22.41411001535099
7.110942951096966,12.338049265438851
7.28343061266503,4.307154459444331
9.100115177245025,11.057235980437932
9.038909877978877,10.61622415310014
10.18511820968939,3.640231514744538
19.296361623164525,34.35663173489039
9.867963477128704,11.84317999338634
6.370915241788757,7.665234875171856
1.7888639740044392,1.7635860618712322
2.993495545923455,3.173052256823972
15.3541839386166,26.572297524158405
11.948943652175805,21.50413632848769
20.562198494349577,7.578247139522683
25.73682834139202,11.841629213678313
5.380502217301073,5.156364018562821
6.6379929113135585,7.594261329678638
5.455617811854914,5.083797946668468
12.146469845261915,17.81732314415558
7.411405329312346,12.970409699373725
2.6179175731542363,6.936566384225991
2.6095713959815936,3.9959020086455306
16.69235434529799,20.69695570942471
1.81390250552239,1.9494992290614932
3.944959743605438,4.7349486725463334
3.8921006215119855,2.511285885320839
7.820368010772104,6.272927867195487
4.117447405173523,5.1694516386392655
4.971539535841269,4.903526274017178
2.6290458093844356,3.746787437652766
3.4775738219370873,5.279350373622991
4.445730373964372,4.276600078111107
2.464904324989007,2.414629407410132
5.706003127034378,13.454614325363924
2.6262637503269066,2.794550007766224
30.50527756603219,24.13198149848581
2.5316737423701987,2.9331969015969634
9.011089287403395,5.364202707300417
22.22308775170682,12.685327915830987
32.27466712663386,11.643792651437831
5.614195178135247,10.258748133262017
11.918341002542785,17.63539239081823
4.993796008301664,4.152407970442769
6.827172927226903,8.649833678171007
4.223165649360393,4.596219580677737
2.3035448996511163,2.1348505233445856
5.374938099185976,6.043847705063345
21.777958302498796,17.99487773300027
32.83942511531626,40.013630993151565
3.4108044045559036,3.4544219442315485
4.359486543180341,3.120454932368536
11.78480216778039,11.653908510913631
15.585094840393305,15.832856949870141
8.257151282807403,8.021238371907284
8.69949867295784,11.713055741649088
2.484378738391856,2.395155188437901
5.283130150286838,6.210274794491905
3.655625601620249,3.1638754532526554
11.709686573226588,11.442606975943557
7.272302376434847,5.889399131948843
21.146430896435195,21.95521033023315
4.58483332684187,3.7892464057562374
2.2590319547303266,5.391195123526836
13.04785697990799,4.534961073896116
3.6917923693684176,5.020813656054025
1.2407983396671478,1.6811856274107813
2.4982890336796073,2.9595087379379534
21.814125070247027,2.4804526351463294
2.108800765622647,2.111821432962333
12.3634704517507,12.446414947003888
3.7084847237137155,3.610595495311726
8.067971266894093,7.452741754239072
36.94296222520212,19.59469263252581
12.577688999182087,12.309812172432132
3.819767086015702,3.655709755947757
2.6930331677080916,2.794550007766224
23.96465672173286,13.794345091950811
31.954730335015483,32.70360691901911
22.1424080390378,9.745229583177682
21.802996834016785,22.05050385585868
2.8822131836214635,3.408869534739733
7.558854459362465,4.2823924169193495
7.4809568057510605,7.582721502466324
22.331588054951172,21.53745595090066
17.93037062590757,11.68874764391051
12.471970754995223,15.002567297283314
2.6985972858231797,11.801736556435209
4.476333023597427,5.393665482416823
11.743071281917185,14.349121878505361
16.773034057966992,21.399542054208258
3.9087929758572915,8.556292096837112
5.758862249127822,5.818685547666875
3.043572608959337,3.1103388743323235
4.020075338159273,3.655709755947757
2.1338392971406015,2.10693986254283
6.482197604090734,6.476632351002017
21.349521207636297,20.120601867554093
3.4887020581673043,3.419080897508589
3.7641259048647115,3.3705247825292624
9.36441078771222,14.249951273331972
4.568140972496559,4.562575243460998
30.76122699932674,7.877971133759786
5.40832280787656,5.332979362382894
3.291175865081254,3.3128563002015694
21.897586841973506,19.507708108273864
2.4176093210106613,4.12575931607419
7.291776789837695,8.72107738082999
6.240158466083884,3.6723913569792375
3.3746376368077473,3.307441377037755
8.49919042081425,16.71194595605817
4.340012129777486,4.3844173896553595
7.362245928456562,28.365370257345226
1.85563339138563,1.7635860618712322
6.955147643874193,6.444304376819137
27.17515287414517,13.61504878200304
8.610472783116235,6.728423850085736
5.839541961796742,5.789261975460878
4.117447405173523,4.0482031573388895
2.667994636190138,2.660300673879322
20.553852317177014,32.67098109284493
1.5662992494004675,2.100367534243055
7.7424703571607285,13.057574856715728
4.782359519927883,5.950425765824721
7.748034475275841,5.6059166091161785
12.17429043583738,16.588747059754397
42.86874801778313,30.498763716041957
5.419451044106765,3.787145156050426
6.471069367860535,6.432532113378417
20.069774041163328,5.255535087899881
3.3440349871747137,5.769654657693702
2.6485202227872895,3.0539476956690637
5.864580493314709,6.061230953751096
5.558553996984242,5.820120543357645
3.1687652665490815,6.588272826954956
21.513662692031566,12.287990984938725
1.4383245327531828,2.233182299582486
5.77555460347312,8.373249937350076
7.027481179370476,6.711331430573928
4.128575641403721,4.7072789605926335
2.676340813362788,2.7012249258671535
4.957629240553546,9.988495849585156
3.510958530627694,3.146164302522271
8.193163924483784,10.230414468515255
3.0936496719952307,6.197319645135111
6.5628773167596846,2.868314579584727
6.251286702314126,10.077460201479864
27.9624755874317,34.081632908805524
2.464904324989007,4.598278689869483
4.345576247892596,4.504021858531539
12.121431313743967,16.522659929369865
5.89796520200533,5.952470744026594
3.101995849167887,4.90923181914708
4.420691842446446,4.662142298995598
15.824351919342508,22.932299380378655
3.0630470223621895,3.5354439823681583
1.7610433834289332,1.7638254424864923
22.12571568469261,25.451431092224563
4.150832113864113,4.062186722526014
2.7764949394345684,6.421184330650402
14.338732382611006,61.494773115992665
3.677882074080666,4.66159935232891
1.8361589779827814,5.554350837826328
1.8222486826950421,1.7802868920767472
4.868603350711928,4.911994269261102
2.8488284749308748,2.867553896847594
6.854993517802397,4.879691681043311
48.4495584872276,48.39425867291595
7.144327659787563,7.413575655850345
4.73506451594955,3.894582636309015
21.274405613082408,14.870662074486779
4.100755050828223,3.969996423859538
6.749275273615496,6.636760056077378
5.213578673848112,5.299706268940102
32.83386099720116,14.436602754593084
21.26884149496729,14.35812746763425
6.195645521163109,4.888909649873016
21.527572987319438,12.80053614303262
47.3033501555171,53.67394020397953
2.208954891694451,2.725910739062212
22.645960728454334,15.636313687343481
2.5956611006938517,3.2257046014498223
2.896123478909208,2.8298786154368347
5.74495195384008,5.569323569475641
1.6247224896090002,4.793503886678975
5.578028410387108,6.997069120693697
4.506935673230459,2.952183948010771
17.081842613354983,20.404341111680854
5.046655130395108,10.060593622945685
7.013570884082723,18.796310627279485
11.378621545378186,21.010042808592562
3.2160602705274246,3.563466636368188
21.822471247419575,8.756413811880511
98.70467330280498,8.426506351942885
32.24128241794318,17.13389164546052
2.2590319547303266,2.4386233511705333
1.7304407337958991,2.306144776975784
8.148650979563033,9.795168527144389
3.085303494822591,3.0222116017547433
42.62392682071865,27.568486795847107
3.9699982751233813,3.6094658676544724
15.212298926681557,30.1478337276789
7.186058545650798,7.101459741341023
10.997479454493895,13.596448851692994
5.516823111121007,5.56203415688514
11.893302471024903,14.410937120980075
4.020075338159273,5.1694516386392655
5.288694268401932,8.028037881551574
14.013231472877688,14.103396654135167
5.611413119077681,5.727911554287819
22.264818637569995,18.61369361943927
9.414487850748097,14.747691493808329
4.996578067359211,6.058165460122695
28.49941298553889,16.594286758281417
46.84152835196396,73.34458332875572
6.760403509845717,8.839878361298078
4.543102440978624,6.852421924155232
11.873828057621992,14.370400718680987
8.05406097160629,11.058104207905505
5.806157253106164,7.66055768199874
9.400577555460378,11.320639425837474
12.121431313743967,16.922876266331915
2.7431102307439854,2.874684625544401
6.507236135608684,5.797322782343384
13.020036389332521,10.545524223225781
4.2426400627632495,3.3297994075747894
30.441290207708477,14.20961826610231
5.878490788602468,5.911509312798889
57.30485246740822,37.842909824525044
16.78694435325472,20.631562740064805
2.670776695247688,2.6778832546625337
24.854915620148805,16.145412795472993
21.68893241265739,14.699968367083539
5.728259599494783,6.098318677553432
1.8834539819611336,2.4096464684600245
3.049136727074437,2.9367405597890945
4.526410086633323,4.53179444030856
38.70678766768849,16.4739365200289
21.39959827067207,11.045481740616877
21.03514853413308,38.246178299420926
5.41110486693408,5.654345921472586
6.092709336033779,6.200685358429462
2.2562498956727794,3.5011772793967744
6.128876103781918,5.866279357139069
5.110642488718756,4.951113853201041
2.871084947391263,2.918930791403003
2.759802585089282,3.7112295299134574
3.4942661762823923,4.04637038739656
3.8364594403609975,3.679281656746915
36.03322891338337,9.132952834769572
2.1616598877160995,2.9818938663495445
8.77183220845412,9.340810671513895
3.012969959326284,3.0476685666513297
3.574945888951325,2.8644368117192145
28.727541828257877,19.344394736496454
2.7180716992260265,2.806419945736488
2.4955069746220584,2.4851072004640975
11.798712463068219,12.083877867660755
2.0559416435292066,2.2672669725969716
28.680246824279582,26.660995264010143
0.7761944770563587,3.787058329915697
2.80709758906762,2.819138969288743
9.055602232324206,8.795985926385429
3.0407905499017795,2.958052091053908
8.47693394835385,12.678052527855721
2.690251108650525,2.755459257130414
3.0268802546140456,2.6283048355069734
13.868564401885095,5.750933614642905
2.815443766240271,2.139860641301157
7.308469144182982,11.341875733186212
2.9907134868659138,2.969466638958643
11.022517986011792,13.597147025953438
14.155116484812723,10.994051758565115
4.779577460870334,4.457002025671804
3.867062089994055,3.8808736166967717
2.2590319547303266,2.4386233511705333
1.4132860012352284,24.679737970492365
7.453136215175584,8.793194270473775
31.06168937754222,2.4804526351463294
24.89386444695446,23.116425555345568
2.6930331677080916,3.264212073658749
5.118988665891428,5.288757909493481
12.63333018033309,7.310662799036009
40.50677987792319,14.743655509287494
15.909347579330376,12.884671934020366
106.94791429032496,36.787432862393466
3.819767086015702,3.6818133522944185
21.046276770363335,18.255278620886855
9.378321082999937,23.478043131235985
2.879431124563913,2.866441049377587
21.75570183003843,30.099747372072972
3.2160602705274246,4.80853855057668
2.3786604942049707,2.158699909318721
10.733183844026607,10.026742273016957
29.495390128141615,12.753177854577295
2.940636423829997,3.397626547839626
9.890219949589097,6.46348775052307
3.605548538584387,4.115640033664303
7.88991948721085,13.417822453268544
2.587314923521205,3.5730824591068675
4.832436582963777,3.1094081110385026
12.931010499490888,17.429299062769324
28.891683312653374,17.044590394462453
2.5149813880249043,3.44159154109844
11.016953867896698,4.1884103093554845
4.587615385899403,4.524491490154605
11.111543875853403,17.355317078216174
9.937514953567437,15.625223785732109
7.275084435492409,7.738812534580549
4.501371555115371,5.562799446666933
3.088085553880138,3.620602111279129
50.34414070541896,19.14999442685459
3.1882396799519324,3.228883586144021
14.744913005013295,18.362629648039324
29.584416017983227,10.069179018438804
13.554191728382,75.36391550921986
7.976163317994923,7.030711345139419
16.43640491200347,15.289395924716054
24.279029395235987,7.239512836548151
5.146809256466899,4.804550335127839
6.43212054105488,7.165651170315538
10.900107387479649,21.796390787492776
10.802735320465418,17.9828053542166
4.161960350094307,2.644779849842297
48.6860335071193,67.97510981227863
6.003683446192185,4.604645307878377
6.665813501889057,6.600734961455303
5.839541961796742,3.938698155968017
2.5149813880249043,4.389122884870872
6.560095257702121,10.175282533586207
3.0380084908442355,2.7953064219134474
5.797811075933523,5.648216775456713
8.805216917144719,7.541037911883923
12.869805200224825,18.973818020165098
7.147109718845121,6.904928135571018
1.6581071982996027,1.800252292756275
49.910139492441196,26.230345209697585
2.9434184828875467,3.0318175845627398
12.497009286513109,7.478910506754711
6.101055513206429,6.119204261273607
6.329184355925516,15.733764073027226
6.4738514269181,7.617650887247436
3.8253312041307925,4.375553284259792
20.183838462522857,15.329864538597608
5.536297524523847,6.0370390148469
2.3174551949388795,2.1836916656140746
5.330425154265161,5.838031396029577
5.831195784624125,5.765412175486823
33.604491356142496,66.38383311537295
1.6970560251052942,26.63848252576382
10.402118816178193,10.269254889458184
5.614195178135247,5.780124013003607
21.780740361556376,21.62995321766267
4.406781547158659,4.378584888173749
21.691714471714814,18.22921317770484
26.015034247147113,38.89278597986071
2.1644419467736524,2.8982199740743666
24.724158844443902,20.74042067227654
3.0992137901103343,4.797123397480023
4.036767692504571,4.013470902764313
7.066430006176179,8.434848018052621
443.60488084441187,29.238357485060984
16.0942116479249,5.378324567652677
29.32846658468872,13.686250323926267
12.124213372801512,7.135864723910977
8.535357188562404,8.66507110860296
3.1465087940886636,2.720949595801342
21.11582824680202,22.97929630715482
9.43118020509341,6.881710849568311
5.477874284315295,4.740014968539182
3.15207291220378,2.9276698745954874
3.360727341520003,3.9244946603521265
11.242300651558171,6.914000300916205
10.780478848004993,18.22921317770484
15.654646316832016,15.631433562487961
6.145568458127224,6.340621663912249
5.820067548393914,5.638530647824715
9.286513134100822,6.665913567403721
2.765366703204377,2.8697227427522267
118.23750994586104,17.934975005299666
4.701679807258945,7.610407641665878
6.843865281572173,10.295999757743903
49.01988059402515,9.425788994672263
8.527011011389764,13.343217457007057
2.5511481557730464,2.6197710323531025
9.673219343100202,15.495133165688829
13.117408456346725,20.47928494353308
9.216961657662063,17.629440395331606
2.5205455061400017,3.133748183882358
10.468888233559385,24.646138799979553
4.523628027575777,3.894582636309015
11.996238656154214,10.970428281834604
4.239858003705692,5.252351744003006
2.9295081875998115,2.9981312214660667
4.96875747678371,3.8233156546984883
6.1121837494366185,11.39132399015582
25.22214741574527,22.97929630715482
10.296400571991299,17.326381472651413
3.085303494822591,2.9556154225866553
19.22681014672578,8.84383631881353
15.94398045881719,22.15830914403975
9.475693150014205,27.55420910050477
3.552689416490933,4.210390264707375
10.340913516912094,10.455516455541012
2.706943462995828,8.751682413724355
3.950523861720552,4.062186722526014
13.451255543252685,7.185018978278347
3.5053944125125867,3.4519217685860064
61.23868397478341,40.78753368208391
101.53959148244765,124.8835297951077
10.446631761099022,16.71666921085384
0.951464197681986,14.98021044638158
8.77739632656922,11.22058389629755
10.797171202350318,20.409913024833955
2.7375461126288805,2.9594685776602505
8.69393455484273,4.145752139217158
2.170006064888749,2.353860607830909
21.602688581873224,12.46733885180013
3.4970482353399333,3.612329201718327
3.1771114437217483,3.183210962574128
2.3035448996511163,5.042329568354622
1.7471330881411968,1.8325796350624495
4.351140366007669,3.2083654754196416
3.135380557858485,3.874704956544878
21.780740361556376,14.959200980922974
24.827095029573343,8.317944666189863
6.095491395091325,6.8295187018146954
7.914958018728832,12.487239850396394
11.78758422683799,14.376122318239178
26.337753097822866,22.57948965202306
37.46598932802156,22.164513583683295
14.500091807948918,27.831038876014215
3.18545762089438,2.6919874451383605
6.649121147543682,7.204868282319478
21.168687368895533,17.34245337739247
3.3189964556567566,3.319919134299487
4.287153007684044,2.507350473930379
5.472310166200204,5.197048920293751
28.310232969625474,4.74687717583082
3.2577911563906756,3.261260642652212
18.792808933747995,11.88374195819661
1.9863901670904736,1.9863864620942722
14.572425343445223,20.783738962669602
7.5282518097294355,11.972623848286618
4.6571668623381575,4.646604976229985
5.550207819811612,5.470175181725917
10.249105568012984,15.367293574672074
2.7041614039382855,2.922921595655502
3.0185340774413976,3.1268429150819186
6.969057939161936,8.107741119750505
8.884583776144389,11.830222634031218
3.8169850269581507,3.8281055729017175
4.220383590302851,2.605542429198399
5.146809256466899,8.12197526200703
5.589156646617297,5.94951898170581
3.157637030318879,3.517318424723838
3.0157520183838478,2.967272449999712
32.269103008518755,15.43025697344288
12.252188089448795,26.874197293637646
3.2383167429878137,3.2354296045719835
16.42805873483081,25.35677833356897
22.32602393683613,4.164545992179932
2.4927249155645055,2.2786507828380755
1.9891722261480183,1.9863864620942722
21.97270243652727,16.25343823353049
7.352982089103776,8.279565022475794
10.919581800882556,7.2739949157572195
21.34673914857861,22.329660263307712
7.636752112973849,8.180937220161116
3.7196129599439045,4.380059160540195
4.401217429043577,5.66985870595133
1.174028922285961,14.686376336791373
3.680664133138219,3.40803959907602
2.871084947391263,2.581327521651359
4.317755657317088,3.8124225603287027
15.679684848350053,11.050274034476859
4.545884500036164,4.686486376254732
27.684269681676767,20.18812629138092
17.01507319597379,21.796390787492776
53.61862421615495,15.402379419489312
2.2812884271907303,2.8036787839212103
2.9211620104271643,2.6852237580069986
2.464904324989007,3.4916917009878987
7.233353549629145,6.720499095374673
7.792547420196647,4.3121513454079
6.109401690379074,5.565828753389675
4.353922425065248,4.984646307377027
31.693216783605866,25.861399174116226
12.86424108210968,15.485424891172503
5.68374665457397,6.956899644179804
1.8111204464648396,7.828705279302452
21.227110609103974,48.07024400793915
5.708785186091939,5.637519053303133
2.759802585089282,2.6714090864222295
8.599344546886032,13.525253665076372
3.1103420263405432,2.879077059063103
12.477534873110288,12.003761248605572
2.5261096242551004,2.660945890869488
6.020375800537487,7.82819433002702
1.9613516355725222,1.9511079604376442
12.246623971333715,11.692165109005716
4.573705090611654,4.378344094141147
7.9872915542250995,2.313375057985426
1.5523889541127234,2.1177105857240957
3.057482904247095,3.0667553684189683
3.0686111404772936,3.559514114571953
11.75141745908982,4.586460174605917
7.144327659787563,7.837789776272754
1.7109663203930487,7.6216645276601795
2.392570789492722,2.333548710412561
76.46489319675277,56.15714977970297
3.302304101311462,3.276205851704183
7.280648553607489,6.891601898353323
29.968340167925074,26.991539810130515
15.254029812544879,8.65709517382903
5.249745441596222,5.196220354992172
6.612954379795567,6.5643988536993145
9.478475209071728,15.369710680556757
4.927026590920464,4.657852659818999
4.479115082654976,4.433862658165724
157.39499118087375,296.29215731421635
22.306549523433226,12.786306583181474
228.14831713247597,14.98237292814175
7.4809568057510605,10.155943530406102
8.883114570756096,10.804877200416339
186.57044451739637,27.856011885318956
2.4092631438380243,2.4329775409490697
431.04388419957564,45.205796852298214
5.861798434257173,6.016570365044843
7.522687691614336,11.63467568264
14.731002709725495,14.375002691631355
6.309709942522666,9.005763211704203
14.032705886280587,20.839304863400333
5.324861036150086,5.920503253581944
2.7375461126288805,3.1427354387667634
3.049136727074437,3.070774437304166
5.692092831746654,3.882168416309337
6.3430946512132484,4.465809815706361
4.954847181495975,4.924956847936854
4.173088586324506,4.106319168943317
17.3294458694769,21.199493433930694
11.119890053026008,13.274166622751967
3.032444372729144,3.10697768818146
15.47659453714874,5.48316801741424
9.172448712741254,15.760862013086818
4.534756263805979,3.803759751043254
7.358546207218884,14.925346346082366
7.94277860930432,10.289703656148273
8.329484818303689,21.553562546027596
11.192223588522305,7.38202682196687
21.65554770396659,16.187737093786875
5.998119328077127,5.999972264453116
3.8559338537638435,3.699636013949036
1.7749536787166902,1.7582728649570507
11.592840092809508,17.346246622635498
10.89454326936448,10.394535084946835
7.914958018728832,10.199743596114109
3.9866906294686753,2.822557222164916
27.539602610684163,9.818339134635096
10.546785887170811,12.80053614303262
7.166584132247973,7.441096807035971
2.69581522676563,11.003517931422754
4.225947708417955,4.32969633636504
10.833337970098396,11.425141074663088
2.425955498183328,2.6722261352123606
11.78480216778039,11.895331535235043
3.711266782771264,3.192315337097886
5.961952560328962,5.810658048258664
3.3245605737718615,3.040083662456105
3.096431731052788,2.8400995796929456
3.8169850269581507,3.8281055729017175
3.118688203513177,7.407165048609904
21.07687941999634,21.048890658622085
1.5941198399759617,2.39163606264858
4.320537716374637,4.599810170597611
31.4400494093689,6.088058811507165
8.549267483850146,12.988280980673737
6.025939918652578,3.296311297289141
8.012330085743073,5.569570786429337
3.118688203513177,3.0259116365299974
5.099514252488547,3.707752195193117
3.677882074080666,3.539862810113177
3.199367916182123,3.3556276991911105
10.463324115444305,14.475764130018856
5.399976630703917,6.364372269937995
9.152974299338405,3.3757280456313343
7.1359814826149,5.582339190699385
2.425955498183328,4.922314104056997
27.650884972986052,12.853149399735969
3.672317955965575,3.601675423085668
11.834879230816304,13.00222276726314
20.564980553407224,20.980241030956613
5.995337269019562,4.531702583105857
27.759385276230624,10.80308405069107
3.9087929758572915,3.780027765775498
6.114965808494192,5.584830348990554
4.982667772071463,4.873860817739004
10.018194666236388,10.111576088839831
6.626864675083318,9.165765970751183
16.43918697106099,8.078642925754478
2.884995242679007,4.729615573535175
21.132520601147327,4.705071862391106
2.4064810847804687,4.826081300966371
1.9947363442631165,3.217742856269291
2.4036990257229274,2.456920990850908
15.68524896646513,22.856526291265773
41.54170584733178,22.987364547235686
28.176694134863148,60.604541797033164
25.244403888205703,13.945557116227624
16.55046933336303,16.543840468818786
2.5511481557730464,2.808650110344974
5.313732799919861,8.639219327021094
6.142786399069685,7.918331047648695
3.160419089376436,2.937693387689118
9.623142280064334,9.960929247066865
44.3488034363993,16.576125574067344
10.235195272725145,15.620571974409525
4.885295705057235,15.581286302077439
2.3118910768237777,7.233776465662338
5.547425760754061,6.518532405620768
8.067971266894093,6.330717970116618
2.99905966403855,3.114840293183881
5.870144611429812,4.017453780559551
12.274444561909196,12.318689652827844
5.78111872158821,5.333455315760971
4.751756870294831,3.1339792168120457
9.581411394201085,9.297794097708856
4.999360126416753,5.007385237924248
8.735665440705983,8.452892937697147
15.59065895850839,33.54712634005193
2.573404628233454,2.6266474230275345
12.502573404628185,12.635691786329152
3.9087929758572915,3.805201781653881
3.786382377325113,3.5452425729622976
9.80397611880507,16.9126064033249
11.105979757738282,11.104124757368544
4.086844755540475,4.1019848610763425
6.039850213940357,11.654313208987071
2.4704684431041053,3.7896958332950472
21.00732794355759,21.16560977618645
22.743332795468575,17.739771828188303
5.057783366625301,6.437477728647828
2.3870066713776206,2.297171674791299
3.5805100070664313,4.877539189852345
2.5539302148306073,16.629318068285336
12.349560156462987,18.110806203618928
16.6979184634131,31.733491913454102
3.8781903262242343,3.827516170752455
15.852172509917974,18.886458152478436
10.32422116256682,11.037222644563764
2.6985972858231797,2.431955776412664
2.8488284749308748,29.41228677720761
8.268279519037616,26.660995264010143
3.1325984988009323,3.457467886691844
9.267038720697931,10.942821013177127
2.6735587543052373,2.765675791059921
9.264256661640376,15.787168528219537
22.579191311073068,27.24018537442691
16.308430195356205,16.485223030404097
16.60332845545651,7.791196777813255
11.164402997946814,13.75244773045723
6.014811682422381,9.920882091165751
12.032405423902269,3.0215591042543792
28.819349777157054,20.2697888069453
10.916799741824908,9.831496616789748
22.0478180310812,9.860040508915239
1.7749536787166902,3.619298172659127
27.870667638532655,141.58490265097385
22.05894626731141,9.723351609398833
3.3217785147143055,5.247690904513558
5.002142185474302,2.9425507112016773
7.2250073724565205,6.689001959591197
31.325984988009257,18.278173697561677
4.506935673230459,4.9682633938412675
5.494566638660604,3.0604881851741883
1.894582218191333,3.624483142744639
11.832097171758788,11.959701029447956
15.626825726256518,6.3534919825734155
2.3174551949388795,2.530742781210473
12.026841305787189,10.945479510325535
3.4108044045559036,3.827868019240037
2.14774959242836,4.200955631908739
2.587314923521205,2.193914575215758
12.433021928189513,9.896504151128141
16.78694435325472,27.200345432725683
7.205532959053654,6.155698889692909
2.851610533988417,2.847300439347139
22.38166511798711,18.199650941736056
4.723936279719346,7.225648736715325
4.334448011662389,5.576488245254848
2.1839163601764904,3.7129224267913603
5.2024504376178635,5.4373364015144405
4.737846575007081,11.09766225766525
18.008268279519026,12.466063449118678
18.514603027993076,7.8730605382995265
90.70347145329175,65.73164466220662
4.779577460870334,10.253918000904838
7.186058545650798,7.23597222813951
7.692393294124865,30.32495660888417
24.949505628105523,9.597816890262921
11.973982183693817,12.129082929940754
2.720853758283566,2.495876083064099
5.934131969753452,7.092877758665099
46.454822142964325,4.671854322493151
2.4343016753559623,2.432591626844424
7.013570884082723,9.011655683976148
2.7848411166072222,2.531118939918908
21.758483889095963,18.66685295738053
3.0240981955564883,3.134322645820386
16.46700756163647,18.56919165989554
2.4343016753559623,2.437431404493615
10.89454326936448,9.029453654998916
12.574906940124494,17.994700774956442
6.07045286357338,6.176364623150021
5.244181323481131,4.8678682166491285
12.663932829966086,4.606075823965669
11.801494522125724,11.781980118763066
2.8237899434129243,2.533948141847886
10.34369557596969,15.474299479618105
5.708785186091939,6.133350523112292
6.3430946512132484,6.9777503887499535
21.63050917244872,21.477076019520677
22.12849774375011,31.08535490055879
10.421593229581115,16.168171951208347
3.0240981955564883,3.027806527894824
13.301024354144978,62.8984527776974
11.921123061600406,17.699810536257935
6.4738514269181,6.495160379467544
10.146169382883704,9.673297141260365
5.936914028810992,10.240970038509522
5.013270421704503,9.98507599801944
21.05740500659351,8.008806279074781
3.05470084518954,2.989416647542916
33.785325194883164,17.324102217581896
10.613555304551944,12.65688327873667
3.5248688259154384,2.9214524622365876
30.54144433378018,18.458878027459154
2.3452757855143718,2.808650110344974
28.838824190559905,9.585655025819834
3.5276508849729855,3.1936633965814774
61.53080017582616,40.383900087952
6.791006159478717,6.76667112844166
12.032405423902269,11.38078764144836
5.667054300228707,5.86263849331403
25.678405101183532,22.984851377731008
8.58543425159825,18.174451993110047
3.677882074080666,3.677445148543287
1.9669157536876145,2.464342367973532
26.830177551009154,23.37774247172093
4.832436582963777,6.181863469231427
9.013871346460954,8.649727034110079
8.905371043216492,11.048561876367566
11.189441529464808,12.60968993719747
1.85563339138563,3.0908562238409085
14.349860618841127,10.176276757433394
3.7084847237137155,3.047191746467862
2.915597892312058,2.9141661683234177
6.2902355291197996,4.976074935491028
1.2602727530699982,2.5405921980985853
7.205532959053654,14.172748567423705
6.348658769328373,8.518344532405022
8.930409574734457,6.3251674777392
5.50291281583325,5.7090943644900225
37.93893936780487,26.262995153243466
1.7248766156808015,1.7057770817080278
8.627165137461548,10.623110878852637
33.15936190693463,21.663410736498072
4.684987452913631,4.53136986613159
15.3541839386166,17.77437400631887
20.65400644324881,13.34526548769442
9.030563700806248,9.64316493637696
5.569682233214449,9.869635757846003
2.7013793448807433,2.7485767819508347
4.651602744223044,4.627800371030221
12.833638432476604,18.635457023195375
12.00458483332681,16.085558759819826
11.18665947040726,14.413583095561032
14.071654713086183,14.641592581669014
17.510279708217602,16.925740443802933
4.621000094590026,4.620694566337688
6.226248170796162,7.324324318647629
21.858638015167823,14.83655452152397
5.313732799919861,5.015419143653348
2.720853758283566,2.792525856557884
7.647880349204063,17.21481439975604
1.6803636707599987,1.8835961462310082
31.862922386116534,15.995020074354516
3.1659832074915477,3.229042201128287
4.256550358051011,5.789040277632425
5.653144004940944,3.9371400328519193
6.034286095825239,6.183888765776889
12.196546908297817,41.900794867586725
11.200569765694985,12.802209173941069
20.553852317177014,15.460048232816206
6.376479359903859,6.157275198402643
4.056242105907421,2.9701352618976786
42.84927360438012,58.383503255727746
5.458399870912468,5.5551288385184225
5.010488362646959,3.5210581468353817
49.092214129521544,25.861399174116226
5.28591220934439,4.915768289670745
30.33835402257915,8.103369138760131
5.419451044106765,6.522099590538237
3.3802017549228567,3.9853927852696143
4.757320988409931,3.100955250470253
5.074475720970596,5.084640803885145
21.477495924283488,17.620349603993084
8.09579185746954,20.083041969083126
9.664873165927569,12.356900656275366
295.16811982884826,71.11665224431547
5.981426973731792,5.700171537058374
3.2383167429878137,2.951685015270209
2.481596679334313,2.546510106769049
22.607011901648622,22.520673842947076
4.061806224022516,4.545226553289663
4.423473901503989,5.311271531045235
2.745892289801532,2.6789093901924863
28.132181189942333,8.086179111348297
386.4697339795126,349.46846022853293
2.946200541945087,7.491045606191721
2.1505316514858936,2.4287375572408494
2.4593402068739114,2.43693413039315
16.51430256561491,21.693882751113325
2.267378131902979,2.6445387898284416
2.1755701830038414,2.071912683659799
3.4775738219370873,3.997271197687027
2.6346099274995374,17.627182418268617
3.544343239318287,5.288174773037408
18.083383874072883,9.910391948427081
21.19650795947094,21.374470757647074
3.2049320342972196,3.109526236515914
2.1143648837377507,7.805310749390493
3.057482904247095,2.9534728800938015
7.464264451405807,20.901251570069213
13.428999070792319,6.632208825966895
7.455918274233115,2.9556154225866553
4.826872464848656,11.724147362943912
3.474791762879534,3.486843530575643
3.8336773813034624,4.154598787203108
21.371777680096564,11.838552535418504
66.1629285066463,77.963456866655
4.573705090611654,4.427790829182116
21.4635856289957,11.470998095477174
7.314558236842254,11.33745178549469
4.123011523288613,2.513837604351357
4.751756870294831,3.72506425354929
19.42433633981183,19.61341060063656
15.757582501961407,22.947488410790076
16.08030135263717,23.697133747907177
3.2856117469661585,3.728128380143503
7.428097683657627,8.258941481483118
20.662352620421398,7.823977343514939
4.698897748201423,3.673189013271922
2.6874690495929787,2.71539901985707
12.577688999182087,12.61896845847359
7.7619447705635976,6.330717970116618
7.990073613282697,16.279002409156657
2.8349181796431195,3.799162024375522
21.811343011189404,6.967439080117059
16.75634170362163,26.057754709381005
5.358245744840663,5.7175116157551855
32.60851421353975,18.65573001653626
2.2868525453058273,4.190442792303317
2.681904931477899,4.124572462040117
2.139403415255693,2.2017650507057023
6.930109112356252,8.352605358022492
2.9128158332545113,3.405062711331827
7.372456502506621,5.3741561424976485
20.807019691414034,3.4032245297460317
25.027403281716893,23.474461761439056
4.6655130395107935,4.280145532792557
7.812021833599492,8.113685085311303
2.7013793448807433,4.117345406463891
20.670698797594124,20.668843933437174
64.7997195684469,71.64400225213068
2.8043155300100646,3.656940251946264
5.374938099185976,6.093089711625071
4.646038626107946,4.472974081126574
6.721454683040016,9.785000226688345
16.208276069284373,17.892432875005778
4.996578067359211,6.761128715114516
6.220684052681064,7.4839435893602
7.083122360521476,8.05086511303091
147.6856050700241,171.59243004161596
2.7764949394345684,3.803992200005926
16.3056481362986,9.223230583191496
5.622541355307887,5.7056494921063665
6.17338904870272,6.539911222211232
18.456179787784517,10.900478774449075
3.7279591371165584,3.678747836965299
30.772355235556855,17.675106908260283
8.335048936418822,11.537522181862338
8.730101322590857,8.832051137802933
8.187599806368665,12.387409675949385
5.1690657289272846,5.227482915454462
4.409563606216233,4.209324278306989
16.664533754722473,31.947968230362363
13.381704066813933,8.388598770236065
3.341252928117159,2.4672568717092607
2.3007628405935803,2.378828703729487
29.576069840810614,9.62396266903389
20.793109396126326,20.770830251928206
11.423134490299,30.487089113791257
2.5845328644636454,4.232316303858271
12.683407243368992,11.439539408813445
7.848188601347641,10.371542126538541
7.155455896017762,10.811599996447722
7.6033674042832535,3.9222729669239698
5.450053693739809,25.52558586057212
1.847287214212983,1.8445011648791332
5.441707516567152,8.818051697358577
8.991614874000517,10.588129362009806
27.851193225129837,23.108398473179975
20.851532636334806,14.426392632907529
7.191622663765914,6.357660454766161
22.086766857886833,18.275487281131664
7.455918274233115,6.529879056458948
2.9295081875998115,16.59033752666568
4.050677987792326,4.963735828656735
12.371816628923337,15.23732939955678
4.938154827150675,3.1112727273597494
4.854693055424179,4.594969515549574
5.369373981070868,5.761538600131805
9.840142886553178,17.21141443380233
7.3668923843915435,4.951754620993973
19.32974633185511,16.845150509867583
7.775855065851333,15.955785289569402
6.101055513206429,7.666358007664138
5.591938705674838,5.504733924151144
2.220083127924637,2.2253679598395784
2.2479037185001505,2.255313498536312
6.6574673247163965,10.369486240586772
6.554531139587044,4.875372274256206
7.325161498528283,8.042870207652623
6.279107292889611,7.465707656295974
3.7947285544977407,3.3080784484493355
3.179893502779278,3.2536900455999995
5.132898961179148,2.2917113821979913
11.181095352292079,10.893130890565649
42.73799124207806,18.255977070356867
3.8642800309364937,3.810322172015484
8.424074826260398,17.626799113852528
30.22428960121976,12.266819767434978
4.178652704439616,4.2026329596168495
9.845707004668299,12.933198782217008
9.731642583308757,5.059201485229412
2.4704684431041053,2.5372378604852845
1.8528513323280762,2.7329775112937007
1.8417230960978785,3.619298172659127
2.4343016753559623,3.421887728263827
2.7486743488590846,3.0181794204783925
12.118649254686384,17.915526358307723
21.430200920305076,21.566341108203577
3.808638849785502,3.9858975899279256
4.913116295632718,4.932420832148105
7.472610628578413,5.243019016180293
3.252227038275563,3.1168764142481846
3.1159061444556357,3.579355932460341
16.021878112428624,18.471704786951133
3.074175258592393,4.191982068795316
2.759802585089282,2.764972857738547
9.036127818921328,14.957978431503783
10.352041753142311,10.19988067528606
9.600885807603914,14.36378278361003
4.876949527884571,4.897163430969671
1.9696978127451592,5.621234324399383
3.6361511882174224,3.6402026700102526
46.42978361144628,34.0439590216434
7.394712974967032,18.69582287264707
5.235835146308483,5.866382520328322
6.471069367860535,10.235237348428214
6.098273454148892,7.680421042016
31.120112617750564,10.24952232882621
5.953606383156309,10.232155837198665
10.179554091574289,12.221662571208952
90.9260361778959,85.08931747125769
22.250908342282326,11.162784320690694
9.325461960906498,4.642859118106706
11.873828057621992,17.690923321247748
11.9433795340607,17.708292805243296
3.9894726885262353,4.87046189708355
12.293918975312009,14.83655452152397
2.720853758283566,2.7108981385910864
4.740628634064648,4.7086966825788625
40.46783105111762,17.114568712622024
1.9446592812272199,2.6678416193666576
4.849128937309078,5.01684152049814
4.6126539174173535,4.733861951465026
12.246623971333715,14.853348679265242
7.505995337269038,7.088305073589689
4.737846575007081,5.54193743687759
4.156396231979219,3.901495653519831
22.398357472332293,18.558066206972494
11.7820201087229,11.848789526104145
5.959170501271401,2.222202176337339
12.29670103436963,14.789023591475491
2.52332756519754,3.0408085741741115
36.46166600824602,21.434403766183912
8.735665440705983,14.940258896265473
6.612954379795567,10.291574601310597
4.768449224640112,4.052037819349547
3.4775738219370873,3.496895386222236
6.574005552989872,5.500495445837689
5.1801939651575,7.545575230913365
31.334331165181922,21.007298579948802
7.7563806524484855,11.600811811408748
205.77499819166198,224.05002516459405
5.831195784624125,4.906485068005493
6.3430946512132484,7.048238234680069
35.001085003032365,18.110502852409734
16.127596356615577,13.952640017735401
2.9378543647724573,3.0036961570868477
3.7196129599439045,5.220204858875721
4.359486543180341,4.272381843085854
6.496107899378494,7.195235868971135
5.291476327459484,5.090442573782322
7.403059152139671,4.784508451072824
6.6073902616804565,6.092062876584267
4.893641882229881,4.800724617666657
15.68246690740748,23.478043131235896
23.783822882992215,10.19968306137046
3.8531517947063008,5.328434424428188
2.9656749553479527,27.70836454661357
5.093950134373445,10.060593622945685
5.219142791963182,7.818872335474925
14.488963571718717,16.38343069454878
1.900146336306428,4.159952788509737
21.677804176427102,6.967439080117059
3.747433550519417,3.2896284671807834
12.791907546613388,12.727521950339352
4.184216822554715,4.0450848380434845
6.2902355291197996,6.731238935562704
1.8250307417525904,2.708484147791516
6.315274060637767,6.244092678156371
11.776455990607824,10.065593479589106
6.690852033406973,7.672893683147492
7.305687085125432,7.648448503402912
4.139703877633902,4.886728966115512
7.684047116952188,15.949504007392889
25.70066157364395,19.432340639843233
30.84747083011066,6.050911322775343
10.1684258553441,8.621647302355454
28.580092698207928,13.929355209116144
8.351741290764114,6.983762904283878
3.0157520183838478,3.0369311805734944
3.7418694324042994,3.7080051117359814
20.30903112011257,19.42058761466584
3.4219326407861,1.795996963268536
15.879993100493516,9.567477440624456
3.449753231361595,3.023710777549701
21.558175636952384,23.257946091879635
2.2924166634209286,2.378828703729487
7.475392687635926,4.636479569227535
5.1078604296611925,4.794695646222756
138.5298487116282,180.04382795618545
2.731981994513781,2.751013377163696
21.563739755067406,10.685925004948922
11.634570978672711,11.938727708294632
9.119589590647848,13.796854552022262
4.128575641403721,3.1374643166510823
6.056542568285646,5.343870912738642
6.10661963132154,5.584830348990554
21.307790321772885,19.67101398464934
33.83262019886158,34.95492364995456
2.8015334709525255,2.9135607087646758
4.757320988409931,4.366499566473627
10.72761972591156,17.30045774387845
14.130077953294778,15.126776934060748
6.996878529737446,16.560825907911436
244.2759134890924,222.88146863788816
11.915558943485314,11.848789526104145
4.462422728309689,5.630441664519158
4.173088586324506,5.058701959295558
17.63547236580742,12.753177854577295
2.2924166634209286,2.6159800331138117
4.58483332684187,3.870732622980873
12.522047818031114,4.981383724932268
45.550652949260815,47.437704285077324
7.408623270254779,10.851231338497323
4.084062696482914,4.546990434939449
10.313092926336614,17.993394920807773
5.561336056041799,3.6006087913843317
16.65896963660738,6.145623889549247
3.416368522671006,4.132633634200283
3.644497365390066,3.628102201381827
4.623782153647564,4.235015827537937
22.65987102374212,8.11319158924861
3.049136727074437,3.9362952616580213
6.521146430896441,13.867204623591682
3.3245605737718615,5.197048920293751
20.94612264429162,18.697794586250115
11.228390356270495,11.206091836090044
2.233993423212393,2.6919874451383605
4.518063909460684,4.934945084143832
30.67776522760025,10.136087491364433
2.7764949394345684,2.7485767819508347
6.034286095825239,6.247312910234499
2.136621356198153,3.595547091259186
2.0003004623782217,1.8976236660646801
5.85067019802699,5.594129741061275
6.145568458127224,5.5077686185856916
22.65152484656938,6.933600472347074
4.401217429043577,3.8698460583482674
3.680664133138219,3.5986095380140055
2.356404021744566,4.003656452593392
15.757582501961407,22.947488410790076
3.7196129599439045,5.750028051959386
9.46456491378395,5.504867697928788
1.6024660171486134,3.888751765455933
5.249745441596222,5.252828041742657
6.0815810998035955,5.349824764676763
3.2327526248727114,3.0352240107200865
10.176772032516682,16.89699609823701
5.981426973731792,5.294515299434735
9.673219343100202,10.793102694867358
2.6179175731542363,2.6234788904874886
3.747433550519417,5.1891535890367715
6.835519104399543,5.505777616979152
27.62028232335322,27.62028205715829
3.5471252983758346,3.191038569563722
4.4318200786766315,4.472162706178091
7.467046510463314,10.327941203921338
22.712730145835472,28.09999286261619
1.6803636707599987,1.7818706863424916
7.405841211197223,6.9980401011029585
35.49350945621867,9.952702186329914
2.754238466974179,2.730068487762609
5.74216989478253,14.042610683356664
6.640774970371074,7.592565134519468
2.954546719117755,3.2818961276950125
2.484378738391856,2.595192992553254
6.318056119695315,6.353258430985252
33.00913071782694,15.711711290231694
7.809239774541917,6.710627087891589
13.348319358123282,12.609126639729222
5.925785792580805,6.121342643310344
2.832136120585565,2.6952226274011024
2.6040072778665007,2.245502977852941
27.26974288210186,15.337593978601674
9.250346366352657,13.367514832850661
21.382905916326813,8.04162019441961
3.02131613649895,2.8747898162529055
6.309709942522666,6.157275198402643
2.1950445964066865,2.1947385857971815
20.192184639695476,19.37336230182505
28.374220327949136,18.349734298071365
10.958530627688218,12.123688189861202
6.927327053298686,7.401269532324314
15.5044151277243,54.851593415257106
5.05221924851021,3.142783520174941
10.950184450515481,10.692599803152971
2.8905593607941147,3.1483585683237956
29.751339561436318,38.20590202610469
3.7223950190014667,3.7582305529121163
12.171508376779736,15.23732939955678
9.765027291999353,20.059159903694002
5.892401083890174,4.12863588086412
4.050677987792326,4.758440765705856
21.764048007211144,10.685925004948922
21.496970337686296,21.477076019520677
1.688709847932648,1.849133080993389
9.703821992733278,10.5358055929081
58.60963816539896,31.48652968441857
2.79318729377987,2.5891441799609054
6.868903813090137,9.997222605600932
7.2083150181111915,5.958628100248613
9.114025472532715,9.035230647219624
20.673480856651633,16.31451669864934
2.923944069484706,2.986369274951678
8.298882168670659,10.715819782862349
47.041836604107566,4.552499925232916
6.827172927226903,16.25557359097743
2.99905966403855,2.998588856677552
17.179214680369174,7.880786389781313
3.8531517947063008,3.9016463156552663
30.071276353054454,126.69919527593989
9.561936980798237,17.941017267032578
3.625022951987224,4.476354983047712
3.1882396799519324,2.8928790720807673
6.134440221897019,4.009751189200856
3.202149975239665,3.2271519700523963
9.77615552822956,9.348762925155981
4.799051874273186,4.743344190604121
12.480316932167796,14.493740600417457
2.832136120585565,2.6952226274011024
67.425983318774,296.29215731421635
5.792246957818431,6.050555532159304
5.6392337096531975,13.257966808046362
12.113085136571282,5.9455872317038665
29.548249250235123,21.015158367242563
6.245722584199028,3.7180048156957595
5.630887532480552,5.744334296065955
3.413586463613468,4.79931319464918
5.355463685783127,5.368276362443128
5.786682839703326,5.700171537058374
4.259332417108548,4.241602409012906
6.217901993623519,4.665425266970332
4.434602137734182,20.46946199017347
11.078159167162806,11.857096063811378
9.417269909805666,9.05494446636713
6.206773757393325,4.034250276518761
12.463624577822493,14.971981235129128
37.925029072517084,67.0109239673455
6.813262631939154,10.77763225176873
107.35409491272708,24.18332326653796
3.299522042253916,3.563678952238946
6.393171714249148,6.5315662058397335
4.55144861815127,5.475608971879953
13.4095246573894,15.368529006819395
22.690473673375113,15.70138882763843
21.149212955492636,21.304986189783126
5.127334843064072,5.268655664959878
29.314556289400937,27.641721069223507
7.002442647852522,5.0516447995755644
4.879731586942122,4.853460053624185
5.611413119077681,5.947623946546267
32.093833287893055,20.47928494353308
5.221924851020731,7.512887229859312
30.89198377503164,14.67671326860155
19.38538751300611,2.2253679598395784
9.472911090956645,10.240768711046092
1.6024660171486134,3.26274604812704
5.33320721332269,4.281151596003422
6.84108322251466,15.620571974409525
9.625924339121857,13.259539165874145
3.4942661762823923,3.3999915762148736
7.06364794711861,8.621613297953594
50.48324365829648,56.15714977970297
4.0172932791017475,4.327891265613409
35.067854420413624,52.83279886251093
3.135380557858485,3.754936830672404
21.563739755067406,21.852023570606228
9.567501098913315,8.078642925754478
19.193425438035185,13.454323099602487
5.995337269019562,7.823977343514939
7.978945377052463,7.8286197372293636
16.561597569593175,23.773371648097573
6.17338904870272,9.546510277327293
3.744651491461864,3.650537409902774
4.874167468827024,2.8700958049589556
31.270343806858452,31.207162228509972
4.787923638042996,3.3691547401422492
5.4917845796030935,5.070280826460684
15.7047233798679,10.211302165477015
5.03274483510736,4.025275116520209
13.103498161058981,12.17180502874217
5.995337269019562,5.855887024565052
2.851610533988417,2.8541198585030623
11.756981577204943,11.756144962103209
3.7752541410949076,3.883528218098964
6.153914635299908,10.248404969588552
11.801494522125724,11.781980118763066
2.6485202227872895,2.6960220193773017
2.5455840376579544,5.957212489871838
2.5678405101183555,2.6778832546625337
2.559494332945699,2.5600705215537203
3.1437267350311284,3.2069420339948462
4.690551571028742,4.911994269261102
5.925785792580805,4.933005791382229
7.489302982923715,6.308995052168334
29.214402163329115,11.210301697498675
86.0741251815294,23.526241297904694
2.8432643568157876,2.8343364038849
14.274745024287416,21.35381553414201
79.45282462456125,77.963456866655
3.8058567907279426,6.221306872193066
5.845106079911854,6.003347433366078
8.58543425159825,4.4954354287428755
3.00462378215365,3.0031548170143822
2.231211364154838,3.8803200773752686
1.847287214212983,2.6646827729829328
6.688069974349398,7.743378454302386
7.222225313398926,7.050314546726718
9.806758177862617,7.992240918231541
4.8101801105033815,5.733460945230703
6.568441434874783,7.288429931036577
28.335271501143385,5.896077562052772
24.943941509990335,22.904110213617614
17.468548822354354,12.161970120915205
7.0080067659676235,14.398121848852092
6.4404667182274835,7.656918940318652
14.488963571718717,18.921916263912493
4.732282456891997,14.491900005447476
6.0648887454582745,6.1652762570401345
3.466445585706888,5.137181416835386
3.160419089376436,3.651149282174024
5.527951347351196,4.768544686223521
8.003983908570397,4.843325508863613
1.8333769189252336,2.1002186943923715
11.392531840665885,12.678982970619382
7.080340301463918,12.556464855974966
21.43298297936268,26.25748248008697
6.496107899378494,6.737622579228932
3.9087929758572915,3.822512571802477
11.965636006521079,12.121275651402158
37.438168737446034,14.726685602610344
1.7721716196591397,1.9259239547938178
5.814503430278813,9.500605246443092
21.485842101456107,17.699810536257935
41.29966670932486,33.87630680703561
4.3956533109285045,4.614786876470715
11.848789526104145,17.824848566485972
5.1913222013877,10.253918000904838
7.504020353544088,6.110022612214917
29.92382722300425,15.304501729554097
12.082482486938199,10.755641040008861
5.135681020236693,4.606066769501242
8.284971873382919,5.414326155715602
4.340012129777486,4.293769233615905
4.173088586324506,2.257072098694809
7.828714187944768,6.626943390280151
4.952065122438425,16.497833448254905
21.739009475693102,21.672174917213574
4.94093688620823,3.620602111279129
4.131357700461256,2.6814254005666998
4.687769511971194,20.632807309248356
7.044173533715778,6.6954852074159525
7.046955592773327,8.288847201361005
9.453436677553842,15.065504510148887
8.910935161331562,5.54193743687759
4.587615385899403,3.0267608974278883
2.754238466974179,2.4973404936214596
40.38715133844858,38.492390699042744
11.631788919615198,14.287574426501436
15.298542757465674,22.513786797069255
23.52509139063997,20.409913024833955
9.648180811582286,17.08965011988024
29.392453943012278,74.65090855952585
10.744312080256815,8.360587640700325
5.6392337096531975,9.972944003109271
5.155155433639536,28.13670672009311
5.063347484740408,4.956874111212076
2.1115828246801986,2.2875887749769044
2.2534678366152394,2.585327161166089
6.6797237971767665,6.014962667961612
3.1437267350311284,4.292073533193945
219.84665290474834,212.3954003244429
27.71209027225231,23.096048611234835
1.9279669268819228,2.9881366198324746
12.129777490916617,15.940989601566027
32.33587242589989,10.347723285740148
12.616637825987794,13.241716229741323
2.392570789492722,1.8494757428087747
10.377080284660295,24.38601284037875
9.175230771798805,23.248919930879932
4.06458828308007,3.6103156308595326
21.9114971372612,21.777699000583294
2.640174045614628,2.8627819570975075
2.559494332945699,4.627334373630621
1.5941198399759617,4.917378558052617
2.6429561046721948,2.6650369585868403
3.7168309008863667,3.6205168298788997
5.522387229236105,4.734306275725352
4.437384196791737,4.4429461083048984
10.240759390840294,10.170618971518923
2.3397116673992833,2.5859375224502745
12.085264545995809,14.251419909698999
6.042632272997901,7.748212903525456
3.7223950190014667,4.651237218218345
4.008947101929088,3.942915272626442
4.921462472805368,4.3637673891844635
69.91036205716577,92.14181833612633
4.787923638042996,7.610407641665878
5.948042265041201,5.761640470876626
4.754538929352391,3.7672089677966873
4.993796008301664,5.2149885779163965
1.8834539819611336,2.1067427423311336
4.988231890186563,11.57324459974001
3.4720097038219953,3.564915057550071
7.386366797794391,9.210708556061013
22.373318940814524,12.786306583181474
13.097934042943885,8.959462136539658
33.92999226587587,14.209752342280554
5.425015162221862,5.690645307752424
2.8349181796431195,3.6434915877762224
18.995899244949218,31.436433151262122
13.070113452368409,22.5688091120016
12.636112239390616,12.524273744082743
13.818487338849193,10.13473109866647
7.233353549629145,14.336048220256517
12.01293101049952,14.284329438123528
28.816567718099527,27.821192831775914
3.9866906294686753,3.9498362580703543
8.846947803007915,6.25106086047303
50.35526894164917,26.861869840085173
141.61237014739305,154.514479083582
11.567801561291487,11.842866476926554
5.146809256466899,4.912261918558429
5.041091012280014,4.877688053446952
2.373096376089872,9.002492802566499
5.4917845796030935,2.832679593458048
9.130717826877989,9.265377332907363
4.200909176900032,4.699760532221359
4.2982812439142535,4.079484753465789
1.7081842613355,2.5935995936724487
5.002142185474302,2.11852622064521
3.121470262570725,3.1445679938564117
2.1978266554642465,20.382926886299188
7.497649160096382,11.570869386216394
4.757320988409931,3.5865516743083137
11.181095352292079,13.769779129858733
7.558854459362465,9.071250888606631
23.544565804042907,23.37774247172093
3.4469711723040466,3.7389584351889753
692.557435609244,263.66642826161683
2.9740211325205985,2.966515083338934
3.196585857124589,5.543434947927621
36.03322891338337,26.10575073449324
37.02364193787097,14.080483043288005
4.6126539174173535,6.90938129785337
7.622841817686108,13.860155339388797
22.153536275268,24.572086272682785
12.421893691959301,28.076029446858573
3.4887020581673043,9.292641756879537
6.262414938544318,6.119607150142242
2.9128158332545113,4.623032868835473
20.859878813507596,242.4594434158086
31.47065205900191,8.710273144628545
20.64566026607612,15.039504140047015
3.9588700388931937,4.363436150004352
7.611713581455901,13.893331603351633
2.6652125771325936,2.3283920938449993
1.81390250552239,8.329675068533112
3.9922547475837806,2.9606391849785862
2.4426478525286095,3.833540405689643
8.549267483850146,10.000583618692911
3.388547932095505,9.417647066327786
5.959170501271401,7.349321580718076
30.816868180477606,9.579968865971518
3.160419089376436,3.2854436366505997
12.152033963377066,3.3534631431592237
5.444489575624693,5.895541286952716
2.4120452028955683,18.314672076334666
2.6262637503269066,1.896703751394577
7.517123573499216,5.912480245596715
19.621862532897815,20.513346820495627
3.196585857124589,21.450582411738473
4.467986846424766,8.02329828090722
3.4970482353399333,4.203548892460491
5.88127284766001,5.679452414597474
18.687090689561177,16.284265969506293
6.791006159478717,10.768956635331966
5.425015162221862,5.4917845796030935
4.932590709035565,5.058438532876074
2.7820590575496777,2.867553896847594
4.874167468827024,5.272836938911989
3.396894109268156,3.5308268652148214
5.227488969135844,5.158868892090861
38.30895322245898,7.475057480749952
3.00462378215365,3.003691259729656
4.623782153647564,5.041060339419062
22.173010688671024,23.317120457372262
12.669496948081196,15.216700680001946
15.87164692332091,19.121858148794356
32.897848355524886,14.693245830396032
3.95330592077809,3.981726930901387
6.226248170796162,6.498864255190397
16.186019596824018,13.814374168296983
5.316514858977423,11.76868758202603
30.332789904464164,38.060392599698226
18.639795685582808,14.861812627766259
11.987892478981516,24.048431143599302
21.39959827067207,9.847057985533937
4.757320988409931,4.761056976320849
6.187299343990474,6.180819597237391
22.109023330347245,40.855990277296875
4.640474507992854,4.547290822240649
11.097633580565612,11.10134247752919
2.5956611006938517,3.023019257349352
4.259332417108548,5.3142003562786995
6.212337875508392,7.509767587222715
2.7514564079166344,2.6197710323531025
11.503814202967948,6.856279661675923
7.700739471297506,9.62535197927585
7.269520317377305,7.653989648806807
1.8778898638460266,1.7967793328382076
29.18658157275366,29.115949323813496
13.120190515404305,7.546743034976792
30.64994463702475,26.75256701546992
6.148350517184778,11.15147834390732
6.7186726239824734,7.666358007664138
7.269520317377305,6.689001959591197
4.365050661295448,4.079484753465789
5.391630453531268,19.55656746032081
3.2299705658151687,3.5626083887183113
4.5987436221296125,4.088539480973853
64.77189897787144,15.671797915783873
10.96965886391839,7.346639937301515
6.212337875508392,7.465707656295974
26.774536369858097,15.90248167877723
25.761866872909994,16.341263546378975
6.6185184979106735,10.130168874952544
12.188200731125084,12.276958758293357
3.1771114437217483,3.100955250470253
2.058723702586763,2.0809190755926013
5.383284276358612,5.602333590038881
2.9907134868659138,3.5011772793967744
4.729500397834453,4.549747075459297
2.80709758906762,2.856401804758579
14.502873867006382,23.94895541049654
6.3792614189614,6.325342695676522
6.651903206601236,10.194834126973308
2.1199290018528454,2.203134745904343
4.14526799574901,4.147122504758419
15.231773340084535,9.170681242421912
6.0871452179187004,6.088999789769967
5.9563884422138615,5.1827164470573965
5.082821898143253,8.918641115760174
6.596262025450284,16.155065147136234
10.377080284660295,14.633616126077003
5.516823111121007,5.3353175987142585
20.712429683457312,20.525804242615173
4.340012129777486,4.18301205708351
31.996461220878864,18.635457023195375
6.44324877728502,8.91026493668572
3.2494449792180213,3.1831428676371525
5.280348091229309,9.172335387069486
7.06364794711861,7.1005960614392665
13.562537905554725,68.75695324696376
8.115266270872398,10.89182062881101
5.10229631154609,5.252828041742657
3.2383167429878137,3.8033015183114434
4.890859823172312,5.033698831557415
3.3245605737718615,3.46817652974222
24.003605548538587,26.25748248008697
26.321060743477492,18.924024971878527
17.140265853563477,77.37138721490487
4.2927171257991565,4.352655843545813
4.5653589134390185,4.684944988254877
50.78370603651171,22.878428571084633
9.411705791690563,14.393525265719118
13.904731169633296,11.301015069716685
4.818526287676022,7.168816696226442
11.359147131975304,13.864113711269752
29.70404455745791,13.864113711269752
5.199668378560341,5.510109252679335
8.515882775159538,13.955018314520961
5.611413119077681,6.158696016787615
15.632389844371598,15.849473652031518
2.559494332945699,4.482510813027382
36.92626987085677,16.640409958015518
3.135380557858485,3.836276947039722
2.445429911586163,2.4947118455155137
4.042331810619673,2.6528094006485214
2.884995242679007,3.003691259729656
4.362268602237865,4.173848313911463
15.85773662803312,19.15739518198992
6.9718399982194885,7.960539953935845
3.0992137901103343,3.3532075129421703
6.276325233832051,10.192021215535265
5.121770724948948,6.843743467422411
7.656226526376704,7.0883050735897175
2.4203913800682186,5.229531892896245
7.692393294124865,15.474299479618105
7.928868314016575,8.493069683361716
21.675022117369537,9.785000226688345
5.419451044106765,7.818872335474925
187.2603951636688,364.7462390995776
12.853112845879485,10.695889500891226
4.365050661295448,2.7431102307439854
22.136843920922804,5.947294656991535
38.65949266371042,24.14163223414149
20.98228941203963,21.211794233800735
6.009247564307289,5.926754859917136
4.328883893547292,4.033816675476743
4.6682950985683584,5.801866814559579
3.00462378215365,2.7538891248507555
4.799051874273186,6.795424172215954
7.347417970988689,6.220968259462492
5.964734619386505,5.313365781448588
4.467986846424766,7.468686720465993
3.519304707800333,3.947624527352808
5.377720158243515,5.761538600131805
1.5356965997674203,1.7097750587782614
5.171847787984844,5.761940079331461
191.14971372612334,78.29440811293271
16.411366380485504,12.3228272410809
9.52577021305009,8.2811845463456
4.726718338776892,3.0842442460880624
3.4191505817285544,3.398886612805601
4.5041536141729415,3.496999838095187
3.21884232958497,3.261260642652212
6.256850820429222,5.534257509345717
6.028721977710145,5.893522198938141
3.894882680569546,3.356875350947364
2.8265720024704732,2.781496094187256
9.428398146035805,13.283395573212868
5.274783973114183,9.453460905304649
10.207374682149787,15.939641474846756
2.6206996322117755,2.5952307869542928
4.6126539174173535,2.424127337372962
3.7696900229798254,4.004945498951931
8.00676596762796,20.80670395040831
13.43734524796491,16.615430625221926
5.97029873750159,6.455544866305367
12.204893085470422,18.076754849692396
21.864202133282916,9.54083816283512
21.338392971406076,14.383056326451621
3.0992137901103343,25.65904195776443
7.333507675700945,9.035107096414848
7.311251203240541,5.17555846565892
14.555732989099944,18.085415615446763
3.0936496719952307,2.3829675761215983
6.373697300846266,7.720495578419165
3.3189964556567566,4.580800740213415
7.09425059675167,10.578558800311917
22.0478180310812,22.462260922939205
7.352982089103776,18.165683046504604
28.346399737373645,16.522659929369865
32.06601269731753,32.388281574624635
6.145568458127224,5.929182592469709
30.310533432003655,19.970747883343957
17.457420586124183,22.010179694190924
17.59374147994404,27.25603922825343
2.5622763920032505,2.5600705215537203
5.40832280787656,5.332979362382894
4.765667165582596,2.929327575834336
27.556294965029412,5.160893561964397
5.550207819811612,5.8978886851305
5.324861036150086,5.369282026217451
5.1968863195028,5.080700790839698
2.87664906550636,4.276600078111107
225.75296428392627,114.6367943636945
44.988677019635816,92.67125755155325
22.373318940814524,12.786306583181474
2.534455801427753,3.5587555670878226
34.305570238645025,35.04477652092237
10.613555304551944,6.5261167046924164
3.171547325606631,3.352920710467966
3.224406447700066,3.3128563002015694
21.552611518837267,9.472979533369053
2.6373919865570943,2.193914575215758
2.851610533988417,3.0034689963592323
6.265196997601855,19.52555010551889
3.121470262570725,3.92894914640998
3.5777279480088735,3.403738322502952
3.035226431786694,2.9085608933369413
28.724759769200283,16.922997448391957
30.360610495039648,15.462215169755503
5.063347484740408,4.903526274017178
7.898265664383513,20.905482023833333
4.061806224022516,3.4949866236469807
3.4914841172248403,3.577192611661062
4.629346271762659,4.7588499601554135
4.025639456274382,3.9585134014628944
21.402380329729617,12.491783962897545
5.739387835724979,8.386447192716243
3.7196129599439045,4.056441340601088
6.7687496870183725,6.989041300226472
3.9839085704111286,4.017138993696309
9.381103142057508,12.225620837196107
7.578328872765319,7.875821999628198
2.76258464414683,2.782841421698838
1.638632784896767,2.8938958326225603
6.615736438853125,10.912348258190908
10.051579374927,6.887486773499472
56.62046593925103,19.98949281791909
3.076957317649945,3.0250140608127056
2.8599567111610646,2.793458054425512
2.592879041636308,2.7479821446065182
7.7869833020815555,7.814342411890764
6.946801466701557,8.940909922148373
21.03514853413308,24.67128804997003
203.73296684341977,54.5610048011559
6.315274060637767,6.859727789650173
5.352681626725571,5.292989031185038
15.067631855689005,11.234150649714678
21.752919770980927,17.61359981525145
2.9128158332545113,3.9463893291546035
2.3118910768237777,3.559514114571953
45.04988231890209,29.42761724273434
3.9894726885262353,6.142762960757229
4.050677987792326,4.347290943620438
3.7363053142892095,3.585783686659508
2.2367754822699384,2.4562858788851725
16.803636707599992,34.1392437356792
1.8305948598676884,7.534292215295249
4.740628634064648,4.7086966825788625
5.725477540437231,3.9959020086455306
18.436705374381713,14.94122114277271
4.381743015640735,4.744464867356835
2.770930821319472,2.690393711405599
6.8967244036656625,8.087568556953965
8.552049542907717,2.394859282254348
9.873527595243827,10.067921587231547
3.474791762879534,3.5411625102552304
3.5332150030880873,3.6922452924042846
5.5390795835813975,4.3001749279369
3.5248688259154384,5.182480186594512
4.276024771453848,3.724849111770498
11.064248871875092,13.677795563704056
2.4676863840465586,2.18570267606132
7.074776183348826,5.483064177715118
7.444790038002936,19.699325827502935
6.863339694975045,6.4745290758028515
6.724236742097571,6.433888081767366
11.9433795340607,17.708292805243296
12.280008680024359,12.259414896543452
6.980186175392132,4.8471595548139
12.054661896362646,17.827937207168226
205.14347078559902,297.59488057181375
3.672317955965575,4.012534146788213
3.750215609576964,3.808096327913919
8.076317444066744,3.933080607323388
3.2577911563906756,3.411191997497969
2.670776695247688,2.8345109320075683
3.299522042253916,4.2850120124689
11.058684753760003,8.330947902221029
6.868903813090137,18.266613903106
1.8027742692921895,2.6446444827440563
2.1644419467736524,2.957860907849991
9.080640763842117,7.615638162899531
4.203691235957568,2.96344332384879
2.2562498956727794,1.8450835443839488
5.731041658552325,5.8465647483421685
16.130378415672975,18.924024971878527
2.879431124563913,2.638658249541102
6.868903813090137,10.002066559260706
1.8250307417525904,6.8481442638500045
3.096431731052788,3.5626083887183113
3.1409446759735853,3.552086002501736
6.732582919270207,3.1519253528372415
4.729500397834453,4.943457358586362
5.255309559711334,4.4488216248508206
5.5084769339483595,5.579607808744238
11.092069462450498,11.41033481285824
9.459000795668887,27.019560716829034
64.17375628049831,66.38383311537295
10.96965886391839,10.618226123582147
3.1465087940886636,3.478272705361794
6.276325233832051,7.594049782532378
4.899206000344973,5.528212633378905
5.272001914056635,7.925703337755406
4.615435976474907,9.256401534161729
9.205833421431853,16.57548852987456
2.517763447082449,2.5148756788770106
4.256550358051011,4.1444771402951694
6.649121147543682,6.771140929178202
9.528552272107628,12.092988189577305
2.1143648837377507,2.435375909035249
11.884956293852218,13.091544973745302
2.5622763920032505,2.522541824508704
27.93465499685633,15.992001526782126
34.130300518019375,60.604541797033164
6.14000434001214,4.579337127856734
3.1632011484339757,3.2549280445828894
11.996238656154214,7.229389449552503
3.076957317649945,3.613846876624994
21.513662692031566,8.496823453898855
5.160719551754648,10.253918000904838
1.0516183237537806,15.804460438350583
26.7522798973977,16.89321202851786
22.82679456719513,16.919942526197197
3.124252321628275,3.0565446212648335
33.86878696660976,13.887785835640765
7.842624483232532,8.786411556630641
5.886836965775123,5.757511284727828
4.134139759518803,4.086408174392008
5.82563166650902,16.506708086991114
10.513401178480205,12.68997406113316
12.27722662096672,17.602281104770313
3.3774196958652976,3.8980447738327824
6.259632879486775,6.5315662058397335
11.837661289873914,11.83659731695959
4.312191539201993,5.565315993494449
3.519304707800333,3.501630794625064
14.800554186164295,15.335914505459126
4.376178897525632,11.732405504878724
21.958792141239595,18.324031634603923
3.4942661762823923,3.5655844949855977
11.117107993968489,11.544589247877576
3.2967399831963617,3.834948565678701
2.559494332945699,4.982950379497264
9.29485931127345,4.551752859068782
6.226248170796162,6.55153924553308
5.6893107726890895,6.087722792910304
6.969057939161936,33.977189353069036
103.3618401651431,45.205796852298214
11.512160380140488,21.010042808592562
