actual_cost,predicted_cost
120.73301692048298,18.88315826067854
21.11582824680202,7.290514941650479
4.534756263805979,9.867299205199338
7.2250073724565205,2.451506429803478
6.1121837494366185,6.422265422095194
30.705585818175642,6.360055763539192
3.7307411961741184,8.233683346481472
22.300985405318187,7.939227798218948
1.7193124975656973,3.88046622103092
4.264896535223646,2.0204319440275924
2.731981994513781,4.580396036148581
5.0800398390857096,13.885707723218433
5.1801939651575,9.246497347077216
31.721037374181353,9.510939820933723
28.243463552244275,7.626678150897533
4.58483332684187,5.260985797172631
7.945560668361836,6.5491120288758795
4.440166255849255,7.7822600012053185
5.4695281071426525,4.118087802153823
8.596562487828473,9.98038037581869
5.205232496675447,6.096229834172383
10.758222375544594,6.141064752945688
4.618218035532459,7.513110501556994
24.693556194810885,13.468881470981662
16.503174329384766,10.388542267631275
10.702581194393616,7.9197721977838595
3.483137940052197,3.103694932031525
2.901687597024314,5.315348255931041
3.21884232958497,7.28437060595989
3.2856117469661585,6.011941694478379
5.280348091229309,7.162064728994166
4.768449224640112,7.852686440000015
8.426856885317994,8.835701619727892
9.470129031899072,7.845649139857448
6.626864675083318,17.56083453737819
1.7332227928534534,4.0989677306839924
6.493325840320954,9.126543019821124
6.037068154882796,6.239626932516499
2.540019919542855,4.080317238680009
3.1409446759735853,9.49822678436565
3.9699982751233813,6.629401194791807
4.353922425065248,6.553961954832164
4.38730713375583,4.0983019011075275
155.17212599389143,59.65652022656059
20.78754527801119,6.63907908096589
3.076957317649945,5.818314484679102
25.79803364065814,12.648676500132884
6.376479359903859,6.217465991755665
2.078198115989612,2.000944583096354
27.500653783878487,6.450327480856674
15.671338671177216,6.170571125445461
2.233993423212393,2.1126149117892723
27.51178202010874,6.258018794249588
11.859917762334325,6.53208999467484
13.189741991842979,9.399147143354263
4.136921818576363,7.38504666890967
2.122711060910391,4.544562011693412
2.5706225691759004,5.798741589994584
6.537838785241739,7.3469924718648825
1.6553251392420616,1.9981030174174883
8.782960444684335,6.557850786284073
22.470691007828623,8.247888239634236
2.1199290018528454,5.39985289080757
10.034887020581683,8.204449368473956
8.518664834217132,7.202175321757385
2.542801978600405,2.3406047980112112
5.678182536458881,7.161288530919339
6.68528791529186,7.351998773864941
8.590998369713379,10.178718202259436
5.622541355307887,8.961426993630537
18.951386300028464,5.905725126064616
3.4191505817285544,6.011941694478379
21.956010082182047,7.688542576792334
2.039249289183908,2.260273926484619
11.893302471024903,8.323809365058816
10.382644402775382,11.246707792126925
10.182336150631805,13.226318857442614
5.550207819811612,11.322525609868057
25.055223872292366,10.904543900526864
6.746493214557929,8.685969056495814
1.713748379450601,7.993652037222812
6.749275273615496,9.209062230642155
47.244926915308604,12.362520231749171
3.2605732154482174,6.542717117367656
7.6033674042832535,9.607109300932139
12.458060459707406,8.449865711900058
10.107220556077987,15.29086409399522
3.4803558809946367,5.243920154170549
4.148050054806564,2.359755724838893
5.74495195384008,9.810519941689396
6.334748474040604,7.005208395302818
8.307228345843317,8.62002508885944
1.5468248359976216,8.717091409555207
13.860218224712513,22.819405845288163
3.0908676129376906,4.865030384412132
6.7103264468098,8.148556550557142
16.74521346739149,8.276169466890552
16.505956388442186,7.683164568066769
6.557313198644554,7.384365543645167
3.1659832074915477,5.979666471607595
2.278506368133182,5.338511793041953
2.8432643568157876,5.494557002807414
24.679645899523212,10.372483085178802
20.907173817485837,6.229621307680886
4.462422728309689,7.005363270409828
4.999360126416753,11.168693818029533
5.475092225257752,5.9369521535343805
5.6030669419050705,3.735896151088504
2.3786604942049707,5.16748885467901
2.821007884355368,4.848470140564786
23.013192524051032,8.936090551784124
13.259293468281678,7.789409621790972
7.191622663765914,11.534855641303274
5.836759902739206,6.613597550712675
1.8611975095007292,5.358192235762395
2.6234816912693355,4.018645477448166
2.706943462995828,4.662924923856116
30.939278779009907,14.931641399642745
2.4704684431041053,5.740672292784948
3.252227038275563,6.897189730273995
7.606149463340852,11.481705967747532
4.907552177517623,7.90491595882474
21.001763825442467,7.345771447475781
5.992555209962001,7.003880419872481
7.302905026067886,8.68868445081743
1.5551710131702716,2.4209307674932217
12.580471058239587,8.208140532055356
14.59746387496312,14.809059372785045
2.8655208292761585,2.344575317009652
9.395013437345213,8.282502608582796
4.2982812439142535,7.458476587190132
5.341553390495376,5.911575174618671
0.8234894810347025,9.027481784809082
10.354823812199902,14.842067789855799
7.013570884082723,8.638557453631355
3.613894715757044,3.6837410687481307
9.954207307912727,11.146400410665422
21.563739755067406,8.054458905751186
7.5894571089955205,6.920408934102454
3.6278050110447695,7.575227142495974
55.94164352920887,112.03553928068946
4.993796008301664,5.637051344861633
2.1282751790254975,2.025264599342481
5.6030669419050705,7.021343401924823
10.666414426645403,6.6944937491691805
2.709725522053379,5.124954619478468
5.500130756775696,7.755828860990898
5.700439008919291,7.058408960549758
2.220083127924637,6.243348180883983
12.032405423902269,7.261363102351769
21.380123857269236,6.944078676169567
1.6469789620694129,7.518180381034659
21.132520601147327,7.2926211003700985
2.061505761644306,5.096711516859035
23.09943635483493,12.210576358400083
5.444489575624693,7.056895230191771
12.138123668089214,7.779153839214093
25.597725388514515,42.696692293745116
8.69671661390029,5.54231902640378
5.252527500653775,6.315411666418249
7.692393294124865,10.39714943127032
27.89570617005063,6.564851873288247
123.5484606867231,69.0807955843554
26.31271456630478,13.843918967591517
2.425955498183328,2.1083754620291772
6.037068154882796,9.72522119306265
21.413508565959823,7.937499676344898
5.146809256466899,8.788110131714154
5.78111872158821,9.5106758704853
3.202149975239665,7.243220581932765
21.157559132665284,7.18850931193585
1.2101956900341089,6.4066795533775895
6.084363158861133,9.443504515648028
5.6754004774013245,6.941794650090095
4.6126539174173535,5.418235414263404
18.450615669669375,13.854281345986578
5.878490788602468,9.266528828659117
9.180794889913903,15.30245864160431
9.63983463440967,5.716896721880872
5.667054300228707,8.695524518691915
19.296361623164525,7.566866780330041
3.2132782114698637,4.606514919903879
4.495807437000264,7.787595665686335
11.576147738464195,9.5472092058761
18.598064799719612,8.39785553290355
14.463925040200811,11.73201538115508
12.822510196246377,9.780356351244212
21.62216299527612,7.32075161359876
2.9350723057149044,3.3662721615298143
42.50708034030143,14.575545854726752
11.948943652175805,7.004521980193876
2.7375461126288805,5.8431994081123575
22.05894626731141,7.98412496791501
7.917740077786386,9.652557999602967
33.17327220222226,14.054828382351374
2.6513022818448397,7.395622963680735
9.931950835452312,8.954255628483832
6.020375800537487,8.867954036210799
4.907552177517623,8.231303138643058
6.537838785241739,8.492443260284757
4.899206000344973,5.097098343509384
1.980826048975372,1.9531343682419104
2.047595466356556,4.970417478556963
3.5137405896852343,6.85563814735616
2.392570789492722,4.5640754715332505
12.318957506829989,7.9820732885000965
4.593179504014507,5.635949977264488
9.127935767820455,7.152434757825834
8.582652192540731,15.016888770300413
22.317677759663486,8.620925449543448
3.0630470223621895,2.218269685240854
2.5678405101183555,2.14682325373353
30.5442263928379,7.821423601653465
3.5332150030880873,5.862197334302551
6.217901993623519,5.469459727074367
21.413508565959823,6.365095147165216
20.776417041781006,6.2321282475901745
7.556072400304922,14.414484393975384
3.8642800309364937,7.193794735041463
3.2327526248727114,2.222461513180308
34.864764109212466,20.799500803114235
23.814425532625247,36.73778351618019
25.519827734903334,6.859562032297359
3.519304707800333,9.143457343098378
5.029962776049813,8.657537785372961
13.225908759591128,10.096812682377609
3.6611897197353693,5.503813254567305
3.15207291220378,5.88496171513405
28.594002993495497,9.16810003580341
23.66975846163261,9.490188331544854
6.000901387134661,8.439450294130934
11.929469238773002,13.946055916042326
6.532274667126623,10.449999673287584
4.799051874273186,5.925399189712284
22.426178062907866,8.16613729370431
11.425916549356495,6.8979485717032425
4.0478959287347775,8.73158550115456
20.12263316325678,9.637036700827933
5.427797221279409,9.5862438437814
33.68238900975391,37.94859238974092
4.6265642127051185,7.527286779126904
22.459562771598588,7.98412496791501
3.5693817708362325,8.829795656276943
38.442492057221195,11.525285802154654
5.903529320120445,9.220853473175541
1.8834539819611336,5.296887831301282
4.7712312836976905,8.354775130191914
26.89416490933269,10.115592881859353
15.343055702386417,4.655967483011062
21.917061255376375,7.850151987271006
12.953266971951317,8.20997249332035
4.328883893547292,9.519207439211556
6.604608202622932,7.81378463765865
10.352041753142311,11.688683453922183
3.3106502784841045,2.610959096629878
12.608291648815126,8.959740764540213
7.0886864786365615,10.837881368734497
12.942138735721064,8.536183366109316
4.632128330820206,8.457168220253713
5.246963382538671,8.956912982238778
7.319597380413183,9.08310391171575
5.305386622747224,3.8467214612253415
7.606149463340852,5.1066714702789495
7.664572703549355,7.6727773597568385
4.3956533109285045,8.490900147189748
21.936535668779182,7.406249696223281
13.643217618223618,17.15572767525453
26.06232925112528,20.673903591382853
2.8237899434129243,5.28892688117402
28.905593607941217,10.691257013895155
17.95540915742561,14.399359198801404
53.55463685783125,15.903097648291865
4.451294492079487,8.902186074882898
4.420691842446446,9.614512388867904
3.566599711778678,6.774266646157144
5.616977237192795,7.159899281836663
6.237376407026379,6.746195211027148
1.7526972062563,2.0223902321270377
13.064549334253286,9.695679576189121
2.6846869905354414,5.138782557724544
3.4247146998436526,6.895041903343045
3.1437267350311284,5.8423472854558565
7.261174140204608,11.309960744727755
3.076957317649945,6.452091534960465
12.958831090066392,8.31509185404146
4.2982812439142535,6.669393986286875
19.246284560128593,9.78894236125747
22.00330508616036,8.98182268716448
3.1465087940886636,5.746555861377087
3.566599711778678,6.322215345077178
2.9851493687508106,7.459112243384767
1.4466707099258311,6.41134944178883
11.361929191032893,6.323274671685398
4.092408873655566,2.7033604818958934
12.088046605053279,8.73507283238602
15.902249572953918,6.98745394195017
2.6206996322117755,5.6889986417679275
5.280348091229309,6.398811501343376
6.6352108522559625,8.78566063187092
13.515242901576308,29.073742613389182
29.7735960338967,9.194428909507957
12.049097778247601,7.9022515252377445
25.458622435636983,11.756150264638723
7.261174140204608,10.256156358917115
6.874467931205252,1.461400525435448
10.7610044346021,11.56659868911826
6.326402296867973,7.003880419872481
3.085303494822591,6.140165461816348
6.576787612047429,9.266984093884039
6.587915848277624,10.733142504197565
16.962214073880425,8.593142263537132
16.4976102112696,13.151083878320446
2.139403415255693,8.77076113616315
16.085865470752186,9.185120151427721
11.673519805478412,17.218884749681543
2.503853151794713,1.8805232114664412
10.335349398796994,12.858331745233793
5.144027197409349,8.798354114814936
22.673781319029814,8.76887143173372
18.47565420118743,7.663301187823425
4.320537716374637,8.330558501004115
2.754238466974179,5.86959948757061
4.000600924756435,7.189710857294196
8.710626909188043,6.809079184357775
9.46734697284153,9.787410097407799
4.025639456274382,5.280380183468373
31.75998620098705,6.82367424690249
16.984470546340827,9.378828807595044
9.055602232324206,10.066179456514336
10.249105568012984,8.532594431219321
26.001123951859338,13.33659244130093
22.887999866461247,25.74857633793687
28.26572002470468,29.99420563967556
5.85345225708452,7.061001940656462
4.084062696482914,6.94360264538879
13.028382566505103,10.317625033952464
50.50828218981426,17.73345994255265
13.676602326914209,6.833371824977439
2.709725522053379,6.3385034448782935
11.704122455111504,6.312464687804945
6.504454076551176,11.470752827399288
11.996238656154214,6.727446507718182
18.497910673647905,9.798505823869478
4.1647424091518666,6.9826447966013045
18.353243602655233,8.751944243060922
0.995977142602782,3.276424661098502
3.9087929758572915,7.023544435240206
31.90743533103715,41.470917040173966
9.553590803625596,5.945288399158302
9.909694362991958,10.44704309320052
2.821007884355368,5.395781526855535
1.9641336946300632,4.467811217038679
17.908114153447368,22.138746796109643
6.284671411004738,6.937927182352607
6.390389655191603,6.5782060378505545
3.057482904247095,6.5444464862878435
9.503513740589684,13.616609388198931
6.037068154882796,6.654678428296602
21.421854743132474,7.116942891959603
15.955108695047487,10.383490559698915
14.53904063475461,10.173921595289356
7.186058545650798,7.486088166307014
3.430278817958757,2.5191229591528503
12.026841305787189,6.797494252184402
2.996277604980994,6.086157273962729
7.09425059675167,8.470844551156222
2.512199328967352,5.916923093276409
138.56323342031888,57.1566251548162
7.533815927844502,9.638499420411112
10.51061911942266,11.158136144726727
5.608631060020146,7.458382321101124
4.854693055424179,7.698631342781109
8.602126605943587,11.949770511032014
5.029962776049813,12.66214477852343
3.101995849167887,5.991078977080733
3.5916382432966163,6.587586114966697
1.9613516355725222,4.975115471873493
19.18507926086245,25.125342022707613
5.8284137255665724,10.94912673855999
3.1743293846641887,5.931089797349546
21.967138318412186,8.062977930087806
8.866422216410827,7.582828248133435
3.997818865698876,9.475375509723094
10.382644402775382,17.050705886057493
8.254369223749888,6.153662658453338
32.305269776266776,14.65177148722854
3.268919392620872,6.575766922534396
10.340913516912094,12.564975837631911
3.396894109268156,7.3484665973163885
2.517763447082449,6.072218474650426
4.37896095658319,4.259028913058871
2.250685777557686,4.876070572020455
31.29538233837619,8.872639610963764
2.573404628233454,2.513659922865518
7.222225313398926,2.791633431523753
4.484679200770062,2.7960167215835496
3.4386249951314007,5.9261368646098775
12.839202550591704,9.580667286687804
14.655887115171764,14.308539647832298
28.49106680836629,8.83198607208424
6.512800253723788,8.579995044553996
4.618218035532459,5.974033124894087
20.0920305136237,15.931484481931099
2.501071092737165,4.374659086609965
6.2039916983357815,7.990368942627896
48.188044935817985,14.2193667351393
8.310010404900876,6.157960970723887
15.743672206673573,6.682518955014475
5.50291281583325,9.897972002344098
15.913377809184128,7.090302720807813
8.109702152757306,6.277762860950059
1.7944280921195417,6.545916817678049
3.0074058412111837,6.151250583352485
10.438285583926412,11.600663059368733
29.26726128542265,10.986788543634093
25.60050744757215,10.479574317931542
3.828113263188352,8.774635119678237
23.14116724069824,19.41256028070213
6.729800860212671,7.10818923715226
7.280648553607489,10.446008299850138
14.130077953294778,25.40984863705988
28.249027670359403,10.43035965090425
8.782960444684335,7.94793169783235
2.993495545923455,6.1162074447094765
20.909955876543304,14.260593938972693
2.47881462027676,8.140786363906939
4.851910996366633,8.547880951074886
16.158199006248477,12.38396356539036
3.3384708690596208,7.019757151912158
12.438586046304666,7.385775589944734
2.69581522676563,6.558310398096006
4.173088586324506,9.217599145762831
1.9919542852055712,2.3062479575436696
11.01973592695431,7.464656829422251
2.7848411166072222,4.538030038187327
31.031086727909116,10.320298430432741
11.373057427263037,6.956276906606111
92.03329568280064,22.097970268824792
2.8237899434129243,5.81896755829328
11.08372328527793,6.930098545638347
2.540019919542855,4.080317238680009
2.1032366475075515,2.0789248182762905
19.19898955615031,7.598067472817085
2.7125075811109354,7.627312739142246
3.444189113246507,5.82655629174231
10.296400571991299,8.472619966032175
12.168726317722298,7.1862644353640155
4.189780940669807,9.813331847800567
14.728220650668007,9.338268016666742
5.680964595516412,10.062763145371639
4.562576854381459,7.303486290526473
10.382644402775382,15.744808618865454
2.4343016753559623,7.6997192216629475
3.8587159128214013,8.983761945546645
5.10229631154609,8.283509375166428
2.1310572380830513,5.318190708521686
6.507236135608684,7.412281380290549
7.113725010154515,9.129849717297432
6.223466111738646,6.950376208312453
15.496068950551706,10.449208338128017
7.8008935973692894,13.713313829328921
22.092330976001968,8.301407749764772
5.625323414365468,10.027273858552014
2.3480578445719154,4.688959193995086
4.673859216683445,5.992295478867509
18.945822181913325,9.47282916551023
2.99905966403855,2.4651127119237413
5.324861036150086,5.78095910920884
4.732282456891997,7.863848099515925
8.39069011756981,2.828428146807648
2.512199328967352,3.9642814215064965
5.12455278400647,7.810127470013738
3.096431731052788,6.354745556411738
11.559455384118914,6.518460148493495
5.399976630703917,6.988035629460687
14.552950930042277,6.086868227159311
7.472610628578413,10.17718088845105
2.4176093210106613,6.387456564077422
31.751640023814417,9.476901999672307
11.615096565269893,8.401366473152184
3.6528435425627395,5.4593832405038265
5.772772544415567,9.507810750332087
11.56223744317642,6.076094587091395
7.575546813707758,11.794554934194265
28.616259465955874,10.032725423784632
6.076016981688484,8.011903727405908
2.946200541945087,7.730696343233335
10.212938800264908,9.379475403750511
30.836342593880637,8.448799458968063
7.700739471297506,13.70298585511806
5.166283669869744,9.424013503710444
109.13739476861592,25.703181092516175
4.554230677208828,8.525922545368038
7.9705991998798185,10.533556974212068
3.7696900229798254,6.597886696649416
3.15207291220378,2.4147818967758026
2.7486743488590846,5.268669547089656
22.662653082799615,8.884414141815446
2.4482119706437135,2.4057946108966832
2.873867006448806,5.730144681313352
8.18203568825358,12.040706162570366
7.978945377052463,22.28113064018974
3.9922547475837806,5.88712311224821
16.650623459434772,10.028485667961709
11.601186269982103,6.580620253132769
3.0268802546140456,7.091085765920415
2.7681487622619145,4.469678857123906
2.770930821319472,4.539234131895062
9.222525775777155,8.98042141780478
29.289517757883004,10.716803359502476
6.3069278834651215,7.065940944579086
2.66243051807504,5.832054695167486
15.206734808566523,7.1112968551241
8.980486637770337,10.485459476989769
5.995337269019562,9.289161687902793
12.051879837305217,6.682518955014475
57.23251893191187,10.71847631971956
3.3189964556567566,7.342620698920103
3.9087929758572915,7.882560777974211
1.6191583714939124,9.240729657019696
18.598064799719612,8.493365463254138
3.6500614835051737,9.13038010637195
7.9705991998798185,7.6091604741232235
4.161960350094307,2.5496477893973677
14.419412095280062,12.572237084244652
5.903529320120445,11.062595551396234
8.343395113591448,9.571119981873085
3.9755623932384734,9.010117154898438
13.378922007756401,7.8858966075998485
2.361968139859671,3.218025822131807
14.210757665963772,9.730394188514353
4.248204180878349,5.642425482992959
1.8973642772488768,7.12054055957183
3.6862282512533295,6.843904750771452
5.394412512588808,8.290290885092558
2.9601108372328673,6.971395826073992
3.280047628851067,8.062447873090848
8.029022440088347,9.917405173300946
3.366291459635103,6.5501852396022855
2.484378738391856,2.0461580346574517
14.021577650050427,7.236258242968857
2.5706225691759004,2.2033035369004166
7.372456502506621,7.8212445064888945
31.070035554714757,14.87000458430491
6.1038375722639495,6.760368088940362
2.6846869905354414,4.5648885137517645
31.899089153864548,8.669702169054004
12.463624577822493,9.173579580285976
24.139926442358483,8.408714798590347
21.469149747110812,7.528302573621932
3.129816439743388,5.1441816135812495
2.3675322579747715,5.981881459987081
8.301664227728224,17.24705255129824
6.701980269637121,7.6695230708285935
2.8432643568157876,9.77033598272187
11.921123061600406,8.052182538435156
31.954730335015483,9.188437354914083
2.576186687290993,6.081218614685959
1.7888639740044392,3.918240438768465
5.1968863195028,6.012843495325412
13.732243508065222,7.0006328658371375
29.35628717526418,12.032587457376506
4.490243318885179,11.186147071183822
11.097633580565612,7.3825433196055394
12.268880443794098,8.107638995937325
6.415428186709565,6.803523664281599
2.873867006448806,5.391328355066088
6.382043478018955,9.9114907317238
40.367676925045835,14.905836193112933
7.689611235067313,11.164876222378869
11.57336567940659,7.367230187511542
4.195345058784886,6.267443703342401
1.972479871802721,3.9238350135348337
17.131919676390936,10.794847676780321
2.5539302148306073,5.6889986417679275
9.650962870639807,10.577018460390738
2.501071092737165,4.374659086609965
4.58483332684187,7.6263915730395455
3.3301246918869607,6.244162450293925
25.503135380557946,12.493255272653686
7.867663014750482,10.003827348800055
5.5196051701785445,9.290369648008948
5.294258386517035,7.09940915924534
3.6862282512533295,6.736121945477036
11.417570372183881,7.258002229996873
1.9502233993423201,5.534199115972133
1.7220945566232477,7.603882316790689
5.438925457509613,7.823301013731443
2.690251108650525,2.321261375717562
20.615057616443135,9.85208882582989
21.513662692031566,7.157411177288224
2.170006064888749,2.0130697013759153
14.263616788057144,10.615097816825898
7.820368010772104,9.273459000053009
2.6179175731542363,2.1728241464894222
7.556072400304922,8.638154698403305
1.9057104544215329,1.9491995556168509
5.756080190070263,7.327558435022594
10.21572085932238,12.264623944813097
29.24778687201974,12.241347272940736
42.72964506490541,7.233383184392356
8.666113964267248,8.37949949485365
16.191583714939124,7.936040677227629
10.30752880822152,10.028970386384554
5.516823111121007,6.897955727171035
1.0603818097850592,8.593296797905587
27.625846441468312,7.925076884825868
31.701562960778535,9.041167859810031
3.8921006215119855,6.957112691058355
3.4414070541889474,5.53045839407046
4.420691842446446,9.852706532178605
7.127635305442266,8.701080100371582
12.026841305787189,6.797494252184402
30.53866227472284,12.653610735030231
2.9907134868659138,6.905733292703633
2.050377525414109,2.8738705989376117
5.018834539819615,7.171212809604976
3.466445585706888,2.75469831728412
3.586074125181526,9.218280425484375
8.688370436727647,11.290787478086816
2.542801978600405,7.470810313086676
10.602427068321743,6.798965097638795
32.6196424497699,10.014305874017056
9.016653405518516,11.707787868486053
5.797811075933523,7.650600441382372
4.559794795323913,9.256160901944238
3.5777279480088735,5.91620205604077
27.73712880377007,8.197639614287446
25.36681448673795,6.794900815774891
22.640396610339163,14.43579277066419
7.5282518097294355,14.454663865310806
12.630548121275485,17.352020366386633
26.71333107059203,9.297557624635669
9.695475815560638,9.479126654954992
54.077663960650604,14.730340798628847
5.4973486977181425,9.873585209146434
65.37004167524476,14.236876630853596
5.1913222013877,5.822500725813814
5.6893107726890895,8.997947263042198
2.506635210852258,5.37148519804099
8.440767180605697,12.829741760304207
3.096431731052788,7.37815748698117
5.753298131012712,8.017639551021523
11.71525069134169,10.572032337973488
4.462422728309689,7.643934748656969
2.1032366475075515,2.0789248182762905
2.676340813362788,5.390169560747286
23.324783138496464,13.199199373989716
21.513662692031566,6.944078676169567
6.318056119695315,9.408569574010157
4.476333023597427,3.1344712541321806
7.8620988966353735,8.122378136245054
7.02191706125538,12.118358999250738
23.168987831273732,13.923687245697803
5.127334843064072,6.358412006514425
4.412345665273771,6.950296025090598
6.871685872147699,8.812762056344585
7.222225313398926,9.045779164749948
15.13718333212781,7.213746388722696
9.765027291999353,7.530674816834511
20.578890848694876,9.665494433394846
3.00462378215365,6.568741611829652
2.400916966665374,2.033843632248607
3.700138546541068,6.181290015328205
2.787623175664772,6.425841909154051
2.284070486248276,2.207957644122892
11.136582407371364,13.056943587038766
2.7848411166072222,5.5900303391764234
6.234594347968816,7.535852011288157
3.9755623932384734,3.520506042211057
20.595583203040185,6.980374103488735
5.093950134373445,6.135019912089823
13.662692031626447,6.471176085877344
2.615135514096694,6.345579425544969
9.347718433366882,10.151574040736266
6.248504643256563,7.387575268776974
3.1325984988009323,6.402589274865103
6.089927276976262,6.371531928989829
6.54062084429929,7.6970094157800055
3.357945282462461,6.9614511379510775
2.821007884355368,11.346467418310821
5.975862855616696,7.541683463381683
6.446030836342625,6.890070515309305
2.940636423829997,5.391328355066088
5.41110486693408,6.365820347231186
6.220684052681064,6.1942492543816785
11.82375099458612,7.055150438665818
1.4911836548466297,7.283298434955493
21.677804176427102,7.663724109558115
4.543102440978624,9.415134404955486
10.652504131357704,7.243731147147567
4.059024164964975,7.43395691713759
5.338771331437821,6.100632731530797
4.757320988409931,6.233761170020381
2.2645960728454284,5.402462404264913
6.234594347968816,10.229513739910495
3.997818865698876,5.657674767602817
98.80760948793427,27.395397645227558
5.89796520200533,10.10635553107656
2.6373919865570943,6.597028666949638
3.2605732154482174,7.380323472110254
5.772772544415567,6.262221051016896
4.406781547158659,6.884145519887961
4.687769511971194,9.12422440701122
7.408623270254779,10.584408676165676
6.660249383773925,8.220439337619178
27.884577933820303,6.867973791986997
2.003082521435758,4.520367920747246
5.761644308185336,8.547800951021467
9.65374492969741,9.667936131840067
22.871307512115937,12.162298557385755
30.669419050427635,6.281873530110243
3.2605732154482174,5.153551259405478
25.21380123857275,8.644378771209071
7.083122360521476,9.651949091188294
5.66983635928623,4.536487957203718
75.65253195194822,278.39910616388136
4.960411299611077,8.851573776237768
3.118688203513177,6.602983078947996
3.3050861603690076,6.461033186738917
9.94864318979765,12.054527928509806
2.8989055379667605,2.1604445022320458
10.446631761099022,13.755411841292762
16.87875230215388,10.181057883151167
28.485502690250982,10.41491672496234
5.252527500653775,6.1593199257724525
11.673519805478412,6.41992444830914
3.3635094005775725,5.716313083105309
4.181434763497177,6.643478152854376
11.044774458472206,7.2540617500972555
9.809540236920098,11.72423790352234
38.18376056486933,11.491704875888479
4.687769511971194,2.974772011222196
3.644497365390066,18.958224846208907
3.2466629201604675,6.713054668875873
5.66983635928623,6.490792536694084
32.58625774107931,10.53593150355109
3.2271885067576243,7.311006265188176
5.714349304207061,7.292881372549719
2.7041614039382855,7.60433321766458
11.183877411349664,8.135407825501547
11.848789526104145,6.925442207289076
22.77115338604408,7.663726595303842
2.4899428565069632,2.2481277920069447
12.719574011117112,8.882143277536207
11.982328360866427,7.288837047147036
3.1409446759735853,6.414767230973745
3.5972023614117306,9.064697260021113
2.3536219626870163,9.661550907185106
17.304407337959024,18.378779290684577
4.876949527884571,6.782997169716722
5.644797827768283,9.315458611451282
27.723218508482514,6.349541321279361
9.929168776394786,10.505314762582499
2.5956611006938517,2.6000016175930853
27.5256923153965,6.930255644135025
16.483699915981827,16.596239595195833
6.006465505249751,7.879654796937132
10.349259694084793,12.78394127927328
4.2148194721877585,7.562583211915297
2.4955069746220584,4.232847408466942
36.45331983107351,8.35682363917801
3.7363053142892095,8.190437623158472
5.029962776049813,6.881652423551246
3.3134323375416788,6.736097390121867
17.546446475965777,13.24081666761007
9.664873165927569,12.360197253071847
18.172409763914594,17.163628364840655
4.993796008301664,8.939873879879686
5.068911602855507,5.854462921559344
6.682505856234308,9.982457022384938
8.18203568825358,13.880268359104186
2.4676863840465586,2.1725941446753283
30.82243229859282,7.21398050388566
9.459000795668887,9.267842096300846
7.044173533715778,10.68501175112228
7.953906845534512,14.618963006351866
7.305687085125432,6.011164116836692
3.786382377325113,7.021464556553084
12.458060459707406,6.8325426917906755
7.650662408261587,10.187718972230405
5.127334843064072,6.824118894185637
30.967099369585423,7.765391619586781
151.3328844944721,197.26285640467395
28.08766824502151,12.099620844758029
6.654685265658831,7.43064966716593
2.1338392971406015,5.731114834219411
5.099514252488547,7.8900648454550755
1.6191583714939124,2.1078850823165007
4.159178291036759,6.457636785436706
4.406781547158659,2.1779679154684137
36.07217774018913,7.767905642271676
3.129816439743388,7.215829216482571
26.952588149541157,11.93556779193696
8.524228952332157,12.110842279496147
5.803375194048621,8.18035924040539
8.335048936418822,8.261376807356633
2.245121659442594,4.24930158216173
21.68893241265739,8.063949171802813
4.748974811237287,7.195332990506724
4.896423941287436,9.517473543944387
18.742731870712195,7.203756525675895
6.749275273615496,6.561000906495292
36.723179559655705,10.852651390560492
3.789164436382657,7.879122304886772
3.4942661762823923,5.4030203381090836
30.221507542162133,7.401609397787568
7.308469144182982,12.755753160679422
85.61786749609125,58.23285235172692
1.8027742692921895,5.013814280565466
21.277187672139927,7.913464562775865
11.445390962759415,6.3473656329724
7.475392687635926,11.105999449361125
4.554230677208828,5.18915892306877
31.147933208326183,7.6859589423821975
2.7013793448807433,5.741683271751574
6.676941738119217,9.988849425413111
6.5628773167596846,8.408892765707895
10.722055607796422,10.239014825231513
11.437044785586684,7.313024653515413
2.706943462995828,4.250127659903123
28.580092698207928,7.509506833823753
22.173010688671024,7.9206637177683366
21.3968162116145,7.076692036947914
5.219142791963182,14.157313935120582
2.690251108650525,8.968684966637005
3.4942661762823923,9.405436141580532
5.366591922013329,5.971019007386075
80.61850736967429,15.103093628569738
11.846007467046515,6.497126528441857
10.964094745803315,6.326815900002453
3.5777279480088735,6.099439573448666
1.0599645009264278,7.062618327411841
11.45095508087453,11.203590626859338
28.73310594637303,13.128133562556117
37.399219910640404,10.280535207810463
21.88367654668571,8.810197464582073
17.318317633246764,12.10509109231454
12.471970754995223,8.397629175724372
6.340312592155715,5.989416843001952
5.5084769339483595,8.480103335695597
104.64715144973087,20.283967588900563
11.7820201087229,17.991628815965463
4.303845362029354,5.61318238600374
2.139403415255693,5.0399741313061055
2.4509940297012576,4.460173998578417
21.969920377469766,11.713433753500704
3.3468170462322537,2.830784283203445
2.6652125771325936,2.590543503994021
9.581411394201085,7.197739988197151
17.145829971678584,7.726246323940329
10.009848489063717,13.606211298879424
2.9128158332545113,6.117448071091154
5.361027803898218,6.222037874412544
7.998419790455309,10.764834207839328
8.866422216410827,6.937759679590513
4.2426400627632495,3.838944496712237
6.663031442831468,8.616866286463063
22.590319547303306,8.73612233143509
4.167524468209407,2.566285199012563
7.695175353182409,11.452365410536737
10.549567946228406,8.472779944946879
14.285873260517615,11.649358492201998
39.602610684219776,10.22440209916512
3.4692276447644352,7.153445840750643
21.27996973119754,7.103501836143885
137.69801305342096,7.322485061773843
3.2494449792180213,6.37829922034475
12.797471664728524,9.755448376298379
16.781380235139576,12.522600933334443
2.5205455061400017,4.324100240381628
3.6862282512533295,7.020288219805555
17.118009381103075,11.798643399889203
3.9087929758572915,7.739431996228449
3.046354668016887,5.278635085889206
2.542801978600405,1.924246545661845
2.7375461126288805,4.573252891018483
5.413886925991653,7.813343871308881
28.983491261552608,11.301279142502818
7.280648553607489,10.01866331577746
3.819767086015702,4.540514421387445
3.630587070102327,9.852367679102048
12.402419278556398,7.301340567945918
5.3109507408623,8.702854269260763
7.606149463340852,6.476903437228808
6.877249990262786,8.592451723114811
3.3301246918869607,7.257738287384724
30.463546680168896,7.345953868053095
11.467647435219822,7.7650736403055625
342.46868792530677,66.9103321524393
29.425838651702964,8.268745103366372
7.48652092386618,12.407570145106128
5.4973486977181425,6.7348569651232415
10.232413213667684,9.733750679502222
4.94650100432333,7.059269452717423
21.535919164491993,6.305489853847594
4.186998881612258,5.940537374666231
13.323280826605394,9.949428705996604
145.41266282000603,70.44685520989826
4.915898354690264,7.399412614858239
2.6652125771325936,5.182706145934773
3.7029206055986226,7.114958256701433
8.579870133483201,7.32562463269988
15.067631855689005,7.148638537434654
3.8058567907279426,2.894466699753548
6.365351123673615,6.557726187545547
3.747433550519417,7.6846956328721525
5.547425760754061,8.009433431858804
11.17831329323458,11.952090832628194
3.786382377325113,9.23746775002699
2.987931427808359,2.434127653422199
7.867663014750482,10.629686639767801
4.651602744223044,7.91143272909039
2.851610533988417,5.873476417194317
14.71152829632271,13.630315316595155
27.748257040000425,7.707140082779679
1.5356965997674203,6.283997146890469
8.332266877361247,10.80441659343037
6.654685265658831,7.906442380151948
8.1987280425989,9.735282586122405
2.5539302148306073,2.322330463824776
5.653144004940944,12.896390482566938
2.915597892312058,5.852391024080848
32.085487110720464,8.167673798067336
2.1032366475075515,3.0345794654733362
112.15871090511517,37.07072549337855
2.8822131836214635,5.80786675845128
12.274444561909196,9.306564979345099
2.4036990257229274,2.468867679898931
5.472310166200204,8.518872772923634
687.1574589785376,30.89735297751256
5.789464898760881,6.894116757370551
6.788224100421192,8.154123129189708
5.146809256466899,10.12239511521644
27.915180583453388,7.6676105741849545
23.41380902833806,46.935003360318156
1.4049398240625803,6.800251791795735
16.956649955765297,7.69039072944833
5.24139926442358,6.704676367609024
8.919281338504247,6.447881646056282
10.674760603818095,12.07928029339104
6.318056119695315,7.812998315609726
14.299783555805304,7.565257294665285
22.32602393683613,9.890051172485789
6.521146430896441,7.152434757825834
5.917439615408179,7.089514781192428
21.733445357578002,16.49488879190279
4.5041536141729415,5.040140942451032
17.248766156807992,10.802884756193558
7.311251203240541,8.108005024544765
28.605131229725718,8.763258005284817
18.144589173338986,9.496406363615497
13.136882869749632,11.542872130188732
31.359369696699872,7.577578616944131
27.979167941777124,8.589370787286033
37.94728554497755,11.462230650997007
9.945861130740091,7.958165391691624
3.2717014516784144,6.815529576738923
18.55076979574123,6.27099058133672
6.382043478018955,7.953063057847991
29.84592956939286,21.275962213955427
6.023157859595037,8.022299887928423
5.063347484740408,6.147860227737309
10.541221769055701,9.254170711435355
11.82375099458612,10.248296356250753
2.1143648837377507,2.325368147438303
3.0992137901103343,6.565499151481346
3.076957317649945,4.240680766980305
2.4955069746220584,5.390292854091632
6.727018801155123,10.502661732531648
3.8169850269581507,12.060801834198779
3.255009097333116,7.366410275815094
2.709725522053379,2.125809650533643
27.692615858849535,7.516301477683559
2.8432643568157876,5.9022581745062785
2.759802585089282,8.16790338587633
3.1437267350311284,5.688167896380166
16.163763124363584,7.193633205538482
2.4621222659314665,5.57056115750819
23.283052252633208,8.882657635417823
5.046655130395108,2.8718788588403807
56.617683880193454,31.983729822891522
3.3913299911530306,7.320906867540272
38.470312647796945,8.524652410855312
30.608213751161543,27.83921223433374
2.534455801427753,2.199124018598611
21.864202133282916,7.1845113779064995
28.52445151705689,8.918333501057036
2.731981994513781,7.805195809372763
2.676340813362788,5.091736444551965
2.815443766240271,6.211481867778066
2.231211364154838,8.372196032732658
6.98575029350722,12.529505480254631
3.235534683930265,8.850428468146063
21.90593301914609,8.159061185271197
5.884054906717592,9.957920051301164
3.0936496719952307,2.943583373921309
11.915558943485314,7.828659596618093
6.68528791529186,6.898738964673502
5.477874284315295,10.176785337054273
12.01293101049952,6.373004995616485
14.700400060092516,8.352909246758323
18.036088870094478,9.443378930554903
4.440166255849255,5.2545097572551605
2.9601108372328673,6.971395826073992
6.471069367860535,8.226905723656166
31.06725349565722,10.757954203429508
26.329406920650154,10.911243319357268
12.341213979290396,8.122878878655728
5.889619024832662,7.020692068987355
14.194065311618433,8.934236599998544
12.088046605053279,7.396301847968459
23.71705346561091,8.606284172315618
5.121770724948948,6.42063362748093
7.436443860830289,11.338872284751286
14.516784162294227,9.311184387686206
3.8336773813034624,6.276110959224546
2.517763447082449,1.4872866719749638
5.73660577666743,4.377194705360926
3.0380084908442355,7.757152187524237
44.159623420486085,11.258568101304757
12.430239869131908,7.747667150707381
4.220383590302851,8.867699523474212
5.806157253106164,7.142988700854673
3.0018417230960956,2.5736855966724317
17.457420586124183,18.44014162233674
2.4120452028955683,7.947283620299102
73.5270388319804,19.250868224225375
13.72389733089252,5.2744344435962125
6.829954986284456,7.7610427759447695
4.938154827150675,3.0183584735037865
18.23639712223812,9.635749229980034
5.706003127034378,6.455617095007512
19.841645198444336,18.484576021849847
21.919843314433937,7.39089247882834
4.245422121820801,6.444130632397913
3.97278033418091,8.426461026754412
13.328844944720501,10.560834467973338
26.62708723980786,11.266898827266022
3.8114209088430453,7.365699925149283
7.93999655024678,9.966922216376155
26.270983680441624,23.341128492498335
3.1465087940886636,10.380993619314772
2.7180716992260265,5.6762166775148355
3.4887020581673043,6.842159017140329
15.810441624054818,13.278882193140893
29.94608369546464,10.267335460888724
2.5539302148306073,0.06119579162433
6.512800253723788,5.759366243277819
3.8225491450732436,9.075421281877627
12.519265758973502,6.610698536680691
4.562576854381459,7.744130867901132
12.766869015095484,7.616375691337029
21.12417442397471,6.5478176900970775
17.485241176699702,14.596631969599954
3.566599711778678,6.251510251153739
24.3430167535597,12.486826697488615
4.2927171257991565,7.814503337871211
24.68521001763835,9.439856865742673
7.389148856851903,9.745219565570467
3.2967399831963617,7.884577272064152
36.876192807820956,7.149866621128264
6.6352108522559625,11.980587381904362
21.80856095213198,8.014190302765522
3.819767086015702,9.730151650233985
15.078760091919213,16.455401596663943
7.005224706910081,7.605581882898126
6.49888995843605,7.469825620307944
9.609231984776565,6.725351625893989
11.7681098134351,6.350919676985964
2.6067893369240425,2.2344250086116513
4.829654523906225,8.728458192133958
3.385765873037944,6.523175886775633
3.697356487483514,9.290773462633156
30.368956672212317,14.668216009463048
3.199367916182123,5.649738790741281
4.0172932791017475,2.334140646680555
29.32846658468872,12.24571141336068
3.352381164347359,6.602272078388331
21.580432109412843,7.0499783813166355
70.65873594364656,7.865134659390146
6.165042871530085,7.395073471773503
20.776417041781006,6.684732912844972
4.351140366007669,5.568116449802635
15.078760091919213,10.250343137919184
11.667955687363285,8.14145648027706
4.7767954018128,6.572268756273659
27.664795268273988,6.699863444166508
4.804615992388282,2.495051699504034
21.850291837995112,7.969132512289857
1.6803636707599987,6.263955900342208
2.80709758906762,6.317956506485725
12.057443955420299,7.2881107998604495
2.6485202227872895,2.2616714312494244
28.74423418260316,9.467465371823662
10.007066430006203,11.105267450735381
2.779276998492114,5.854964606209399
23.54734786310043,10.713093773179846
4.05346004684985,6.037997584748182
4.901988059402504,8.205913968292398
5.923003733523252,6.792077084872537
12.046315719190101,7.512211385850478
1.8305948598676884,2.175838745131792
3.274483510735964,3.514623743153453
2.030903112011262,4.210463552817959
4.721154220661803,7.336417511109423
9.570283157970886,9.105796049152188
149.57184111104283,15.315615703134837
3.3551632234049142,5.919442642729551
9.303205488446102,12.899102613982818
5.55298987886914,12.783323006651747
15.896685454838792,11.974326587860617
3.2160602705274246,6.329981493194685
8.524228952332157,6.302461300466866
16.703482581528213,10.071212642650814
4.253768298993449,8.609996484827176
38.509261474602575,31.23681001333157
6.142786399069685,6.924807529877025
28.685810942394713,12.836745167764827
2.3508399036294647,2.1728241464894222
16.837021416290604,7.171963620581667
3.961652097950734,7.409153846649733
3.5888561842390945,7.290154990201342
9.92082259922215,8.37949949485365
70.87573655013564,70.2694017667859
9.333808138079162,7.680415474958654
30.47467491639908,12.580082768510168
3.9699982751233813,6.531360709362247
10.975222982033484,8.395979019785605
9.762245232941815,7.694603328978299
21.110264128686897,6.755948542328984
11.743071281917185,6.409195496866005
6.991314411622326,12.183938318804472
4.061806224022516,9.14079027272407
6.660249383773925,6.858233321449601
16.567161687708225,8.796330540931951
4.6682950985683584,5.64895293637659
3.082521435765036,4.708145135652318
6.089927276976262,8.702854269260763
9.915258481107042,15.110634442564605
5.1968863195028,6.275813844131937
18.767770402230116,18.74862052881993
5.747734012897625,6.322058060770462
3.894882680569546,7.003083736686686
14.589117697790487,10.90070143966948
17.29049704267117,12.875861741010022
5.294258386517035,7.308391040686665
2.306326958708678,5.454468545869298
1.5440427769400702,8.717091409555207
6.557313198644554,11.027472455823315
29.05860685610634,10.719318384460745
7.391930915909478,7.57628360940797
9.28929519315837,8.879846943851444
24.713030608213682,18.03012935548765
15.679684848350053,6.0656977599363255
27.940219114971473,7.139277237979524
20.71521174251487,14.803405752041085
3.4108044045559036,8.394928100608034
4.06458828308007,6.518008244260827
13.582012318957513,15.937880915852134
7.1359814826149,8.592615570480996
4.128575641403721,7.617103599208519
2.1171469427952996,2.35064717424698
8.554831601965255,9.496411764702938
21.869766251397987,7.406249696223281
5.441707516567152,7.659877942495891
3.15207291220378,5.560795296542486
3.7196129599439045,6.865528687058281
16.4976102112696,16.34125119215106
16.703482581528213,10.071212642650814
2.6095713959815936,2.3944434807950614
5.224706910078308,8.416946661686985
2.979585250635711,5.4560550067408595
58.089393121637286,34.7609493772059
86.67504993796021,11.335532425325827
3.0630470223621895,5.632154811260198
29.07529921045164,14.110636959802221
1.8445051551554315,3.8673729902160217
18.61475715406489,8.639464478438672
5.82284960745148,9.596973750711363
4.760103047467494,7.421097014897517
9.631488457236966,8.364163997447188
5.30260456368969,6.54022805443231
6.51001819466624,7.839818157169584
36.49783277599417,7.2070471012754105
3.808638849785502,6.610129046853232
3.808638849785502,6.610129046853232
4.167524468209407,7.229811328974704
11.228390356270495,7.008193228254418
25.51426361678813,7.165963754444652
6.404299950479355,7.518403303704851
29.409146297357626,11.377356996840524
33.162143965992094,8.574626819419896
28.466028276848416,11.294669348249732
2.8098796481251544,5.400510553619858
6.223466111738646,8.016137165414245
5.1635016108121965,4.1313339153941895
36.53121748468479,7.036933256398425
22.017215381448082,8.45508811010964
4.028421515331918,7.393548728591407
20.450916132047727,6.188330804412279
1.863979568558283,4.97570908697274
6.229030229853705,12.946555394901605
7.978945377052463,10.417402322370322
2.6596484590174887,4.400148617063335
4.173088586324506,4.595909229132673
6.515582312781352,9.901560868131034
2.5622763920032505,6.743849218928813
15.43486365128564,9.135989294014346
76.32300818481761,49.40570071122289
9.178012830856318,6.007319952744977
5.32764309520762,8.251349353790795
30.52196992037752,10.238625486749367
5.441707516567152,5.839383190824063
4.4930253779427005,2.608363261145415
12.199328967355283,9.334953567988254
8.716191027303143,11.161163688495002
3.4942661762823923,5.264087086061791
21.246585022506927,7.157411177288224
29.167107159350966,11.003931294659349
4.1118832870584265,8.16655981785543
22.295421287203066,9.151332283989916
21.193725900413416,7.147508132066891
5.722695481379674,10.210807313044807
8.143086861447891,14.95720606252584
11.122672112083597,5.9835702678984815
4.234293885590605,6.469914182721983
3.2939579241388075,6.129653091448897
19.49666987530814,8.172015747702435
4.203691235957568,8.792234610198554
12.263316325679021,7.427694514359554
5.227488969135844,6.876295545290622
6.921762935183594,7.320584743812197
7.806457715484376,10.04571606624922
3.0908676129376906,4.865030384412132
4.587615385899403,10.972684749997146
5.934131969753452,6.928685243403624
13.415088775504483,15.994854288755622
5.555771937926706,9.060508113890627
9.59810374854639,10.019901318870948
11.754199518147399,9.352985114625852
5.806157253106164,7.1146048836646285
13.431781129849815,12.394148553886499
14.589117697790487,8.916623881588134
4.097972991770663,6.5689347773468985
39.215904475220164,8.308713637758084
3.02131613649895,2.486142517361182
3.1409446759735853,8.445173673305295
2.587314923521205,7.9953679210741555
6.701980269637121,7.287444588284528
5.864580493314709,10.24302379101881
11.826533053643704,7.857791908784989
6.229030229853705,6.161929205748999
1.7415689700260986,4.5649057141384315
6.518364371838878,8.597758371619722
4.991013949244101,8.054894974178593
12.088046605053279,7.2704745421938535
53.70208598788139,11.785896018102228
6.267979056659405,6.101518516120351
6.359787005558542,8.18293412878897
8.560395720080338,7.06380996693021
2.4899428565069632,7.663936359573379
8.01789420385816,13.732995958250699
9.108461354417633,9.120731465806792
162.46390278372795,37.75287481547984
3.435842936073857,5.815441738571519
3.8587159128214013,6.216687258587837
6.451594954457702,7.315012263110467
7.394712974967032,8.295806072663353
3.235534683930265,6.375589652277524
27.486743488590754,6.839007654416664
13.30658847226014,12.109427127754968
17.935934744022703,12.56363387822855
17.39899734591579,9.429750711369344
3.7752541410949076,5.510573878025501
4.14526799574901,3.986807870925175
30.744534644981353,19.030052656803136
3.2049320342972196,6.161521036958848
166.2057722161333,69.63468441554244
11.987892478981516,8.009433431858804
20.562198494349577,6.331233198332065
3.7363053142892095,10.831692354845247
109.67711422578084,27.256044734871974
2.2979807815360247,5.66856502398453
3.2633552745057766,6.58692641102379
6.092709336033779,10.771508403080174
4.879731586942122,6.091578774724212
1.894582218191333,2.2787321042964805
52.75340384925694,11.501404934977392
3.8587159128214013,7.677593769325016
5.558553996984242,7.933351708378459
2.1032366475075515,4.111356307153478
7.1192891282696,5.861028616788114
5.475092225257752,5.9369521535343805
5.402758689761456,7.323383910013306
13.537499374036699,8.547398438202666
2.3536219626870163,5.137793192474958
19.841645198444336,8.028507637584857
18.784462756575376,18.98200673669221
7.887137428153307,9.024890497082461
7.238917667744243,6.415674637472995
7.02191706125538,9.717377837042479
12.015713069557016,11.40038522994561
3.2494449792180213,8.146669478665075
2.6874690495929787,2.1645592717806212
2.047595466356556,4.934417445769088
13.07567757048348,9.811044033819458
21.474713865225908,6.943385101785255
9.670437284042665,9.766424797844158
7.695175353182409,12.237133432392982
2.7681487622619145,5.978523901557969
6.512800253723788,7.17665515355847
2.1894804782915878,4.063693614934085
6.153914635299908,6.1942492543816785
4.373396838468096,9.496605154293867
21.374559739154066,6.176243158703212
14.052180299683421,8.385772039495114
2.233993423212393,5.849652917145837
2.9907134868659138,5.58408649860658
28.660772410876675,14.92863833230209
3.761343845807161,7.674240291629508
11.812622758355896,6.4434760374710605
8.620467330280494,10.98587686573372
4.465204787367223,6.822823552810481
5.97029873750159,6.859562032297359
2.1950445964066865,6.6639692516733255
3.5387791212031816,8.146467926756126
5.5390795835813975,7.005363270409828
4.303845362029354,6.992820694180869
6.740929096442852,10.47400592424996
40.96860168147642,11.393848254911635
2.9517646600601952,6.325065392922261
11.62900686055767,7.115601650894287
5.678182536458881,7.161288530919339
4.991013949244101,5.515741264799722
13.014472271217347,10.279403346436167
27.325384063252944,15.80384582259854
2.907251715139407,4.662924923856116
7.533815927844502,6.232676222650584
6.43768465916994,7.872801497048321
2.4565581478163634,2.4221734834731063
6.84108322251466,7.639245393932578
32.658591276575635,10.4369724516268
4.270460653338757,6.458866171671419
2.612353455039145,4.200937462206748
1.900146336306428,4.363583152378046
3.8225491450732436,6.7710898812197025
2.9907134868659138,4.8276755539534415
2.923944069484706,2.377588811318778
5.914657556350614,5.57056115750819
3.049136727074437,6.9738136937337405
2.4621222659314665,7.450641403796743
30.44407226676607,6.044799684426789
12.54430429049149,7.918848335663808
5.619759296250368,12.154870951266894
3.786382377325113,7.344670677207129
3.6862282512533295,9.985723884912904
22.729422500180835,8.884414141815446
1.6553251392420616,5.972946949799546
3.0908676129376906,3.1279626801600986
5.043873071337553,8.826729456902452
11.948943652175805,7.1254626960320975
14.102257362719358,9.784935476460785
2.6318278684419942,6.234555908909384
11.208915942867609,21.018603408912984
3.7168309008863667,5.934115463164693
21.402380329729617,7.650227664725504
7.416969447427452,12.787410190729057
10.20459262309226,7.639764642197426
4.629346271762659,4.584150840670864
4.6488206851655,7.174474532934373
6.1761711077602595,8.323136145952525
21.46636768805325,9.379574518272811
8.332266877361247,10.208808641372102
2.328583431169077,5.648238660368276
28.326925323970702,9.154840119426137
7.222225313398926,9.01918483752767
5.731041658552325,3.9271083162424305
7.330725616643402,12.80267261191851
5.413886925991653,8.755292770543008
2.4899428565069632,2.2481277920069447
8.563177779137895,5.783511463243806
16.97890642822563,7.880847433901915
6.039850213940357,2.9265390156490927
4.54032038192108,8.601176324220894
2.0420313482414567,5.733377939485065
12.563778703894311,8.774218080227556
13.220344641476007,7.5591157968255995
53.82449658641357,12.547507834157695
9.600885807603914,11.214414322665586
6.459941131630341,7.8387107481160925
21.694496530772444,6.599614213645868
1.38824746971729,7.383916750776083
43.40846747494755,13.520210429820004
54.706409307656855,8.606284172315618
5.867362552372253,9.265706237795458
22.543024543324957,7.606199933536758
6.8076985138240245,7.58189335531263
6.732582919270207,9.195420265610663
5.013270421704503,8.566878001795057
2.9740211325205985,6.270073224737869
9.52577021305009,7.299821359711524
7.275084435492409,10.49253451151767
3.7029206055986226,7.187097114899116
3.2772655697935082,7.561103511965968
7.019135002197824,13.9187627190388
11.896084530082383,8.814679467529759
12.474752814052708,8.810254274064889
6.482197604090734,2.15688546315984
4.896423941287436,2.3879547541735877
37.051462528446514,11.583173445660176
3.18545762089438,5.880347321551252
5.41110486693408,10.013929810713643
11.142146525486405,6.423755536565644
4.865821291654388,8.548286197339783
2.971239073463052,7.054202033455341
13.05063903896549,8.488341574792694
5.041091012280014,7.612990371215965
18.84566805584151,18.910696155217778
57.6553919086595,14.702297401649835
8.090227739354452,7.092624653309926
5.722695481379674,8.191751083175216
28.140527367114856,13.810100897187741
41.730885863245106,12.902049221633185
145.36258575696985,20.356937639412376
28.671900647106902,11.030351622574546
6.07045286357338,10.349449237323844
3.510958530627694,9.581117489890575
4.8129621695609295,8.854733238622085
5.973080796559162,7.1912353299494445
2.573404628233454,2.0668395870277
4.156396231979219,6.580753984285054
4.479115082654976,2.759258500645786
16.94273966047749,37.422481621750805
13.451255543252685,8.319806490403797
7.122071187327158,6.610585580381691
2.548366096715498,5.0912762492124575
4.412345665273771,6.368516332971382
66.4355702942862,55.978651324799515
22.579191311073068,7.241753376074437
31.376062051045228,20.94538661031674
6.860557635917484,7.218956554431366
5.88127284766001,10.378680336913112
5.419451044106765,6.71414034315389
2.9211620104271643,5.820930177605768
165.29603890431426,293.7749200058975
10.972440922975885,6.611500627800717
1.980826048975372,5.59810910998088
5.3220789770925245,9.80061866605062
13.977064705129601,14.035655787000351
1.8918001591337792,7.854324086263413
5.135681020236693,8.76766981572483
3.9143570939723897,7.780083280314612
5.1078604296611925,7.560395250926309
4.06458828308007,2.734906908181274
2.1199290018528454,2.1828459177886166
4.186998881612258,6.3075095901148925
20.834840281989464,7.682623688402213
6.529492608069086,8.082700437076438
17.12913761733329,9.449838220202636
1.8305948598676884,1.9452722745242603
8.335048936418822,4.1652185276918345
10.371516166545202,12.830959216084217
8.176471570138483,11.458568957830419
22.036689794850968,8.332606897756559
6.629646734140875,9.789766108772687
3.7529976686344972,7.07155483872414
32.135564173756265,9.616928968740114
7.703521530355048,12.958832926763984
2.6457381637297237,4.258379038920399
4.022857397216825,7.260040758061793
3.9171391530299347,6.396581068251731
22.882435748346005,10.811218717990958
28.571746521035113,10.020034253968182
6.276325233832051,10.344053746585246
2.481596679334313,10.424108408801908
4.879731586942122,8.843495131009728
1.4021577650050419,5.730853270326506
3.0407905499017795,8.56235561805431
21.591560345642996,7.620540544744257
15.11770891872495,6.5714769550294685
5.213578673848112,6.668721946864133
10.710927371566235,6.454394539124693
11.067030930932585,6.87069100697499
8.602126605943587,9.696810281775653
7.7563806524484855,8.471924226660997
2.798751411894969,4.291536992276982
13.395614362101682,7.9866940473953
4.312191539201993,6.796341602254252
4.031203574389474,6.64113678491629
2.153313710543451,6.399151595500526
21.19094384135593,7.284180231630079
14.249706492769395,9.457816828587521
29.81532691976005,11.893126464907464
5.155155433639536,7.753015938635004
331.13179726579193,42.26509581291091
2.3452757855143718,4.2823923972528295
20.818147927644315,6.291692122684148
4.148050054806564,6.504118129601718
8.607690724058687,6.708199942178739
4.173088586324506,5.033577704617358
2.7570205260317264,5.28892688117402
9.873527595243827,8.755584723916883
3.828113263188352,3.1274556954177664
10.29918263104891,12.515762103934573
21.449675333708026,6.269612360260217
27.606372028065394,7.895329262885631
29.498172187199156,13.765723332920263
6.370915241788757,7.328103191587027
15.838262214630308,7.580024855326309
1.4271962965229776,10.102985564652702
7.269520317377305,6.1243332612513255
5.984209032789325,6.995921702402707
2.896123478909208,6.5410821204421215
2.4509940297012576,4.584934504877957
2.4509940297012576,2.2257261250578733
5.18854014233016,7.389966814341445
4.484679200770062,5.370698562656972
36.67588455567738,11.631830991090032
2.8043155300100646,5.264603355860667
3.280047628851067,6.829211475556911
21.90593301914609,7.322866069725025
4.587615385899403,6.545931640135904
3.032444372729144,6.511434277470133
3.77803620015246,7.666473425201585
21.997740968045292,9.668074340061933
5.500130756775696,6.390120247797798
3.0240981955564883,7.3218656219972615
28.39369474135196,7.525559664172002
6.273543174774512,10.305280619604604
6.351440828385906,7.129420855700806
24.126016147070803,18.833177785029417
4.212037413130232,9.567346210303256
4.520845968518213,7.34815491395918
21.82803536553468,7.460928866450706
4.94093688620823,6.73283817373289
1.2880933436455013,5.896336713311438
6.1566966943574375,3.8643562410573455
4.570923031554105,5.839861239391611
32.88115600117955,10.657208862639619
12.64445841656332,8.099447476163263
9.133499885935581,9.503940708288601
6.9940964706798745,9.208713107431457
28.610695347840803,9.803237232184323
26.924767558965566,15.61031983144108
5.870144611429812,9.286935107471454
12.021277187672156,13.835864427174604
15.991275462795478,6.6409897429852105
22.734986618295917,9.666593284943907
3.5582535346060324,8.471353989069204
5.082821898143253,6.863887413183547
2.2924166634209286,6.192089139802079
2.5539302148306073,2.16578897370294
28.521669457999295,8.128479722755657
5.769990485358043,11.318962578451579
5.472310166200204,6.120799690520119
15.304106875580825,9.51001291569344
8.833037507720237,7.51180528034657
5.8284137255665724,6.642068169873426
16.43918697106099,6.675408462735151
12.41354751478664,7.303992751295998
2.9851493687508106,6.093563420639156
9.834578768438103,8.419506627238567
2.971239073463052,9.409351224856202
40.61249812211016,7.185977928856685
9.397795496402807,13.499294078572696
9.998720252833499,6.964139983900698
8.518664834217132,6.032204497829051
2.779276998492114,2.458475555069911
3.850369735648749,8.313448176354198
26.284893975729343,13.61188696086544
3.1075599672829886,8.062018962182604
9.278166956928176,8.503462423257512
3.5471252983758346,7.5412308634099725
5.71991342232214,6.095070988976553
4.284370948626502,3.831583233617528
3.9199212120874924,6.776231852758113
8.966576342482588,6.960763890577259
4.8101801105033815,2.9129467552620216
6.882814108377898,9.441721913188221
5.864580493314709,8.020016696043703
15.649082198716894,12.719699830968493
3.413586463613468,7.21012026479523
5.811721371221266,9.77403277993245
27.89292411099301,12.205408078420914
6.523928489953981,7.738990288978278
16.78694435325472,7.618309130939616
2.8349181796431195,9.020242741230257
2.9684570144055025,5.978523901557969
5.1078604296611925,6.772876797485329
22.075638621656683,9.13579244876853
2.028121052953713,7.810454432670886
1.7693895606015906,2.0869125677431373
2.359186080802125,6.891008637304438
4.128575641403721,6.112235745224775
11.718032750399178,6.75767835530982
8.72731926353332,9.406396654099261
2.1115828246801986,4.119351541270457
24.00916966665375,12.50247561599418
55.12650022534683,28.98537049404849
22.598665724476128,9.844862368699765
56.34226003349591,11.828421744164208
8.988832814942999,8.653003968983814
5.636451650595629,7.894859454143779
75.54959576681878,52.189189148308735
12.647240475620798,19.51459790683043
7.205532959053654,10.117030997824818
30.961535251470256,15.61291722976676
2.4370837344134997,5.393055819395458
2.6040072778665007,8.407697582872833
7.725778002815395,16.04279261983992
15.031465087940923,5.427433442460398
3.5777279480088735,5.91620205604077
8.034586558203474,6.0145726512916085
14.483399453603612,13.250578791375013
2.5094172699098136,7.530287168139417
104.207586118638,336.9939523450816
8.120830388987502,7.028408487052702
24.765889730307176,9.328820113650847
8.312792463958461,7.019259729239082
36.23353716552694,6.1091698527952865
2.9628928962903998,2.3591425065702674
6.877249990262786,6.8623258966141
5.6893107726890895,9.329734926735586
6.259632879486775,6.694065991339947
13.033946684620204,9.337617002134106
4.8101801105033815,4.889952748328695
5.280348091229309,4.803929507782084
8.290535991498023,15.029188948925881
8.318356582073514,8.249424801925423
7.430879742715169,8.270187496228639
4.615435976474907,2.2095656593212523
1.8445051551554315,4.191226563557622
12.449714282534778,9.153842740045858
3.7084847237137155,5.896946822757526
11.601186269982103,6.681249161424227
10.363169989372446,8.80348930554504
5.4973486977181425,3.7745295615401955
4.3149735982595345,7.031078197151077
4.250986239935896,6.409968710875272
5.923003733523252,3.703814448575908
25.823072172176108,13.740987427667111
27.36989700817372,6.71063122798129
1.5440427769400702,8.717091409555207
36.339255409713864,7.5693420354930625
16.469789620694105,33.55498815584935
7.358546207218884,8.840486735176064
8.460241594008574,6.954782704078865
3.1882396799519324,6.289258971183916
2.6846869905354414,2.364648883679022
19.813824607868746,8.301612645260924
9.815104355035212,9.154501227344634
6.0871452179187004,7.623205818477668
10.140605264768622,6.091536744663836
22.033907735793427,7.089904206962871
9.29485931127345,10.29713283151206
27.842847047957047,7.653183340280428
14.013231472877688,8.398177918802077
68.3412807487076,44.397296390397344
8.156997156735658,10.61907917833832
13.843525870367227,13.10532949653361
21.533137105434495,7.999912480741675
5.160719551754648,6.463659394344618
31.00883025544869,7.98064441945301
7.884355369095759,10.379964391575703
2.932290246657357,8.686404295273128
5.049437189452664,7.596132692049841
5.936914028810992,8.40874894425614
12.86424108210968,8.676256346365498
3.7307411961741184,7.0827328248986605
20.58723702586757,6.337977951631099
21.182597664183206,6.736795836745559
9.648180811582286,9.113182674070552
12.519265758973502,7.396797386422195
12.755740778865313,6.600594764516318
20.15601787194742,8.44284832078079
7.864880955692922,13.684678018972173
13.211998464303463,11.819309854727212
9.205833421431853,7.310286906141712
2.7514564079166344,5.6329669170367795
3.77803620015246,10.172812979476872
2.993495545923455,6.012817299192309
7.631187994858736,8.382913846166108
6.960711761989294,10.862589895175986
4.712808043489148,11.45869383834373
5.544643701696492,7.595966643199505
9.553590803625596,7.69710363865272
6.729800860212671,12.585107865048476
2.6596484590174887,5.035676768180918
4.320537716374637,6.913866462169144
7.901047723441078,6.4542594954840204
27.83171881172704,13.06226677129155
10.947402391458017,6.741749380422392
9.272602838813047,6.761916764473661
7.325161498528283,8.029902909625221
14.641976819883846,8.365063095088914
20.26451817519174,35.72403876691968
4.849128937309078,7.965355899265422
6.888378226493026,9.988727782346318
5.664272241171143,10.392750339061388
6.891160285550547,7.018743879215631
12.165944258664702,7.261363102351769
7.09425059675167,5.629548251602839
24.220606155027518,10.18500370035477
3.0992137901103343,5.63815408188114
11.14492858454401,6.833744626181416
10.196246445919607,7.614852346824502
8.421292767202848,10.650679847490588
3.444189113246507,8.728003412885345
7.428097683657627,9.610367050312803
1.8305948598676884,5.429220121062268
14.536258575696985,8.299836226176204
3.057482904247095,3.1589116200673826
2.1199290018528454,3.19648792459117
2.821007884355368,2.5141120019213514
25.02183916360174,11.358112108574405
2.779276998492114,7.353045259969118
27.837282929841972,7.6387818975177915
4.779577460870334,11.289922527212212
3.5276508849729855,7.0000709943611
4.462422728309689,2.269188363212727
5.911875497293033,6.819713996328416
4.765667165582596,5.684212957022117
30.52196992037752,9.003868358513593
2.612353455039145,4.728450350189011
3.4914841172248403,4.1113159291460475
8.910935161331562,7.073914186208658
6.585133789220075,11.844726045472441
11.214480060982668,6.017891160143934
18.386628311345806,56.44992352031348
2.5511481557730464,4.374211934106978
122.40503441407122,13.621486962069655
3.7029206055986226,7.407510612582264
16.397456085197742,11.64149775210947
9.3699749058273,13.480507283009018
6.21511993456596,10.61807021120012
7.339071793816075,8.323164641156398
21.394034152557023,6.487186556801982
14.708746237265126,9.365171230077163
10.635811777012405,8.548592147920132
6.6073902616804565,7.368513500566365
5.405540748819022,5.31853156866247
2.907251715139407,8.597600200686417
2.5455840376579544,5.91182263107103
3.057482904247095,5.573809731328515
3.274483510735964,6.403808703222261
6.621300556968212,7.823555317725512
5.063347484740408,5.296661602978548
11.311852127996941,12.235502508196433
15.19560657233631,8.960369026503438
25.21936535668781,14.309428622070124
5.272001914056635,2.466692330629676
7.155455896017762,8.850841535005273
8.173689511080946,2.9384687322772027
6.10661963132154,3.8119776340323215
4.2927171257991565,6.349341332005656
12.29113691625443,7.247663050356604
3.466445585706888,7.707303111201802
37.55223315880557,15.378953997177629
9.356064610539558,9.032109104635627
2.2951987224784807,9.175270088291313
24.579491773451384,9.525926790749002
5.18854014233016,9.70986010164414
8.941537810964638,7.010570722126386
8.749575735993707,6.972910027087886
7.205532959053654,8.4813941456205
19.371477217718382,6.876322184519155
6.123311985666844,6.1293809779420725
21.378758979095675,11.3010725765349
16.36128931744959,5.999929923404426
5.8284137255665724,7.955213320858718
13.28711405885722,8.148904795896483
0.5035526894164908,5.987759588249112
9.378321082999937,7.047610420455862
2.3703143170323244,5.538668853518793
11.211698001925182,6.299270590596097
6.318056119695315,6.783326233292493
9.433962264150955,15.29809844724869
2.76258464414683,5.012438805240838
9.876309654301329,12.545273438681033
2.979585250635711,4.969177209176385
28.098796481251707,10.019580590833634
11.370275368205505,6.432372487903061
16.85649582969348,10.165951831616038
4.6126539174173535,4.899559758649596
173.87869109685485,9.546809437981862
9.564719039855786,9.066402730953381
6.034286095825239,10.331857721276398
5.536297524523847,6.825800948828297
36.80107721326707,14.48393638478299
3.555471475548479,9.51139656490109
12.243841912276089,9.66147016109574
7.060865888061073,8.407575794425668
25.678405101183532,17.371435068698002
10.972440922975885,8.03738734665966
12.61107370787268,9.170312133656774
5.611413119077681,7.496372040916158
3.2132782114698637,6.839153186315768
6.6964161515220635,6.063717595243322
4.1647424091518666,6.669393986286875
8.646639550864414,6.160171658040651
6.034286095825239,7.5233081740808965
14.330386205438396,13.188212821400919
5.992555209962001,3.4887446821922095
15.635171903429201,6.771294780268683
2.8571746521035073,6.01207846147929
3.299522042253916,6.674977288884957
34.97604647151455,19.39048288062354
6.626864675083318,4.273164046463374
5.297040445574578,13.816488817688937
11.907212766312604,6.89927129675891
15.930070163529397,12.691404648568064
6.095491395091325,12.380203086361528
5.135681020236693,6.0088515266901315
29.133722450660052,11.554427845725291
4.223165649360393,8.339416913462403
11.445390962759415,9.35368911819757
6.373697300846266,8.637207109459526
4.501371555115371,4.3218760702056755
4.690551571028742,7.033951437866602
7.302905026067886,9.300837376655934
28.026462945755455,7.441992553385325
2.1171469427952996,5.0706122982312305
3.029662313671587,6.6361895233947665
9.422834027920757,5.3669497970150655
19.21289985143797,8.180485681665708
9.676001402157759,10.544333941767784
4.910334236575166,5.900355289550985
8.774614267511682,5.920125884904836
22.028343617678306,7.805970922062193
30.672201109485112,15.531748362435495
21.77239418438381,7.36305318123621
11.320198305169574,24.720507349846038
10.733183844026607,8.221129122867097
2.328583431169077,2.0581283709745146
2.033685171068813,6.912616001007045
1.7888639740044392,1.864515172156965
5.452835752797337,6.825194950477532
22.106241271289683,8.366317132555714
7.647880349204063,6.493634238005963
23.310872843208664,27.152966015440665
25.567122738881523,9.384978239177217
10.221284977437483,11.600663059368733
6.145568458127224,7.221027002859808
4.259332417108548,7.912262699333361
9.887437890531542,8.549900711188616
8.888678688871211,10.223122594381778
15.07319597380408,6.869124381864406
21.675022117369537,8.964135459667663
4.440166255849255,8.113875633494743
4.412345665273771,6.0370064364081815
11.125454171141083,6.7276574960209325
28.24624561130181,10.13188696752555
2.6985972858231797,4.653930533135607
5.297040445574578,8.465129773610624
3.2772655697935082,9.88915415019328
120.20720775860607,10.805077889612905
2.8905593607941147,7.415035871754877
1.9279669268819228,5.034781784875958
20.52603172660153,6.387001805304317
1.3771192334870954,8.66057551829881
5.85345225708452,7.3675723207005985
5.1968863195028,9.764078742042933
8.123612448045064,8.181252010795502
8.421292767202848,9.978860980155554
6.142786399069685,6.194278318058457
2.6429561046721948,4.674013582170781
28.657990351819215,8.438632776212016
4.893641882229881,10.798001039130149
11.837661289873914,6.158834023390994
73.80246267867764,17.21739738270317
64.05690980008112,17.952727752615765
7.625623876743654,3.184150967073883
7.903829782498618,13.120194379135361
31.22583086193752,19.528160732715605
32.60016803636711,12.009956553431458
2.2562498956727794,6.6891487454676675
3.0074058412111837,5.874182871792932
25.44471214034934,6.9824849725100835
3.388547932095505,5.722835460951437
28.065411772561202,7.902066634154046
16.864842006866088,11.273821889708687
4.874167468827024,7.975894809632914
38.019619080473824,11.128428488299674
2.5149813880249043,2.3191194477002353
3.7585617867496164,2.860320660819815
3.680664133138219,7.887559346671201
2.445429911586163,5.634869891159155
3.2772655697935082,6.806355524235347
6.732582919270207,3.2749058773059314
7.060865888061073,6.98323381938969
4.991013949244101,6.301849363421808
16.269481368550498,9.661637245741954
2.0559416435292066,5.493762921172109
12.608291648815126,6.709565246462623
5.489002520545488,3.767171528956508
21.750137711923276,7.93233861501803
16.269481368550498,9.286709203130178
3.235534683930265,2.2988657402296098
80.66302031459509,16.184502415248314
3.619458833872115,2.67925371367043
6.3570049465009895,5.903602589876527
3.630587070102327,7.231884130296569
7.013570884082723,10.102940903640677
6.763185568903258,9.633580318142599
4.534756263805979,9.926730331276188
5.5084769339483595,6.502935334775906
10.118348792308208,11.121942776545245
1.3242601113936399,9.273459000053009
3.280047628851067,2.549388529836544
21.99495890898767,7.7822600012053185
92.23638599400184,97.84714898764906
21.274405613082408,6.775208103017593
10.310310867279114,8.188655110018734
22.49851159840429,8.558069162992222
4.036767692504571,7.407510612582264
7.358546207218884,8.243096566272293
23.210718717136885,22.20464477287058
4.829654523906225,7.860186636039479
25.775777168197713,12.180858422465288
3.783600318267575,3.3483222649317734
3.0992137901103343,5.83008851272724
8.05406097160629,6.6746285379569725
7.745252416218277,10.37562691592088
21.9114971372612,6.893678419531547
5.05221924851021,8.110707702479697
59.95615474925333,9.702060145653387
2.8488284749308748,6.413643979731384
16.10255782509744,7.1133537980635
8.682806318612515,10.595500834335816
21.352303266693703,7.687630279635973
5.121770724948948,5.593916632605812
2.871084947391263,0.5025250289501745
3.1910217390094804,6.020933103586907
7.275084435492409,8.968748587325372
10.73040178496914,8.919849763802395
2.1282751790254975,10.740120283548274
5.995337269019562,3.4983025833622055
3.9171391530299347,7.587449936686927
3.6890103103108642,7.215036080451946
8.757921913166374,12.762929497856437
15.843826332745412,6.2414412101812164
36.2891783466779,17.331207153095498
3.074175258592393,5.976510837189506
10.997479454493895,5.90420988122831
2.5984431597513886,2.3330690063734227
6.037068154882796,9.373057723218068
4.412345665273771,8.118929484611517
12.586035176354763,8.916953791053357
2.4565581478163634,2.145860241081921
5.316514858977423,5.813613351638368
7.060865888061073,8.594177835264537
10.335349398796994,6.662933468515161
6.1622608124725184,12.222155898578386
5.978644914674269,6.667311428634834
5.227488969135844,7.430711541060363
102.21284977437519,13.987577617953121
20.979507352982186,7.067257054163947
8.012330085743073,6.890784560430296
4.186998881612258,4.200937462206748
8.482498066468938,7.79791532804765
2.2618140137878693,2.334682798191144
2.5706225691759004,2.1674977542000007
3.049136727074437,4.818379511250841
23.0410131146264,10.742130388474727
11.795930404010612,6.372757582765932
16.475353738809172,9.127815018120518
12.841984609649307,8.144998702287705
2.445429911586163,6.392924225852637
9.278166956928176,8.39969144244967
15.982929285622854,10.84973757312082
10.585734713976517,9.622227666022026
4.5987436221296125,3.376183447548672
5.07725778002816,7.655760865852679
2.4621222659314665,4.332487986571751
5.344335449552927,3.776006336830693
3.135380557858485,7.141981292463935
2.559494332945699,4.434354198226629
6.190081403048015,6.222167325252869
27.5256923153965,6.126461600029623
5.622541355307887,6.465196372539163
13.735025567122667,6.542018637311764
3.6027664795268377,7.132975341918866
2.9211620104271643,2.969407528995631
21.26884149496729,6.3409402577381355
3.997818865698876,6.860504124301122
6.020375800537487,7.623205818477668
2.6846869905354414,4.5648885137517645
6.551749080529487,11.717624983743018
4.448512433021927,5.945025389047891
8.1653433339083,6.312803700541739
2.779276998492114,2.458475555069911
8.643857491806843,9.656665723000915
11.192223588522305,9.067823697828963
8.958230165309951,7.241379870016912
20.68739115193939,6.010634659978635
8.382343940397174,9.678646913288588
22.30933158249083,8.554140520083616
15.779838974421727,7.934513207577676
4.921462472805368,6.751011350729387
12.39407310138381,8.179381784495426
5.427797221279409,11.608573918532915
15.023118910768208,8.583476075084036
2.487160797449412,4.948982002682939
6.504454076551176,12.740795498575931
8.123612448045064,7.1794000838312515
31.606972952821756,10.227563931686488
8.657767787094617,6.91102094566564
30.90867612937685,9.227940323736595
4.901988059402504,11.955170001501802
1.9891722261480183,5.160088134707393
22.25647246039743,12.649957270884185
12.10752101845621,7.271720847118082
2.8933414198516614,5.730722588189038
4.562576854381459,6.9796024427856125
13.718333212777377,8.606167127129545
10.627465599839807,10.667802858387898
12.093610723168384,8.20243904475914
2.512199328967352,4.355857258124474
12.213239262643086,7.98901601300096
5.216360732905643,8.422227865560288
2.982367309693249,5.964524357757252
16.23331460080229,8.432840673718898
6.267979056659405,6.169016307624641
3.483137940052197,7.272173874578766
20.233915525558825,9.419277645910617
3.5832920661239784,6.927914066907135
4.838000701078872,3.008443342380913
7.333507675700945,10.39225245411079
4.223165649360393,7.115957412223268
9.681565520272855,11.009758473999936
3.4970482353399333,5.797102899934784
12.235495735103505,7.903100302707771
12.202111026412926,12.104815914829647
5.4806563433728614,6.781792768727593
6.557313198644554,10.79878861938248
7.870445073808044,6.807805734729134
27.500653783878487,9.693151993849934
1.5023118910768192,6.236670676232673
21.58877828658549,6.815122099257686
8.412946590030172,7.677221116419887
3.2605732154482174,10.760026339490947
8.042932735376116,12.264171740293683
7.820368010772104,11.178432145356597
4.58483332684187,7.456658620701201
9.667655224985106,6.676619006126096
6.098273454148892,10.109978595255233
23.046577232741495,11.388828143487752
21.11861030585957,8.040658904287788
3.4998302943974857,8.698173243955775
3.950523861720552,7.703725890735272
7.5282518097294355,6.075282435273529
12.371816628923337,7.603130331880897
17.468548822354354,11.892303474148221
8.39903629474247,7.544629148708509
2.5205455061400017,6.901553420074057
6.251286702314126,7.016441839779624
12.049097778247601,7.9022515252377445
6.727018801155123,7.244406941342137
1.2268880443794172,8.436422373933402
2.395352848550274,4.200120469976654
10.66919648570299,13.762166828846576
5.953606383156309,7.623205818477668
21.858638015167823,8.290456065597603
11.523288616370715,6.564601989832669
4.467986846424766,7.397371412722448
25.27778859689644,11.233254371947249
120.30179776656283,17.03599923422895
16.76468788079433,8.73837230818567
45.848333268418486,9.41760549491226
2.6930331677080916,6.598526511316262
9.344936374309356,7.672441162436839
13.214780523360927,10.077595677032
28.997401556840188,12.185737074310119
5.788552105184082,20.420325325095853
24.999582691141377,10.825042379490457
42.919673608831445,9.599665233547436
3.997818865698876,6.37996960668785
4.287153007684044,2.7304369578371936
1.8834539819611336,7.474097543935208
3.3329067509445003,6.500631111724842
36.93739810708694,7.251250848408239
3.00462378215365,2.544320393729244
5.171847787984844,9.441489021165943
4.281588889568947,6.848718923933194
46.36301419406536,3.0718727026893466
6.195645521163109,6.301232065349114
36.65084602415939,6.982225315632222
4.787923638042996,2.545410071776422
2.6318278684419942,4.956001819231712
5.074475720970596,3.181279718780984
4.303845362029354,7.207574418488197
2.729199935456231,4.964445784359735
6.746493214557929,12.474696991745173
6.084363158861133,9.938839458330857
2.517763447082449,2.075167683593428
14.422194154337513,8.735358171216186
21.49975239674392,8.379614559747104
1.8778898638460266,7.267453039200452
16.10255782509744,8.65713298969232
20.934994408061282,6.461361616730706
28.84438830867502,7.9309023811029284
2.6930331677080916,8.822773662082028
5.527951347351196,9.780889659790285
2.8989055379667605,5.836578528746649
12.405201337613985,9.733669360282722
7.620059758628552,9.914033596484831
3.1103420263405432,6.081965522010672
24.71581266727137,6.005271513219782
1.4383245327531828,6.119064803821077
4.799051874273186,7.860556346040638
5.73660577666743,7.868754039358395
16.191583714939124,10.509613108771756
2.245121659442594,6.575915847110061
4.796269815215634,8.125820907990443
2.7041614039382855,8.511627411724806
8.927627515676868,7.2927204648995625
4.370614779410567,2.9192930494542084
9.956989366970275,8.729999042192993
6.765967627960813,6.32519123144769
5.024398657934717,4.534762711418783
25.48644302621261,11.311589280609123
86.32172843765142,21.759192060272394
12.06300807353544,15.401306102035692
11.704122455111504,11.688939343911235
9.445090500381154,11.381498910923236
27.812244398324076,8.470558065296862
6.996878529737446,6.736007623248335
15.988493403738024,12.709985672061638
22.300985405318187,8.181481613677246
3.9922547475837806,8.868233661065073
13.910295287748427,9.2035077146612
2.99905966403855,6.127867363849946
2.993495545923455,7.1328245227333795
10.004284370948582,8.181687337716985
4.696115689143836,7.303486290526473
12.714009893001995,7.84176937998189
4.334448011662389,2.719496739319241
5.452835752797337,6.2834157302785405
12.402419278556398,8.027200575620565
12.694535479599217,16.457615795600336
6.301363765350014,6.24161164822073
6.863339694975045,6.005452844127186
9.43674432320849,9.014039847100854
5.594720764732384,10.098543501501965
6.7743138051334695,7.639245393932578
63.186125315068224,21.321801285079157
11.375839486320608,14.995158382974328
5.138463079294261,8.676625615566252
2.4955069746220584,2.163153738128188
6.145568458127224,6.616915723678967
4.106319168943317,7.4550304425444995
5.308168681804778,3.9224059515620597
7.789765361139098,8.582641445885585
6.763185568903258,7.858007709535175
15.785403092536793,7.983423435840642
11.211698001925182,10.637501887639166
6.153914635299908,12.878252975988712
3.4720097038219953,4.135348052000959
8.01789420385816,6.475401813692074
6.615736438853125,13.537673278658382
35.96924155505966,7.666206853383483
7.628405935801216,10.5856747898177
3.889318562454455,8.969058027438223
11.503814202967948,6.432372487903061
11.217262120040314,6.672315770834249
7.269520317377305,6.76744712970622
21.72788123946292,8.67493449781837
7.280648553607489,6.779003949811857
15.96623693127759,6.57828789943347
6.293017588177365,10.954607784057268
1.9585695765149693,2.1096228916705106
4.593179504014507,7.204237201736386
6.791006159478717,7.542913096471034
11.709686573226588,6.744882739034843
22.067292444484014,8.243133237714282
31.253651452512972,6.52585955952389
8.115266270872398,7.2191326153347015
5.1690657289272846,7.656021872959764
21.83638154270737,7.4750115950749265
6.084363158861133,6.937927182352607
17.19034291659938,16.130372701700534
2.790405234722317,2.30276896745589
4.092408873655566,6.1824693679123595
7.233353549629145,10.12826417081995
2.654084340902387,4.433901251070249
32.55009097333126,18.80921124542076
9.673219343100202,10.120168336204776
35.73554859422555,7.747055012313995
2.576186687290993,5.064563373716708
6.395953773306704,10.032543885404161
7.286212671722548,13.143038174927497
6.7743138051334695,8.545574374647348
3.135380557858485,6.21070384666149
12.707332951263886,30.30089604587368
7.238917667744243,7.471660954364739
3.2049320342972196,2.4645205017011844
21.49418827862883,10.377820194039971
6.596262025450284,6.727415072453576
9.553590803625596,15.958635220641428
20.119851104199235,23.335015395000273
63.853819488880205,13.146481960375732
4.128575641403721,7.497322638249256
7.572764754650208,6.576025610950663
42.345720914963586,15.956739502137033
9.055602232324206,10.057067561593088
6.4404667182274835,6.457096629174391
2.3452757855143718,5.518748576978204
3.0992137901103343,2.8935196654443764
4.309409480144441,10.27208128479737
17.410125582145852,9.660887516151389
2.036467230126364,2.0130697013759153
17.908114153447368,7.466287931488297
3.711266782771264,7.092638339487745
5.486220461487964,6.4646437074392695
2.517763447082449,5.855681252885277
5.347117508610466,8.212198618554982
8.871986334525898,8.095264561282294
5.208014555732987,7.845670377106144
25.62276392003254,11.109366955435133
8.691152495785193,7.418831753431272
5.647579886825841,3.5311953727194103
23.75043817430156,18.143303254972857
10.36038793031497,8.851183787907752
17.348920282879778,10.877515618732259
8.218202456001741,7.320207376224869
4.365050661295448,6.297629221857961
6.982968234449684,8.70347761064627
5.227488969135844,6.944334438282156
11.723596868514297,10.54379362589873
4.134139759518803,7.633410897401497
6.7186726239824734,12.132430772046751
11.328544482342295,15.258137560223103
15.63795396248673,13.877193953486696
2.1588778286585493,9.722076276382834
2.5094172699098136,6.805201915542878
6.251286702314126,7.016441839779624
5.655926063998496,6.419965899386258
32.06601269731753,9.394131933382724
4.2982812439142535,6.669393986286875
29.05860685610634,13.398842735007191
7.244481785859363,6.687498698064803
12.474752814052708,9.781298299881724
1.4299783555805385,4.357844807911679
3.096431731052788,6.445508059723046
12.399637219498924,8.346554569941931
7.508777396326612,8.78064052772244
6.340312592155715,10.295327637240597
2.871084947391263,8.816165928454359
17.045675845606933,9.073831509499595
4.348358306950151,7.939990594815481
14.004885295705126,12.945568072946166
38.15037585617867,18.293086865297873
2.0531595844716564,5.164208104475427
6.434902600112395,12.015202831124219
6.701980269637121,6.682072365450737
21.761265948153422,8.037030474875161
6.131658162839474,7.536616009671874
3.2633552745057766,7.5963846112510485
11.793148344953092,6.668591072890247
5.764426367242918,6.346144619062622
5.566900174156906,5.880584035910769
7.722995943757887,9.59414628041263
215.74867991297697,18.26040349789872
5.475092225257752,9.910633432494198
21.480277983340933,7.8635958641093735
32.89506629646736,9.871677348525033
9.31989784279144,8.386628770365483
3.7752541410949076,5.8708098600336225
12.449714282534778,8.796537235376174
28.86108066302028,10.615839521759831
24.6629535451779,17.808615836235635
6.941237348586477,5.338304058905547
30.496931388859473,14.01329646478212
12.883715495512488,8.92568222747044
3.1047779082254454,6.501443596612715
1.9975184033206599,4.008750584214265
9.088986941014765,7.762558532156394
3.1882396799519324,7.2286419416673615
21.413508565959823,6.536643335040611
4.754538929352391,7.052701065782037
4.3956533109285045,7.625571052740656
3.519304707800333,6.590051712031574
2.9768031915781488,5.57934487731789
22.957551342899876,11.812470701488296
3.880972385281811,7.488741702199973
2.979585250635711,6.476608802066171
21.869766251397987,19.568507695151208
4.662730980453269,10.37386847876593
6.031504036767702,8.804990297167613
24.231734391257735,27.78238376146795
14.20241148879108,8.950948839181834
2.47881462027676,8.03042318884937
12.800253723785987,8.693523419267871
3.9171391530299347,6.292330682174865
12.574906940124494,8.841367967741814
2.336929608341728,6.47114578930933
2.787623175664772,5.3501437770525095
15.832698096515198,7.48283282081393
4.882513645999678,6.72172321379421
8.71340896824554,6.902597761878701
6.57956967110498,11.67213423773801
11.851571585161656,10.86830676272334
3.051918786131995,5.868612612926253
4.860257173539278,6.527208005482563
7.95112478647699,11.184937608848928
6.724236742097571,7.6680757322093624
12.23827779416099,8.6364030646508
3.4692276447644352,6.391650512644651
18.929129827568055,15.971534202832782
3.121470262570725,6.662834805738014
29.45365924227825,12.521652425840294
10.385426461832916,7.046850776685764
55.963900001669266,70.5572682295981
6.523928489953981,9.602875933652138
8.485280125526508,6.42790633972633
24.242862627487927,8.423065802849374
6.601826143565404,7.804466155697637
188.64864263338615,77.833502716679
1.9947363442631165,6.928243110000142
2.8655208292761585,8.290856941663025
2.904469656081862,7.72918587641078
27.89570617005063,7.0188143506883405
3.5332150030880873,8.614394615590223
6.68528791529186,9.78048487371832
4.8129621695609295,6.081517802535545
8.549267483850146,9.722770217326458
5.8284137255665724,8.001376633508885
107.34296667649714,14.453452436454707
6.482197604090734,11.888456471186323
20.642878207018608,6.509492180472021
8.488062184584045,9.032828601541622
6.966275880104373,5.983460728394356
9.230871952949832,8.884739808294103
7.608931522398388,6.175680734340441
6.576787612047429,8.84837897268952
1.107259504904771,4.377467117722997
6.6185184979106735,7.795607165383295
7.144327659787563,10.541101430565508
2.503853151794713,4.968069937443041
5.544643701696492,9.129254502471069
9.94864318979765,9.907190238255629
9.642616693467144,10.66959127530967
6.868903813090137,7.780843586957675
15.33749158427129,11.068725853075472
2.4621222659314665,4.996189558696376
2.214519009809535,5.340676779571922
2.879431124563913,6.604104552960695
6.818826750054244,8.556717592712033
5.658708123056048,7.424510320962024
7.177712368478171,7.411681617961617
3.789164436382657,8.893504224655175
2.9489826010026543,2.239822460385672
5.294258386517035,7.844067782625606
29.609454549501173,9.314575888783242
19.14891249311444,6.207274976256502
6.0815810998035955,6.293509073655016
2.3424937264568273,5.856132311432057
2.5984431597513886,4.451096954853439
25.619981860974914,9.38685764133084
5.1801939651575,8.810820250696453
8.190381865426247,14.07754248087899
12.171508376779736,9.60314141706847
12.057443955420299,6.314028770190741
4.557012736266367,2.8312339772711788
12.410765455729127,8.537000550144853
16.956649955765297,15.094522972178014
89.09822337708542,55.38322991617515
15.053721560401321,34.66594233552086
21.958792141239595,8.215803123566166
3.6862282512533295,7.767069778251508
28.838824190559905,10.31469853528827
38.94882680569536,12.521553551273163
17.10966320393051,7.783642732079233
5.591938705674838,8.38282561164332
31.317638810836726,8.923031563151177
109.61034480840016,12.108555497242477
17.366308151989507,11.916456149434687
3.341252928117159,6.875127830063589
3.2661373335633326,2.134921611069608
4.723936279719346,6.105905415997199
13.540281433094288,30.94608987528965
6.707544387752274,7.4688686908533946
6.153914635299908,6.710221981962328
20.62896791173077,6.188011775359276
1.8445051551554315,16.723704012284927
4.965975417726172,7.283807756633714
47.52869693917858,35.54602245804819
6.181735225875347,4.542713093397997
22.35940864552672,8.04436317182245
29.492608069084085,11.379425441017167
6.493325840320954,11.091263281020032
30.171430479126254,6.690102717454484
1.8250307417525904,8.467937977173593
4.6571668623381575,5.773207359608374
3.171547325606631,5.1146132252831675
12.202111026412926,25.330463771754335
21.010110002615086,6.37599073186642
4.952065122438425,8.728817902155958
10.58017059586139,6.961590232764423
6.1205299266092785,9.443394167452448
4.081280637425371,7.2982789954969185
10.47445235167446,10.597032294528775
4.904770118460071,8.42301773056266
29.258915108249916,9.471441504188597
4.384525074698287,7.422116486478266
18.04165298820963,6.7419767432866395
7.895483605325964,10.884050867180846
2.982367309693249,6.947254034295048
2.581750805406105,6.622109298957579
7.069212065233708,8.393405713055731
30.5442263928379,7.821423601653465
3.7696900229798254,6.8732004280721775
2.5622763920032505,2.11304021630395
8.226548633174382,9.482382080969225
6.966275880104373,8.746855741253123
16.383545789909988,7.592742700227477
21.652765644909074,11.30184114874952
1.5857736628033106,4.1910343089147775
42.26225914323712,7.133992188756359
30.808522003305075,24.656764416974966
21.11582824680202,6.675156228016268
72.95115260706757,15.33239273980855
5.213578673848112,7.4230277596064935
9.901348185819307,10.42768753478953
6.907852639895843,8.54140453074397
5.936914028810992,9.276308196819839
23.05214135085655,11.751493256488969
5.055001307567754,8.425951243772916
42.537682989934574,15.492733764308486
13.454037602310176,8.199189350244989
2.4148272619531186,5.423208078374554
3.8225491450732436,2.9522388528835983
18.88183482358961,9.448184286056456
5.575246351329539,5.934535545309197
12.065790132592886,7.098574155720054
8.891460747928754,9.79431819996161
183.82177016853615,17.726192481310694
9.531334331165194,8.11641910476687
4.5653589134390185,2.8957217713656025
7.556072400304922,6.552024797809575
2.4760325612192093,5.657444005041118
37.17387312697864,9.813922933099082
5.628105473422987,9.678407399098322
25.77855922725536,11.663986408844739
4.7907056971005435,8.794273768993534
6.04541433205542,6.939248865747707
10.838902088213475,14.213907523642355
16.859277888751,9.259415130604923
3.129816439743388,9.779406052530211
3.0018417230960956,4.5306046599855065
3.341252928117159,14.579508112625192
7.464264451405807,9.805835814148008
4.376178897525632,5.9852694721127655
7.864880955692922,11.593942306541607
1.9196207497092723,7.776909616903764
9.197487244259252,8.764787734061702
9.54246256739537,8.612504714889681
6.3430946512132484,9.46763354039168
19.10161748913607,19.212465716250957
2.754238466974179,5.621635990288411
1.6163763124363628,7.255844325359055
4.793487756158082,5.707399248840149
15.696377202695308,11.824096458000358
5.458399870912468,7.107351441039339
6.512800253723788,7.611961171401568
2.5261096242551004,8.021133382437531
6.84108322251466,9.815314767569843
4.239858003705692,3.9163319973317443
3.780818259210011,10.967013655801257
138.40465605403926,11.388932995061879
4.312191539201993,6.079339484744167
22.109023330347245,16.394725465458283
10.218502918379897,12.155741882174993
3.357945282462461,6.310291495290874
19.585695765149698,9.091559545553793
3.327342632829413,6.591052830970255
31.929691803497665,25.977747194607357
12.346778097405517,7.569062659747443
3.566599711778678,9.392209948924105
2.030903112011262,6.075282435273529
11.704122455111504,9.88736909396502
2.8349181796431195,5.763109848717367
17.340574105707105,15.71426091856728
31.406664700678277,7.953377718301644
8.421292767202848,8.84713505827133
31.69878090172096,6.435622406204217
4.417909783388869,6.180313156141447
4.927026590920464,8.195726295815625
6.8076985138240245,8.552915316364448
6.27076111571697,6.807786555213929
5.427797221279409,2.9386093970597202
3.9366135664327877,6.873508018281855
6.195645521163109,7.808899325046596
12.410765455729127,18.747695929690575
3.21884232958497,9.02132504732975
6.688069974349398,7.843240333570882
3.4219326407861,7.2374100070782355
3.2661373335633326,2.532976503019172
12.385726924211117,8.611536600599884
24.74085119878919,6.21161294947374
14.075806936229611,9.390288947589518
6.3876075961340435,7.882936268593366
160.45525614417727,38.05602757500929
12.399637219498924,7.457175166859534
5.978644914674269,9.259716368433887
2.87664906550636,6.0357832944406615
5.335989272380262,9.137970563867377
36.80664133138217,7.9640065975046035
68.79475637508821,32.85237157437998
7.005224706910081,9.14538912364081
1.532914540709873,3.4458488573680923
4.476333023597427,5.868130566930437
3.160419089376436,6.948980729550734
2.2534678366152394,8.850381794298151
7.422533565542509,7.970026343608304
11.445390962759415,6.3473656329724
6.16782493058763,10.341577902028925
13.620961145763227,12.732649653418894
2.0559416435292066,5.184083726078057
9.503513740589684,8.33058198458864
8.510318657044431,4.951864767146359
5.194104260445215,6.402549570104933
5.964734619386505,6.355538732370144
12.193764849240209,8.176630458303674
2.6346099274995374,5.887980909162664
3.224406447700066,9.200081876831376
22.49851159840429,8.558069162992222
1.9585695765149693,4.545120910086986
3.1771114437217483,6.661411558927287
6.334748474040604,7.453518329735551
8.429638944375515,4.277301664198953
2.6067893369240425,2.3119976072543422
5.185758083272588,3.1527464007953205
63.291843559255,12.440071525116572
10.980787100148586,6.795524176884826
13.545845551209384,14.462155449031425
4.73506451594955,8.311293398382185
25.080262403810348,11.11223411628711
5.547425760754061,6.6988090957299375
4.039549751562132,10.782387425962698
21.374559739154066,6.724037789009203
21.34673914857861,6.536643335040611
4.38730713375583,6.372020361940309
10.385426461832916,7.4984120405552925
5.366591922013329,5.971019007386075
1.7721716196591397,6.798275140097547
1.4049398240625803,6.344349108638098
26.39895839708887,8.98707070362341
22.12571568469261,9.352569339832655
12.67506106619632,8.95385023276464
2.8571746521035073,8.384270306924813
4.186998881612258,5.031259822045573
14.586335638732885,10.161744563476233
2.361968139859671,4.232847408466942
14.975823906789884,7.990685834684366
156.19592372706964,51.74510085549709
6.1706069896451705,6.654678428296602
5.686528713631525,10.715487215289999
3.8114209088430453,7.511399859443151
3.95330592077809,7.379611846920581
2.6095713959815936,5.498043902551828
2.328583431169077,2.41246057511332
13.345537299065878,6.850300420837631
20.631749970788363,6.901553420074057
25.177634470824483,17.410383302612253
5.847888138969412,8.606597773089888
2.592879041636308,4.701157112992689
31.017176432621284,6.402524237914538
3.6027664795268377,7.244759607177875
43.67832720352995,9.856137960695017
4.14526799574901,6.59111742903566
8.991614874000517,7.6474295397030785
21.705624767002593,9.103078898396324
5.249745441596222,3.1290425254907928
11.448173021816917,19.707025527209797
4.1647424091518666,12.83648960926996
1.9752619308602672,2.4918694826825094
11.325762423284695,6.066246880769971
107.3902616804749,69.88682976367683
23.302526666036066,13.12791389421361
2.1421854743132465,6.7497434328003445
2.1894804782915878,6.9020621433684015
2.5261096242551004,2.0835276530078626
9.556372862683123,11.362784002438348
11.776455990607824,8.90090708603955
7.180494427535719,8.397083416140239
19.449374871329784,13.66378102664725
22.448434535368268,7.5490836507277965
33.50711928912837,47.89983537779925
37.057026646561546,7.348805766092028
5.344335449552927,8.376426616639153
2.1978266554642465,6.727446507718182
5.155155433639536,8.209118599063006
21.296662085542707,14.175825325777165
4.234293885590605,8.855253835843545
3.341252928117159,7.8433362562209465
4.501371555115371,6.963176885096275
3.8253312041307925,6.891877856645373
1.6247224896090002,5.922940912279134
7.149891777902671,7.511397422654954
3.2327526248727114,7.731034802526768
11.581711856579291,17.915573248781968
22.49016542123156,10.004309693280426
8.635511314634153,7.067973429553221
16.077519293579616,9.184446332114948
3.035226431786694,9.108742313819302
1.7777357377742415,3.6084047531048435
4.885295705057235,3.3907942836269074
21.42741886124757,6.909769623331027
5.725477540437231,7.904897115351609
1.532914540709873,7.244977867919895
35.908036255793654,37.44816999678149
7.149891777902671,25.476106299017335
6.27076111571697,8.219504476296127
12.471970754995223,8.452912749684184
4.96875747678371,12.494147414776352
6.529492608069086,7.204078152678345
14.575207402502727,10.226870039073594
13.181395814670427,12.883771155913593
4.248204180878349,7.0223873773114205
2.7152896401684754,2.3303145635831832
3.883754444339342,3.2901699263113633
3.3802017549228567,6.81698079810214
3.9699982751233813,7.080508533138906
4.901988059402504,7.7722064878236825
8.582652192540731,10.231348166437662
4.403999488101123,7.639948834430339
2.8905593607941147,2.940225518575174
2.3758784351474187,2.15113611054279
11.214480060982668,7.08188271017021
3.1910217390094804,6.045262460471739
1.7554792653138416,1.9102634176905506
5.035526894164917,12.501134585287543
7.497649160096382,10.120323862482158
3.850369735648749,5.629162800220903
50.78370603651171,33.335364214354534
4.008947101929088,7.7065615669961
32.86168158777667,7.194470041574276
5.792246957818431,8.197852600302346
4.935372768093122,4.454681824884276
3.516522648742783,7.781115732671878
13.086805806713683,8.40714957976917
5.767208426300473,5.041154569718352
3.4803558809946367,6.705347269968121
6.590697907335171,6.442047787887773
21.928189491606535,15.870324583279883
4.996578067359211,8.179738041998798
12.065790132592886,6.991980834986835
2.8015334709525255,6.116822279709656
2.5149813880249043,4.243914717421169
3.605548538584387,6.713726367662803
11.342454777629994,7.712217359004935
4.991013949244101,7.816206010599059
4.587615385899403,2.5266808249071757
2.5984431597513886,5.878956110811508
8.193163924483784,15.117894090918734
6.952365584816625,8.545507838217457
6.334748474040604,8.702116066515742
6.471069367860535,2.1482460837864363
16.158199006248477,9.913561934533156
36.55347395714522,8.582756197638277
10.065489670214719,7.378395104016221
3.3106502784841045,5.669786191081356
2.2701601909605413,4.14342596258142
16.08864752980979,8.171134202326526
3.544343239318287,8.67993693130598
52.89528886119185,13.477470587061486
3.157637030318879,5.908502441169285
5.082821898143253,7.072544911477985
34.74235351068029,10.70900719545336
9.898566126761743,12.402784567795873
1.2992215798756988,7.657054164336096
4.495807437000264,3.1530425013072603
165.03174329384694,21.490103075612808
21.82803536553468,7.334582875773022
3.613894715757044,8.03683643570912
6.2318122889112635,8.12836793638525
4.952065122438425,5.697848743771499
8.081881562181813,11.629725903166397
7.8008935973692894,6.494459183803237
2.954546719117755,8.118137827152529
4.910334236575166,8.468584282383656
21.060187065650894,7.302889250876002
1.7749536787166902,4.702272280762219
6.098273454148892,8.406788485582751
10.25466968612809,10.610238836680951
50.49437189452665,7.579180998381402
10.805517379522856,5.765825313759773
5.572464292271991,6.4947242728691945
21.438547097477784,7.408067780743925
8.938755751907086,6.742314882747832
45.12221585439794,10.375305091309105
4.932590709035565,5.901241181798464
14.583553579675396,9.680744013585471
15.393132765422314,8.098509779099352
16.57828992393852,9.625699495301493
3.135380557858485,5.314827259804532
2.6985972858231797,4.653930533135607
4.832436582963777,8.834637035820148
3.541561180260711,6.787714177806864
16.347379022161896,9.262598212703319
8.568741897252988,12.072864316566719
9.189141067086585,9.058443243984385
17.479677058584624,8.083067380316681
11.598404210924587,9.723209981668735
5.692092831746654,8.441977126059394
2.8293540615280177,5.6324243055177785
3.6945744284259665,4.396473477592483
4.022857397216825,8.835953349009628
104.30495818565197,24.924370372610646
21.84750977893763,8.093325254121256
6.4404667182274835,7.253042046302838
5.227488969135844,8.155560923321158
2.028121052953713,2.0416336671182393
30.4579825620538,6.438085397513277
2.8265720024704732,4.0734254031579065
7.4809568057510605,6.88063827439388
6.868903813090137,9.153385113058837
28.13774530805742,16.043228092560543
2.80709758906762,5.391328355066088
33.44313193080458,5.957673212499525
3.2466629201604675,5.124451368251524
50.4693333630086,9.57632557874055
44.7828046493771,42.826093937305814
48.349404361155884,22.38069234950098
2.1616598877160995,5.977203978403959
4.392871251870927,2.206443339352266
21.421854743132474,7.287534041701275
3.2383167429878137,7.06129781484716
24.61009442308441,14.453452436454707
2.030903112011262,4.991730621891145
5.97029873750159,6.654678428296602
10.852812383501364,12.347960542292885
3.085303494822591,2.8820984059433816
30.914240247492028,8.61456592492373
25.97330336128375,7.460928866450706
5.233053087250946,7.380205622473735
1.9474413402847695,4.821661138637539
7.405841211197223,11.414078560006963
12.61107370787268,7.275035339728654
7.344635911931145,8.695865891510206
3.8364594403609975,8.510508680634361
4.6126539174173535,8.213312044890658
2.0531595844716564,5.041538672116399
4.723936279719346,7.797470450500571
32.75039922547485,69.43978640281682
11.801494522125724,6.681249161424227
9.428398146035805,8.997215715504447
11.462083317104703,6.851715290129164
1.4744913005013316,3.0172935644859207
82.57707694618935,10.977763578899722
11.214480060982668,6.017891160143934
2.8043155300100646,2.849917914986222
11.587275974694357,7.156428958336731
2.7180716992260265,4.600309343118308
5.433361339394509,3.6139604069590425
3.4998302943974857,10.405140861658893
6.315274060637767,6.645778793127897
3.625022951987224,3.352125314692068
8.265497459980052,9.833914873446894
6.568441434874783,6.855268347055865
9.450654618496232,13.762826312295493
7.592239168053052,4.9313147219004465
12.91988226326069,16.243257916199976
22.334370114008838,16.071935663940163
7.928868314016575,7.721581532070399
15.974583108450185,6.708908925398968
2.336929608341728,5.87107147658719
4.6432565670504085,11.095113711733687
4.954847181495975,7.7573955278455795
12.274444561909196,7.330233194992867
6.212337875508392,10.172696575095383
2.1449675333708034,6.35667446851195
21.35786738480884,6.698590519800524
21.243802963449333,6.7147052817065935
7.567200636535097,24.472238163416907
24.668517663292967,9.795683501414384
30.727842290636108,7.011416546130775
10.627465599839807,7.306401869830617
2.245121659442594,7.542506080751442
2.1811343011189392,6.127867363849946
2.3703143170323244,7.188141485984866
31.220266743822297,11.2266554641466
18.03887092915202,7.592996180653007
9.378321082999937,7.796830232940154
4.264896535223646,7.06234478670739
1.5913377809184068,4.440753696462456
3.978344452296041,6.737261190062543
24.245644686545443,19.16965588345108
4.05346004684985,6.088993456069251
28.201732666381037,7.906341193952632
32.88672011929474,10.791222697921649
31.150715267383795,9.582640218594623
21.886458605743318,14.700449059939723
9.347718433366882,11.483175456051947
13.696076740317041,8.689454470030839
55.424180544504594,9.253443877459269
21.49140621957121,6.904757294810755
9.534116390222774,8.406421887151717
7.275084435492409,6.034124113991928
5.928567851638354,6.041623626136406
2.765366703204377,10.658563689201243
2.1866984192340437,4.191976375164952
8.627165137461548,8.14408661729807
9.52577021305009,6.169700559662673
2.9907134868659138,6.692113896145186
4.932590709035565,2.959357196383138
14.508437985121507,32.889984044242325
5.082821898143253,6.705881546040216
4.415127724331332,6.745694376323306
4.170306527266966,6.806748724133705
6.454377013515232,8.793810135541554
31.80449914590791,9.12072296969155
5.756080190070263,6.994537686076958
3.8030747316704,3.797989368327207
6.44324877728502,6.7168019002068124
21.39959827067207,7.160527113969315
41.828257930259305,23.674638132124677
5.450053693739809,7.921143156319425
11.759763636262493,6.822003101882612
65.77065817953174,16.371132460849136
26.29880427101715,32.24073067739059
4.142485936691459,6.4331483579628195
2.00864663955086,1.148557084902062
3.9699982751233813,7.627048472729489
2.1115828246801986,5.732812681684548
6.791006159478717,8.745654159857493
12.636112239390616,9.421919751699582
2.214519009809535,4.0874589625406
31.91021739009477,9.799888093473454
24.643479131774985,12.23066172004421
20.453698191105175,5.87461937556032
21.33282885329087,8.996731004272554
29.534338954947287,11.658802457435735
6.084363158861133,9.251740850540086
1.4466707099258311,7.888272766950045
381.89046477078676,34.840083691024944
40.414971929024134,23.855447910611456
3.655625601620249,9.632757454234008
2.284070486248276,2.317989292037826
35.104021188161774,44.012766593090866
9.40614167357546,6.616911880785195
17.91924238967745,17.42618187255975
9.141846063108229,10.447247747298334
2.3007628405935803,6.092219380657313
8.649421609921966,7.2768618007847214
2.9740211325205985,6.476797364271051
2.754238466974179,6.2283755339275535
2.6652125771325936,1.9813717116083942
2.754238466974179,6.315011868532066
11.617878624327389,6.605641624524996
10.847248265386174,15.797046765556312
2.517763447082449,5.5900303391764234
21.908715078203745,8.348454206371384
36.4644480673036,16.26682508753335
22.173010688671024,8.074439490230189
30.674983168542703,7.0528477014116895
5.722695481379674,9.653650931459701
3.7696900229798254,7.016074216938984
16.898226715556696,17.18513082636766
4.412345665273771,6.30400002435123
6.715890564924899,6.241531012434771
28.349181796431324,10.94474473655246
2.9907134868659138,5.86357265049628
12.305047211542206,8.177384319968587
7.600585345225682,8.652444353209445
11.84044334893142,7.0584220136311275
4.982667772071463,5.412511475076509
44.28481607807564,98.392738272123
2.1338392971406015,7.497252008833581
8.871986334525898,6.326493422307633
6.6073902616804565,9.710926306494231
172.37916126483486,35.29400639261352
3.065829081419731,2.4057946108966832
3.193803798067012,6.426322775941499
11.940597475003223,7.296247731094362
5.870144611429812,4.2977134152954255
5.753298131012712,3.5159341112389013
3.316214396599211,6.587719446426866
6.240158466083884,10.957869744984245
9.970899662258015,10.919339977757081
12.458060459707406,9.880492646315334
12.405201337613985,7.4417176448404625
3.138162616916043,5.266414259531177
2.670776695247688,9.230089376779434
2.904469656081862,8.933127496565374
17.6326903067498,9.869396114466916
17.59652353900177,9.036021822330762
2.681904931477899,5.472998859255181
6.629646734140875,7.354276706186551
11.484339789565123,6.590323470665826
2.7152896401684754,2.1907641272584244
8.070753325951591,7.593136740358823
7.202750899996103,15.557609464369786
2.99905966403855,5.516696829965688
17.77735737774239,24.432059910256164
9.995938193776022,10.405826093019344
10.08218202456,13.793243531762382
7.739688298103196,10.555347318695311
4.640474507992854,5.157297382956443
14.052180299683421,10.179633301679752
5.89796520200533,9.818652316176296
29.640057199134173,22.302236470018318
5.4973486977181425,8.633662577154423
6.982968234449684,11.419413735615741
14.527912398524377,8.94861422141119
3.828113263188352,8.774635119678237
22.303767464375696,13.132975184689714
12.3662525108083,15.159536308111347
20.915519994658403,7.290514941650479
7.085904419579028,8.45102672765085
4.109101228000875,7.648729432390691
28.93063213945917,14.03815520443048
154.25682856395716,35.37204429466732
6.671377620004134,8.593798406654775
10.023758784351498,10.721666620595936
7.472610628578413,9.849416095064122
9.09455105912989,12.057812280264196
27.845629107014638,8.2180020759732
6.095491395091325,6.743589190956521
31.406664700678277,7.1289930024240595
5.383284276358612,9.462043879988467
10.96687680486085,6.782660489134139
24.590620009681608,7.168978802278044
8.604908665001139,15.774091447055994
4.715590102546722,6.410597217994222
6.351440828385906,6.873868540930816
5.608631060020146,3.725704866231625
4.676641275741005,6.581816236103946
27.11116551582157,9.342224529862502
10.516183237537819,9.739878177540955
9.04447399609399,9.783493260759313
32.67806568997848,10.13453655671307
34.23045464409102,16.801196492979212
7.4809568057510605,10.003598244312174
2.3035448996511163,6.930255644135025
20.642878207018608,7.4950990092840195
6.190081403048015,7.249430743381419
4.142485936691459,6.4331483579628195
2.0948904703349,6.798275140097547
6.312492001580207,10.41769967232879
28.77761889129384,7.783118494488969
6.590697907335171,9.763758722058062
4.06458828308007,2.506523820775721
4.7712312836976905,8.009555153552668
50.60565425682859,39.08563071682505
5.995337269019562,2.619547519120476
8.298882168670659,7.5650119984046835
12.739048424519988,13.206553761773039
2.8237899434129243,7.053543883238217
3.9950368066413318,8.811427329616587
21.11582824680202,6.535399888990203
6.6964161515220635,9.946391013564815
2.3424937264568273,4.970533358566481
28.28241237905007,9.767010464793147
5.575246351329539,7.555943957022461
4.991013949244101,3.463666317424125
2.6652125771325936,6.2665864519163765
5.74495195384008,8.017219602376567
2.3341475492841792,6.029930448683504
5.9563884422138615,9.317700480258106
2.954546719117755,5.141147473349264
18.100076228418214,6.7747337372343255
6.671377620004134,5.8423472854558565
17.309971456074173,9.650534520340686
4.2176015312453,8.180920647780495
9.59810374854639,6.677428693702108
6.326402296867973,9.64751717875841
5.761644308185336,7.428235295487848
16.78694435325472,8.046143583686408
5.4806563433728614,7.024283783986586
12.402419278556398,7.903972355953591
5.5835925285022014,6.290556647937704
3.613894715757044,6.600502315465231
5.377720158243515,7.100354718674952
4.54032038192108,9.129599740347475
3.129816439743388,10.799492990843754
3.2466629201604675,6.777653693293913
4.223165649360393,6.337281407541135
2.4955069746220584,6.648295216875714
21.93375360972164,11.803457220464406
3.9699982751233813,6.531360709362247
21.725099180405362,7.864931725082806
3.7363053142892095,11.344914744812504
57.76667427096132,63.36883855744403
16.275045486665583,8.92460718711972
4.2426400627632495,7.648729432390691
6.212337875508392,7.6267257742680625
122.09344379962542,8.09611504155108
42.12872030847472,7.3596300172097875
5.041091012280014,7.440238426568564
22.598665724476128,9.844862368699765
6.991314411622326,8.990940291831528
21.474713865225908,6.775208103017593
7.430879742715169,9.497630018382498
2.759802585089282,4.503524661022587
21.060187065650894,7.1209050984911855
27.998642355179946,10.835772857670316
7.286212671722548,8.582654665291534
1.6275045486665545,8.60024737225021
14.068872654028729,8.121994883554942
21.777958302498796,8.459783684524641
8.1987280425989,9.586362987585918
8.23767686940463,7.425225387390917
15.715851616098115,6.387940327451061
6.910634698953387,8.25992027216861
4.423473901503989,6.06566422767739
8.788524562799429,7.621537274344278
2.709725522053379,7.081669655184105
2.9740211325205985,4.6012001155521585
16.10533988415513,11.178561417799141
33.95224873833618,12.935045337763128
2.9517646600601952,6.047297518040013
2.9350723057149044,5.748634945603725
4.159178291036759,7.852964799926772
6.871685872147699,8.052403407746356
21.39959827067207,6.865647500726521
12.346778097405517,7.569062659747443
9.061166350439288,7.220323240920673
6.16782493058763,9.073000068896269
21.805778893074343,16.20402734599827
11.384185663493312,6.378004776335492
2.067069879759407,3.517344846487443
7.394712974967032,8.905174301593199
4.693333630086302,6.6208899511937025
7.697957412239944,7.985358323839103
8.404600412857567,9.611058216409207
6.21511993456596,6.644161977566691
2.923944069484706,2.377588811318778
23.7059252293808,20.13224724969572
2.3647501989172217,4.813470106875312
12.96995932629661,9.282851374859009
26.846869905354268,15.433182532955978
1.713748379450601,3.9644904055619214
2.9183799513696127,5.6762166775148355
16.247224896090117,11.490612710716976
7.7842012430239516,7.845766327989421
68.94776962325359,10.757828374713897
19.92232491111324,12.993721403421999
16.656187577549876,9.580150853963568
16.54212315619037,11.987990264844846
16.23331460080229,12.217156438285175
12.263316325679021,10.331693198893461
7.400277093082122,6.9801180438733805
9.873527595243827,7.825883605532326
3.0157520183838478,4.781365114272739
5.792246957818431,3.85133758918341
54.909499618858135,39.80065550964775
28.808221540926887,10.417409246394174
5.299822504632127,3.2039070694859437
15.454338064688452,9.732435282706492
5.5196051701785445,3.7965987554134233
2.9434184828875467,2.7702168510620893
73.95825798590046,16.54497038760842
3.8336773813034624,5.781823427045699
12.405201337613985,6.956680922702844
4.94650100432333,9.675236202294794
13.02560050744762,8.31509185404146
4.086844755540475,6.170710765697482
4.365050661295448,10.485639542809052
7.330725616643402,9.33768063184003
21.38847003444188,7.063323211630004
5.369373981070868,7.053854833734168
4.159178291036759,9.43256686262943
10.065489670214719,11.795346187957712
3.5387791212031816,2.470184799665203
4.320537716374637,6.00682872212898
4.273242712396302,2.030829321461308
5.522387229236105,7.527268791863413
21.6138168181034,7.103501836143885
10.290836453876185,10.79596458576127
3.079739376707507,6.318601830422334
22.12571568469261,9.317752469706555
3.316214396599211,7.250927043383438
3.9087929758572915,6.288060274438689
18.95416835908591,8.086300590513195
25.976085420341303,7.539148014479511
3.3301246918869607,5.6727730804793
2.328583431169077,5.2676564399295795
6.521146430896441,6.184081707912514
10.20459262309226,7.361032756763151
14.998080379250245,9.35135526352516
101.5117708918721,16.27762462612761
27.943001174029018,8.555416780532623
2.6985972858231797,8.194983734854546
4.248204180878349,6.694735885022329
28.287976497165108,9.03879617435174
27.97638588271952,6.888234026118106
44.743855822571355,5.602586603236212
1.7415689700260986,4.003251973378475
3.5053944125125867,6.651636349482399
2.395352848550274,6.497605647735697
4.963193358668612,10.376299638333824
7.981727436109971,10.660166561374854
3.6945744284259665,6.6665511601094005
37.399219910640404,9.543095693687153
4.826872464848656,7.75759234308128
20.58445496681003,6.760897140997846
4.8574751144817165,7.5054468010131625
4.348358306950151,9.030290602946318
6.944019407644004,8.887475425890003
5.450053693739809,6.819199540320847
4.935372768093122,5.2787451789489594
6.048196391112993,8.639464478438672
64.45474424531089,18.12765330004687
19.53005458399873,10.142110748432374
7.823150069829671,6.501580484773808
7.686829176009737,12.50525269201298
2.709725522053379,5.188374903995478
2.453776088758811,5.851361535453479
6.71310850586735,8.680436671015162
4.0784985783678165,2.3764876371368873
4.863039232596822,10.605585128551711
8.404600412857567,7.297572704626648
6.960711761989294,8.344756132279244
1.7860819149468936,8.0228634613291
9.918040540164565,13.05835622784918
6.3570049465009895,8.564294767801751
21.43298297936268,7.228994226918491
11.84322540798901,6.494988549057154
5.569682233214449,9.596678230381734
20.737468214975372,6.861634219686533
3.224406447700066,5.999345085907414
1.8445051551554315,5.119071987211517
5.24139926442358,5.802522255952613
8.1653433339083,11.787625538752346
3.3050861603690076,5.6582265160253575
5.1801939651575,7.123887032950777
6.062106686400737,6.299258874941628
13.097934042943885,13.593636037482025
4.320537716374637,5.606969420887725
5.0883860162583465,6.390901539465258
3.7975106135553003,7.014984975756116
15.924506045414317,13.928564212868716
4.654384803280596,8.796486877314521
3.6695358969080174,8.451732945910052
3.5638176527211254,5.104793027344683
4.779577460870334,7.930006647775924
31.64035766151241,11.566529851476668
3.2160602705274246,5.434554087966604
2.6346099274995374,5.870527212319674
3.644497365390066,7.186922430741463
7.953906845534512,8.845933754160237
5.0883860162583465,12.154661847493124
11.729160986629386,6.372757582765932
15.724197793270783,6.514225012992303
4.982667772071463,6.822740365838631
7.503213278211495,10.433504250480437
5.655926063998496,3.7769570500598455
21.722317121347764,6.536896788523599
5.043873071337553,8.843250601177521
2.576186687290993,4.416768669234228
5.591938705674838,11.902766649402842
21.569303873182577,6.389585458075759
11.634570978672711,6.530847371502541
5.836759902739206,3.6020790166184877
7.4809568057510605,13.215339138467975
4.545884500036164,9.010776397291801
10.452195879214086,10.05541517024889
3.1465087940886636,8.468979263626402
11.576147738464195,6.643343211069068
5.305386622747224,8.394420130090301
11.759763636262493,7.72583443901989
15.662992494004715,10.013929810713643
13.690512622201894,7.074862538681661
5.046655130395108,8.28113223025494
6.546184962414393,9.861553610671297
13.426217011734712,12.669465871474419
6.446030836342625,8.386628770365483
3.928267389260145,6.839870641254239
2.7570205260317264,5.267713961514527
77.16319002019758,94.44818173924043
3.8114209088430453,7.255298039279538
2.1616598877160995,4.660718402498393
14.02992382722299,8.746277887832377
5.085603957200804,7.497111007922884
8.830255448662648,8.0531765308119
29.167107159350966,10.710029898838108
2.8488284749308748,5.344307234370033
1.1601186269982118,6.212368968923512
3.5387791212031816,2.96527247496042
3.444189113246507,6.704324280351841
24.69912031292602,5.982415834109371
51.6962214073881,8.911987182128899
11.676301864535988,6.692660954191104
13.314934649432692,8.7039882172254
2.3536219626870163,6.262908838646571
10.964094745803315,6.534956250418284
21.64441946773651,7.750789649034698
2.7125075811109354,5.460739466057869
20.53437790377414,6.223766344324104
25.603289506629604,10.669403158728754
12.772433133210491,9.329341141733712
7.227789431514065,9.602324344714885
31.598626775649034,8.882470360685438
1.7916460330619912,6.452375812057809
6.076016981688484,8.90701336563249
221.48806774870243,39.02762609149307
21.49975239674392,6.91784085880262
8.833037507720237,9.027302540096269
6.195645521163109,7.808899325046596
3.416368522671006,7.402731275370375
3.9421776845478935,7.076877255944904
2.9684570144055025,5.58408649860658
29.20883804521402,8.453562103745101
9.879091713358894,5.894269398698137
3.4108044045559036,7.146469370266892
3.5026123534550395,7.130340552442191
11.158838879831713,7.312962950209672
6.523928489953981,7.328833224258001
9.428398146035805,6.998247135881498
44.49903462550706,18.80578427051703
21.413508565959823,6.956538187426274
9.79006582351729,9.141416698537288
11.7820201087229,6.965571085014678
8.574306015368109,7.460471942164358
9.79562994163239,5.840156896528301
74.32270772243957,48.81398731159688
2.1060187065651013,4.047923040200604
4.223165649360393,6.6567572371371835
4.415127724331332,6.745694376323306
22.715512204893063,9.857997316842297
0.9820668473150357,6.22344558003779
5.447271634682269,8.237893267206141
6.771531746075916,8.975659324450827
5.405540748819022,6.528219565857474
3.046354668016887,5.857421855792013
12.407983396671524,8.883337089523328
13.159139342209944,8.940491282337144
5.847888138969412,7.029202695771914
2.3452757855143718,6.559110464253579
3.622240892929669,9.16625510964751
5.338771331437821,8.345030806836299
22.08120273977181,8.043565587919169
19.31027191845233,8.450210274237225
3.4469711723040466,8.07959696189115
4.081280637425371,10.268328508665052
7.372456502506621,6.232676222650584
5.249745441596222,6.459887438667024
6.810480572881602,6.227770990222537
27.15846051979993,12.564743798687338
4.175870645382052,2.252395734006438
12.305047211542206,7.373246799833153
6.501672017493592,7.727510719226717
4.751756870294831,7.627234594381683
21.502534455801374,6.11033020326832
44.63257346026943,2.8071820161147896
8.657767787094617,9.087917145983127
99.06077686217137,17.73345994255265
5.989773150904486,7.7788216096008584
9.500731681532136,11.958536262681823
2.9489826010026543,5.697319511794444
2.1004545884500025,5.706186552671225
3.544343239318287,5.605040078736563
3.1659832074915477,2.5643813080674773
8.387908058512274,11.576769457886058
5.706003127034378,11.842316645776652
2.99905966403855,5.874774570495414
3.625022951987224,7.037024309037545
32.135564173756265,12.747649541662298
9.514641976819869,12.928018760414018
4.084062696482914,11.01012798716365
13.835179693194489,9.836294459212288
6.802134395708963,6.837208605000858
5.85345225708452,8.44540654959969
1.8027742692921895,7.57598149344583
12.099174841283501,7.3989867900097055
6.640774970371074,6.835593027627686
7.739688298103196,8.576841961646494
38.122555265603246,11.382358774675543
12.652804593735866,8.114672731523413
5.483438402430415,11.146182685123106
3.1075599672829886,4.982423207910692
6.429338481997278,10.019357416466583
4.5653589134390185,5.382781462025055
6.420992304824657,6.827779361738039
4.306627421086865,6.682053522607105
3.886536503396887,5.097248530148945
1.4744913005013316,5.8555119190762825
3.1465087940886636,2.430360918670665
2.275724309075638,2.133933916493695
5.15793749269709,8.096052451073831
2.0253389938961646,8.01844517964338
2.211736950751992,2.5736182438994715
1.9474413402847695,7.535391950106853
5.806157253106164,9.111372212869085
4.838000701078872,7.317286563555014
8.404600412857567,9.235391443467662
5.171847787984844,8.95732244505373
8.296100109613143,13.46730563883738
4.6571668623381575,2.6756688235301125
16.375199612737386,8.170192163711155
3.586074125181526,6.523175886775633
2.9684570144055025,5.724933005369398
13.88525675623045,8.549572371187466
5.483438402430415,7.684819208437692
3.135380557858485,7.141981292463935
4.159178291036759,8.892949945042437
6.40708200953691,8.698446414857736
52.66716001847289,9.963755878949929
21.062969124708633,8.344332943551292
4.473550964539864,7.747296920013439
1.74435102908364,5.444715905816642
3.555471475548479,6.636609309912055
16.875970243096287,11.719083324869215
24.751979435019415,10.391741289797057
6.034286095825239,9.42928776823384
5.372156040128423,3.6895014237503716
2.4982890336796073,4.706037785666282
5.349899567668029,7.353206475139504
4.751756870294831,7.710537833822859
28.571746521035113,11.77657763759161
42.2121820802012,16.226371148900842
1.076656855271718,10.20905491671192
7.556072400304922,7.677710900556908
17.749536787166814,16.880868149407917
10.955748568630579,6.207274976256502
4.248204180878349,7.0223873773114205
9.826232591265443,5.804939503413769
2.6206996322117755,7.202604704032608
2.8043155300100646,2.6477936272566827
2.3118910768237777,7.65675879651703
13.353883476238419,7.965138640350351
16.553251392420677,9.134373794367264
32.986874245366465,12.98546800452878
1.7749536787166902,7.172383595133661
9.16966665368372,7.394621579200403
22.092330976001968,10.128104024621559
3.5638176527211254,6.832586137382362
15.804877505939706,6.669858580956851
7.205532959053654,7.351674697799643
8.688370436727647,6.360383213183159
22.49016542123156,9.918362657602282
5.6754004774013245,8.896358402418455
15.980147226565284,9.337296252289589
62.93295794083126,12.46150934147942
40.782203724620636,27.689537897188067
8.521446893274662,9.7140977214386
9.809540236920098,13.788020135154097
2.540019919542855,9.08336888121597
29.20883804521402,10.925264335287405
21.42741886124757,6.276726796130833
4.6043077402447325,5.218809988199189
10.34369557596969,10.767065443061284
7.097032655809221,8.130596169213883
2.6206996322117755,3.9865977694050168
29.336812761861307,10.869618421728866
31.20079233041957,8.736957688352913
6.123311985666844,10.484686098299498
6.880032049320332,7.828499324480014
11.442608903701807,6.543256955203936
4.451294492079487,14.033509864594166
11.453737139932024,15.279220135082214
4.189780940669807,5.3794261980922276
2.5956611006938517,6.321494905363599
2.4565581478163634,2.176210661065573
5.586374587559757,10.15998335853856
5.377720158243515,5.548413872915841
10.919581800882556,12.702148976960185
29.2310945176744,10.797944150862076
126.92588038258897,99.00573255685134
4.0784985783678165,6.147257268344289
11.962853947463584,7.044382825672389
5.6893107726890895,9.031628011481688
4.965975417726172,7.242660753644004
13.812923220734096,8.221828612607492
3.268919392620872,8.202179663476999
9.720514347078517,9.50508342187307
1.9390951631121178,3.8933824732637423
3.1047779082254454,2.586648949945249
3.8448056175336487,6.711478818258094
5.700439008919291,12.867975079307694
4.109101228000875,2.509365881646576
6.6964161515220635,6.075282435273529
3.4108044045559036,5.871216634188669
21.360649443866432,6.401491444560945
3.327342632829413,6.426322775941499
15.281850403120377,7.805195809372763
21.719535062290287,9.084773229151473
4.737846575007081,7.045931898731805
7.124853246384718,8.797821056984452
93.93344201910716,477.99533763604586
6.501672017493592,7.393380538633159
4.426255960561532,3.079323311951772
1.8973642772488768,8.402835011300871
21.880894487628197,9.006355032259005
1.3520807019691368,0.5739334332197037
5.146809256466899,8.74749194013893
8.479716007411383,9.74115823009996
3.0185340774413976,6.234387225926918
12.213239262643086,7.569062659747443
13.164703460325077,8.84518224397163
21.424636802189998,6.561505842872471
122.44676529993349,35.2262535298238
28.268502083762193,7.4984120405552925
11.948943652175805,6.91303561406791
28.93619625757416,10.854387356615106
2.770930821319472,9.083315401830887
182.83413920310713,57.619285304142096
2.8543925930459686,5.051150237584767
38.473094706854376,13.056836015921947
2.7152896401684754,5.198347781179439
6.134440221897019,6.8436849885990485
1.972479871802721,4.4967722910363594
5.299822504632127,7.649343760338495
9.970899662258015,12.32267731452284
22.209177456419027,10.623232874579323
6.251286702314126,6.990642307849814
1.7248766156808015,6.6009202267084905
10.21572085932238,12.264623944813097
13.879692638115312,21.04146363628098
5.338771331437821,11.316352730215192
3.4469711723040466,7.086155005441537
5.36380986295575,39.82273775084174
33.93277432493346,7.838794327679397
2.9489826010026543,9.125792427631337
1.808338387407291,4.406584370481764
6.565659375817229,10.031717223790487
30.07962253022712,22.62956458216719
6.654685265658831,7.552619694051462
24.854915620148805,28.786306932240905
4.704461866316506,7.0994261738021365
8.582652192540731,10.700826036708564
1.9168386906517103,5.2500340653590385
7.372456502506621,6.232676222650584
22.07285656259914,8.01339556114169
4.401217429043577,7.813883454635505
35.25425237726945,7.241014433458744
6.395953773306704,6.410927139182092
4.340012129777486,7.858103803751586
20.35910818314849,5.982036051156722
12.88649755457008,6.953168885938181
7.611713581455901,7.821060955636315
21.527572987319438,7.0759858853519395
2.8599567111610646,5.6524479614721015
11.832097171758788,7.045085980789606
7.330725616643402,7.3482373064729085
3.2271885067576243,7.261631677587907
65.81238906539504,24.71570781415766
12.519265758973502,6.441543842245283
13.150793165037296,9.47791100485886
3.252227038275563,6.073795146924359
3.510958530627694,8.357711853759929
3.396894109268156,6.244162450293925
4.818526287676022,6.923004728231795
13.492986429115883,8.729250940805871
5.149591315524458,7.110666106804425
76.55948320470947,14.829701020000995
44.58249639723355,2.7685237444581414
32.413770079511266,128.83730252557373
2.1727881239462894,7.062618327411841
21.691714471714814,7.156697375972901
5.171847787984844,6.831780629945806
5.817285489336378,8.175435314019339
31.453959704656633,7.020202528846852
21.580432109412843,7.510870473572256
6.334748474040604,7.124099904528755
9.778937587287114,6.41570468726878
9.230871952949832,11.78939054139588
3.4859199991097536,7.74779408080654
5.132898961179148,7.7085352648602905
198.218925791357,14.048209710862562
6.1566966943574375,7.15963890326654
4.924244531862911,5.806381112690666
5.82284960745148,6.43113594433151
21.34673914857861,7.804270367534421
4.682205393856098,7.405963526975358
11.854353644219188,10.84018402885837
3.7029206055986226,8.063148101037608
31.00326613733352,8.290456065597603
4.270460653338757,7.770512921991208
5.931349910695912,7.430402499783347
5.007706303589419,6.73283817373289
4.682205393856098,8.70334060271854
4.904770118460071,5.951484104751772
27.76773145340334,7.108651124246058
2.932290246657357,4.762959368560917
45.28913939785104,7.743296057385232
1.8389410370403272,2.198613608479157
5.667054300228707,9.07825988758794
4.58483332684187,7.828716798305612
20.76807086460831,10.747837703802775
28.605131229725718,8.313000069098653
5.305386622747224,7.62811727694857
166.04163073173677,198.76337677494504
9.48682138624438,16.86690970403965
6.412646127651998,6.290200245158986
21.786304479671507,6.64988475110493
7.330725616643402,10.255505530215308
7.2250073724565205,4.228169254205009
3.074175258592393,6.255495326913031
2.517763447082449,4.901566509124466
4.476333023597427,9.38604112873292
6.2902355291197996,6.950376208312453
4.081280637425371,6.9485783031760935
8.37399776322452,10.191813983820285
29.20327392709886,7.387491095180498
12.199328967355283,7.206710074881704
7.044173533715778,8.648572976802296
3.0686111404772936,6.116822279709656
2.5094172699098136,5.57934487731789
4.225947708417955,6.008895916545018
3.7418694324042994,9.125783691474979
6.888378226493026,13.966868517050054
3.933831507375252,6.647513466960579
3.605548538584387,6.713726367662803
5.046655130395108,6.453474454745481
5.761644308185336,8.909222791241053
14.483399453603612,10.604151843672332
10.900107387479649,8.955534757506044
11.812622758355896,14.523740960452344
7.188840604708325,6.109022523055757
11.520506557313215,11.351633786744202
34.12195434084666,6.57719297342467
29.57050572269555,14.002594834611457
15.042593324171117,8.623511127034918
21.28275179025498,6.891697240473069
4.957629240553546,8.64796550185539
5.580810469444649,8.113597129321303
17.41290764120341,10.878230537670122
3.0018417230960956,6.024289900058199
5.814503430278813,6.4189284676610185
7.066430006176179,6.580753984285054
3.0686111404772936,5.291100456995001
6.743711155500398,7.317108874676146
7.277866494549943,10.206538538195554
9.870745536186257,6.687250611979729
5.36380986295575,7.496408246326852
6.1845172849329195,11.550315758818265
7.917740077786386,9.557649819410504
16.13594253378808,6.80437751614128
27.76216733528824,7.0188143506883405
3.586074125181526,6.678262583626868
9.339372256194245,14.675241097483942
24.340234694502133,18.986341455763007
6.996878529737446,7.051470502081123
4.757320988409931,9.14753998673886
4.050677987792326,6.09058262851663
7.7842012430239516,9.463984882378536
4.095190932713125,15.891209181063171
6.2902355291197996,8.942955308031204
2.506635210852258,6.968410936125497
6.354222887443442,13.688152437182442
7.436443860830289,12.731388842510912
16.87875230215388,15.895447828670191
19.438246635099595,11.582519443814894
3.8921006215119855,9.385408413560423
2.576186687290993,4.416768669234228
6.034286095825239,10.901263351538937
1.4744913005013316,6.165852067009518
3.0185340774413976,4.635991173703503
28.791529186581652,9.317662649227453
11.962853947463584,9.130196286593726
10.21572085932238,7.249331939273647
21.677804176427102,7.581986238949937
32.858899528719235,8.148727963080717
28.026462945755455,17.159694722840197
8.4908442436416,8.19857708479091
2.2479037185001505,6.670253391892315
12.828074314361485,10.981227738206554
6.5990440845078275,10.972672673547788
2.954546719117755,5.067934838719019
5.692092831746654,8.682587725816042
14.08834706743148,8.480610357020252
10.1684258553441,16.993336936748534
4.960411299611077,4.415623690695201
35.73554859422555,7.747055012313995
3.889318562454455,8.695852506504066
6.159478753414985,10.210541272024088
8.4073824719151,8.750123267136972
6.134440221897019,6.4814202249066755
7.722995943757887,7.138178897048123
61.01890130923692,9.001278591876037
6.821608809111813,16.438503658330855
1.9669157536876145,4.907520831893867
30.82243229859282,20.371991582065537
3.5026123534550395,7.741446385331576
3.2299705658151687,6.708527552942296
11.150492702659115,6.01039375432701
15.696377202695308,8.567416344560286
2.7848411166072222,5.866150903602287
4.3956533109285045,4.177183658828198
5.383284276358612,3.453246212907629
5.043873071337553,5.74386231962935
5.213578673848112,5.571924239773063
4.94650100432333,7.796084229908671
7.703521530355048,9.657896070823831
1.9863901670904736,1.405488502880871
7.291776789837695,12.093962172413292
12.024059246729747,6.96689215904854
2.2367754822699384,5.988612019237072
5.71991342232214,7.620825038366317
13.253729350166624,9.867765043912433
7.8008935973692894,9.740481799799646
2.5650584510607968,2.198891372828684
1.1016953867896677,7.2017346346722
4.646038626107946,5.00640604586737
7.102596773924319,8.037085620313256
5.731041658552325,6.131580747261045
20.52603172660153,6.659128508452142
17.688331487900815,8.832220889508982
6.468287308803026,8.820105960092556
6.031504036767702,6.533883740720886
3.2327526248727114,2.6409852399341633
3.2633552745057766,5.594386019555514
31.623665307167073,8.529747938479906
4.467986846424766,15.824593418284664
29.306210112228168,53.10866945614926
3.5276508849729855,6.736972594093344
4.799051874273186,6.145955593237457
29.055824797048853,11.41653488367755
4.178652704439616,6.832193748512793
5.778336662530669,8.48306575745928
3.5832920661239784,3.2431700807892234
1.2463624577822519,7.213351382127051
5.936914028810992,8.2442158398298
12.327303684002594,7.4179957795747855
5.575246351329539,9.747528151612897
1.363208938199342,6.165852067009518
22.712730145835472,8.984600500974238
6.643557029428608,8.040767927495725
8.549267483850146,6.016927820048507
21.179815605125686,14.038916000543285
14.978605965847384,7.8717262379861275
6.1260940447243675,6.164641174743959
14.004885295705126,10.838042550060026
9.219743716719659,7.395359062241913
7.592239168053052,8.873692751111742
3.1103420263405432,6.156544507118785
3.7140488418288267,6.9861297289744355
3.3468170462322537,7.283452934231245
15.15943980458822,10.209690324200327
11.270121242133758,7.648451767568133
2.1588778286585493,6.412760280250236
4.632128330820206,2.995450336018092
12.438586046304666,7.727518752873998
5.4695281071426525,6.143268505562081
6.137222280954587,9.116977612430158
2.464904324989007,2.029754500877018
4.000600924756435,7.849344311917259
4.721154220661803,7.063256261350097
21.555393577894925,7.225344521747125
7.2500459039744625,10.141608790910228
8.938755751907086,10.785022923064702
5.811721371221266,12.303760349115953
2.923944069484706,2.5749436529088237
30.599867573988895,7.910189789182368
6.557313198644554,4.6679178831540575
6.14000434001214,6.145933742462505
3.15207291220378,6.974629234958441
7.327943557585852,9.100080574243263
7.642316231088984,10.395697871310553
5.249745441596222,4.586481378908177
2.993495545923455,6.012817299192309
6.846647340629756,7.729497445150645
9.837360827495631,11.243282878170946
7.252827963032009,15.27464278928837
6.265196997601855,7.591672039382892
8.802434858087183,19.031567753035475
5.085603957200804,4.138326582517266
6.095491395091325,10.28079930366553
5.18854014233016,5.666959785979254
2.6930331677080916,4.434354198226629
21.45802151088058,7.297062468599189
12.572124881066967,10.22600806930773
11.790366285895495,6.9787640918422955
22.49572953934669,10.207421143056038
5.995337269019562,7.100804443889486
21.833599483649774,8.143756816820463
11.214480060982668,9.60746876178018
10.421593229581115,8.124533986653981
24.451517056804047,8.797873761061384
8.287753932440491,8.163547251509204
28.702503296740023,25.9351694247356
22.334370114008838,9.002065538540252
1.85563339138563,8.429957806606758
2.8655208292761585,9.204507206262415
5.541861642638969,4.8879696647223305
9.111243413475195,9.050137001101197
12.343996038347889,7.918848335663808
4.568140972496559,7.108403002472963
2.4732505021616626,2.0453662473769185
7.659008585434239,5.625903216930784
47.592684297502224,48.291019248677344
7.2250073724565205,12.896438440620598
37.930593190632194,11.932348118881606
3.449753231361595,6.488139835676804
5.110642488718756,8.66207099954428
4.376178897525632,2.3794092943675684
4.342794188835048,7.149583108593863
4.178652704439616,4.99141453546031
28.922285962286402,12.266416382734521
6.384825537076511,7.614316985132688
8.201510101656437,6.801035980921778
153.02159434240568,78.44513536305212
3.3802017549228567,6.912784502657673
18.26421771281354,10.11604531821134
123.31754978494693,8.653457768328614
10.571824418688792,9.839063349921206
6.6073902616804565,6.771146525708696
4.056242105907421,6.50687956341347
4.762885106525036,7.88526267121835
15.587876899450851,11.613175267465554
5.447271634682269,8.53719853094526
50.96732193430994,13.54714821386669
12.460842518764995,7.889122926794234
11.492685966737767,7.323671297991459
21.3968162116145,7.90770775321428
4.899206000344973,5.145172147473097
7.5282518097294355,8.489146708872026
12.694535479599217,7.392724784616093
3.3941120502105964,7.275710908486642
3.7696900229798254,6.677376678019403
5.516823111121007,11.283094435002292
54.86220461487965,9.068062047657753
6.526710549011536,8.424157681625505
8.143086861447891,12.407987664432387
15.899467513896372,8.054707634255385
4.843564819193977,7.6704541900265415
6.930109112356252,4.669885657756992
3.2717014516784144,6.2560539743553
4.028421515331918,6.3910877303388975
2.8432643568157876,7.1328245227333795
5.138463079294261,2.2818671617604056
2.9684570144055025,5.978523901557969
12.369034569865821,6.64525650331847
7.695175353182409,15.868985839251726
2.759802585089282,5.558032138413593
29.873750159968374,89.93481848702294
7.369674443449095,8.614857035839792
1.980826048975372,2.1266388911191316
26.24038103080854,13.893747375359078
6.348658769328373,10.734717338130691
2.6429561046721948,6.632536262174742
3.082521435765036,6.379399445718049
15.526671600184676,12.061439126929622
5.566900174156906,8.022182778216477
5.917439615408179,5.432694211739791
3.613894715757044,6.588838991756383
4.915898354690264,5.477361426111381
3.4386249951314007,8.694712319116121
29.03635038364588,11.612796366506482
4.45685861019458,2.9650205936777794
2.4315196162984147,6.174581177582189
4.384525074698287,6.322305592977487
27.834500870784513,6.633021226250971
31.451177645599245,7.9599002066806195
2.214519009809535,5.340676779571922
4.821308346733595,9.923705805856821
21.850291837995112,8.364123778621414
4.913116295632718,7.331111606681368
8.01789420385816,10.095443755544295
2.6485202227872895,6.558555055327853
22.36497276364181,27.883724528898746
3.413586463613468,6.029148427589098
1.847287214212983,5.260901143551991
10.0710537883298,8.279699298615753
28.129399130884693,9.297860391321008
5.942478146926108,7.458483631160918
5.324861036150086,6.047749254736271
3.096431731052788,2.4792995190991056
5.402758689761456,6.984749138851293
6.1205299266092785,8.148496722062225
3.032444372729144,11.351538492760032
8.590998369713379,6.335297494390959
8.629947196519097,7.867986360541178
5.800593134991071,15.299153100909065
2.9628928962903998,8.213040159959945
14.675361528574511,14.557438171272763
6.604608202622932,7.617549016782298
3.3718555777502006,6.114765001437763
10.58017059586139,9.502382131663301
9.670437284042665,12.631312822096973
3.981126511353584,7.134012240308124
23.744874056186518,13.054549055991746
5.313732799919861,11.10840479242237
21.199290018528508,6.660591095607662
28.93063213945917,11.343101445697306
9.650962870639807,11.857598849279357
21.343957089521208,6.081517802535545
6.791006159478717,9.04127812151866
4.356704484122796,10.981751246080456
9.548026685510493,8.761825190975253
12.61107370787268,8.160511801850868
2.192262537349127,5.32115724966817
6.309709942522666,7.797397096874581
7.244481785859363,10.351290101408917
19.47719546190528,12.85659722031069
7.575546813707758,6.923017611526459
10.482798528847189,9.64965418244353
3.0268802546140456,2.5505571932214215
8.860858098295695,8.268531634483509
1.9641336946300632,2.1010491406244216
6.952365584816625,6.410927139182092
3.138162616916043,6.293339867886369
1.47170924144378,8.983761945546645
62.73264968868761,15.72551483271254
13.267639645454388,8.602816152732618
4.320537716374637,7.568599446477524
8.081881562181813,10.099186303219527
9.884655831473994,14.764733357903612
11.901648648197503,11.352787038092973
12.828074314361485,8.191207729721569
4.117447405173523,7.607062288732574
4.159178291036759,2.021919884867898
6.4738514269181,5.474206142995922
32.032627988626906,7.324039596863009
4.515281850403116,7.4897449660526005
4.284370948626502,6.732246796053253
6.10661963132154,15.897828867839802
12.652804593735866,8.237457367881635
6.779877923248541,7.901684273008816
11.893302471024903,6.801141151170453
4.996578067359211,6.778641460255284
13.134100810691988,8.307370460332777
2.086544293162251,5.92448294588258
8.148650979563033,8.159519817693937
6.518364371838878,7.228680911728954
5.864580493314709,9.683345123735794
2.6206996322117755,5.799746620512762
8.059625089721417,9.256175194514428
3.6611897197353693,7.119505521426218
2.6985972858231797,8.767416260106783
17.538100298793086,13.094937896102545
19.11274572536629,7.936606671198956
22.306549523433226,9.635749229980034
25.614417742859786,7.23260505382366
2.7514564079166344,7.683932818300045
7.684047116952188,7.855305356255949
2.871084947391263,2.544320393729244
8.051278912548756,7.981344368319852
21.811343011189404,7.545804848667315
2.4370837344134997,4.65633364157874
2.9350723057149044,8.811148559689537
7.53659798690207,2.933602305863719
10.902889446537186,7.511603944569179
11.545545088831103,7.12054055957183
7.166584132247973,10.075063239145203
2.14774959242836,2.046846201255945
4.351140366007669,5.568116449802635
9.71495022896342,14.842401058884349
11.381403604435691,7.340684240078445
46.60783539112966,7.6480571974534275
14.789425949934158,7.3812276480701735
6.944019407644004,6.189248505501408
2.153313710543451,2.324294166130034
22.19526716113134,8.67471119843313
2.87664906550636,7.541947274359448
5.845106079911854,9.471653701287085
95.14085565008364,26.36676959552588
1.6497610211269536,2.031171049240347
8.223766574116826,9.220039224970765
2.971239073463052,6.497947413648413
4.234293885590605,6.395460842483145
6.690852033406973,7.644762936780381
5.399976630703917,8.336384203632859
90.56158644135698,7.6857579099607225
1.9780439899178186,2.3528104087446526
23.644719930114736,14.533820471125006
4.509717732288023,9.446474478225893
7.514341514441712,9.738267448374907
11.56501950223401,15.754924910989336
5.867362552372253,11.908556070297275
5.530733406408754,8.505395154347589
9.453436677553842,8.500228833527357
7.019135002197824,4.631561597273827
3.6278050110447695,7.755126824935943
21.274405613082408,6.775208103017593
3.9115750349148413,8.347083099695556
8.757921913166374,12.487111014504475
9.28929519315837,7.889108418441835
17.371176755340198,8.451032748740602
12.113085136571282,7.548239753878117
3.9699982751233813,10.802785867718557
3.274483510735964,5.745411033624008
20.08646639550862,7.687906183700718
16.558815510535688,9.933428719863628
8.755139854108815,10.734483945262632
3.9393956254903415,8.082223902566046
2.996277604980994,7.257027937746343
4.123011523288613,6.7074411125198985
8.426856885317994,8.563746920938371
3.9421776845478935,8.666172060316603
80.96348269281056,31.87184230226329
6.471069367860535,10.648973767516189
3.4998302943974857,7.796918287034275
6.153914635299908,6.010188560637267
21.65554770396659,12.290422736752912
28.287976497165108,9.03879617435174
3.5916382432966163,6.78508390987322
8.613254842173777,6.535729106779295
4.529192145690873,9.544789858471333
65.72336317555353,10.610076418185933
38.99612180967387,15.546564263452431
14.922964784696378,5.977093559824587
4.38730713375583,7.126317779789382
1.9224028087668197,1.9570767260814288
3.05470084518954,6.257528062205746
4.559794795323913,7.6416153556438955
5.494566638660604,10.762115633015512
7.597803286168151,5.835872559777677
18.60641097689223,12.659881888467057
4.659948921395703,10.14709137895762
2.7486743488590846,6.659108292704235
11.036428281299582,6.6418842222265875
1.863979568558283,3.885804494977475
57.51907101483953,15.441560427625957
18.283692126216472,6.880095164311217
11.862699821391798,10.784601716116157
1.3548627610266928,5.6115877120585145
2.9128158332545113,6.820396784440215
2.4760325612192093,4.935661925088287
8.568741897252988,8.3661110061061
2.6012252188089438,2.6051750592240346
6.028721977710145,9.671478055343371
16.889880538384084,7.69039072944833
3.135380557858485,7.294918294512752
3.0074058412111837,6.151250583352485
6.251286702314126,6.783326233292493
15.729761911385879,15.117980808353892
10.268579981415773,15.725910309651587
2.3758784351474187,2.1507044547452345
3.1882396799519324,9.262598212703319
7.453136215175584,8.39436492897941
11.754199518147399,13.663957973553199
10.531643278823516,11.639788775972232
11.651263333017992,6.555688937833885
11.100415639623213,22.986441983539542
12.321739565887539,11.062855658733426
69.46245054890036,18.371323096673507
16.6979184634131,8.73837230818567
3.029662313671587,5.822044116549739
6.10661963132154,8.290901332839743
6.601826143565404,14.889206372387356
6.384825537076511,7.921726155978034
3.8030747316704,8.13922146834831
3.366291459635103,7.154356687103881
28.838824190559905,9.871417341145351
4.353922425065248,2.1713327424125755
4.609871858359808,7.045228663406841
3.2717014516784144,6.5226730566843685
4.785141578985444,10.563999777896449
5.397194571646375,7.596214295076002
5.630887532480552,7.500526625606701
3.1409446759735853,6.255495326913031
3.0992137901103343,5.919785884961148
3.544343239318287,7.502665230666058
8.507536597986897,10.529673757221131
5.658708123056048,10.519500208913323
4.270460653338757,2.4607423212974058
8.546485424792618,10.01365261630057
8.540921306677493,6.157965030804468
7.695175353182409,6.77860979777659
5.021616598877162,3.22279493464799
5.522387229236105,12.60485250501206
11.272903301191299,10.315687905245634
9.036127818921328,9.418239353163793
13.5068967244037,6.306875566263855
5.864580493314709,12.022464635236181
14.942439198099311,13.841601827337993
16.18880165588152,7.271703453362288
6.532274667126623,8.465597922008868
12.474752814052708,8.198740286394688
3.747433550519417,2.9001952213055993
15.877211041436029,8.161294782261677
4.6682950985683584,7.372735778144335
21.44411121559288,7.342769088076257
6.095491395091325,8.169732762491961
24.49324794266743,8.551492052896664
50.8449113357778,74.36515645829087
5.934131969753452,6.8157882875317854
12.399637219498924,8.393421101080289
6.546184962414393,10.468683247406238
2.0976725293924496,4.991730621891145
5.839541961796742,5.73166581012844
28.21007884355369,6.6535449457291405
17.3266638104194,11.461684282993057
10.30752880822152,10.028970386384554
21.42741886124757,6.573970760340208
5.8284137255665724,8.074567913590693
6.3430946512132484,9.46763354039168
2.754238466974179,7.76446630688601
6.43768465916994,10.741281742823508
143.69891444055597,27.009318400059982
3.00462378215365,2.6780202117562695
120.28510541221803,14.699832953260282
4.345576247892596,10.456834759982957
9.16966665368372,7.2700674767175775
2.6874690495929787,5.776633368566337
28.80265742281177,8.927290589626347
3.780818259210011,2.923217194873391
3.8754082671667076,12.461797189410932
18.317076834907162,12.005682518385788
10.535657650940593,8.902808776754945
2.9378543647724573,5.264603355860667
37.44095079650354,38.20955696234576
3.9644341570082795,9.335301147564028
13.451255543252685,8.257610111937574
3.97278033418091,5.700468701138145
6.33753053309815,9.588486437932781
30.549790510952967,13.100029615276908
11.139364466428914,7.670403521687035
26.57701017677198,14.119397672915406
44.07337958970176,10.82609841649211
9.069512527611957,8.687990941329888
84.85280125526539,16.939296961432703
5.728259599494783,8.6143725906104
23.180116067503928,6.742840008966797
4.373396838468096,6.721446063731889
5.4973486977181425,7.016967116441739
4.159178291036759,4.962681081138683
1.38824746971729,7.668331863770327
2.1727881239462894,5.290623160397263
11.069812989990236,10.25560560111492
22.43174218102302,12.588736304321102
6.482197604090734,15.267074544026809
9.588894298448226,13.909018243436119
3.1465087940886636,5.166269124902447
6.932891171413794,13.763475144838237
35.83570272029725,10.321943086167849
8.312792463958461,7.549078202379684
7.336289734758496,9.449174129177099
3.9393956254903415,6.832456584804539
13.334409062835599,7.196844829168499
13.821269397906777,12.434368547271145
15.440427769400694,9.237918953153697
3.1687652665490815,2.9460365737513934
8.769050149396582,8.464717576318577
21.975484495585007,8.74745528219235
2.1199290018528454,7.508472283728332
5.575246351329539,9.011798031258877
5.458399870912468,6.459228695792723
6.788224100421192,7.784168573154908
30.939278779009907,6.932262807612411
25.517045675845644,18.509391448584697
3.9922547475837806,6.40874816818657
8.087445680296918,9.067823697828963
24.687992076695778,9.850666652495356
3.9032288577421914,7.296513234818381
9.612014043834076,6.555676769581002
5.085603957200804,7.627234594381683
9.77615552822956,9.464468293338088
3.352381164347359,5.0730482241349355
3.05470084518954,6.704891801047587
3.4775738219370873,6.5604302582892275
16.51708462467239,7.458281770036724
3.95330592077809,6.943958573439153
11.7375071638021,7.682318413875598
5.369373981070868,2.8697161322417513
2.8488284749308748,2.609755484320702
10.69145295816342,12.900178568389496
8.877550452641017,7.33413756216821
78.26210334792978,133.39202762436742
6.354222887443442,6.489215628928473
70.64482564835888,51.119718118413815
0.901387134646091,0.5866605800928724
4.356704484122796,2.1347004705484567
8.930409574734457,8.20103993025365
4.537538322863521,8.911421909197024
5.878490788602468,6.517207888264364
2.0921084112773536,5.5019493623615965
22.398357472332293,12.519535331731408
12.538740172376382,10.256097563411018
3.555471475548479,7.281024566098037
24.192785564451963,16.705582753905325
18.976424831546286,5.504470321455067
38.65949266371042,13.20125128458135
2.5622763920032505,7.0503220493227845
30.001724876615743,16.130372701700534
3.4942661762823923,5.984294618512392
4.384525074698287,6.6413264906173985
158.0905059452602,146.1184402539788
6.028721977710145,6.112264443209749
12.878151377397451,11.509640428945085
3.316214396599211,7.781427433787854
6.050978450170535,7.551722725507982
14.102257362719358,9.821408545105236
6.298581706292466,7.589586808894868
11.921123061600406,10.914815131021378
4.175870645382052,12.090157051191424
76.88498411444284,9.434197365408659
28.52445151705689,10.399073954945925
11.100415639623213,6.756195522130473
1.6720174935873489,1.8720668982933921
8.554831601965255,6.820013645153696
9.308769606561208,6.0282101300980955
7.305687085125432,1.6957966291022848
12.933792558548378,6.76605472656507
146.0469722851278,41.27704043754955
17.137483794506032,12.132768842412805
10.02654084340901,12.350826277207567
11.28681359647901,6.5714769550294685
2.731981994513781,5.230115609787024
11.704122455111504,11.712180642787038
6.295799647234899,7.107439361156395
1.2380162806096024,6.2604481054600996
1.9224028087668197,4.4247872848414005
15.084324210034293,7.436588191658056
12.444150164419687,7.1647291334627425
21.36621356198148,6.711302696404941
3.666753837850459,5.777227950260254
4.033985633447027,1.9419471003564803
8.994396933058107,7.999614338084534
1.8417230960978785,6.601061260979173
4.003382983813971,8.065863138861564
2.208954891694451,2.320123965798792
38.04465761199179,7.635457537917098
5.5835925285022014,4.944770351772126
18.589718622546798,6.383833943404764
5.739387835724979,9.194367684367082
6.6073902616804565,7.468414106603177
12.332867802117736,31.679350981096103
12.193764849240209,7.929171681370285
21.026802356960378,6.498280581264787
6.752057332673048,5.859802625284979
3.9922547475837806,7.0365358818216786
2.9100337741969597,6.081965522010672
9.65374492969741,10.416400750257713
3.466445585706888,2.308442712412381
4.5124997913455624,7.006062724917306
8.081881562181813,6.725792919557301
4.682205393856098,16.878079057988256
6.6463390884861715,6.786873104376781
2.192262537349127,5.627271198555308
6.560095257702121,6.978751178745771
7.350200030046244,8.843508731819357
28.12105295371207,24.986969136428318
11.25064682873091,9.222544835329334
13.58479437801503,11.68257321929449
1.8166845645799414,6.3485239642375015
24.16218291481889,7.845618609843367
4.907552177517623,6.552490711676274
5.870144611429812,10.36848698642782
7.130417364499803,8.94348623137165
25.46418655375221,11.777841120146578
12.714009893001995,10.14010093709776
2.723635817341128,2.266203176852279
15.19838863139389,8.450045829154693
4.365050661295448,6.771311595205223
16.45587932540632,8.414303127827615
11.623442742442515,10.14010093709776
20.723557919687497,6.835692454604689
67.41763714160123,15.165907745222716
3.4052402864408045,6.9304204325713545
3.630587070102327,2.612346835187685
106.769862510641,26.233681100611182
6.660249383773925,5.767210902272202
5.814503430278813,6.607724522053855
4.417909783388869,2.076288626022081
18.66205215804323,7.659464933226218
17.07906055429741,11.437822438550517
1.9780439899178186,5.876032121206259
7.0580838290034915,9.627351906659642
25.152595939306472,6.969195526081489
9.937514953567437,9.050607445267426
1.9557875174574162,3.9699384274520346
20.52046760848651,6.2352996217754395
3.516522648742783,6.400161285907279
1.8250307417525904,2.1096228916705106
7.9705991998798185,7.241379870016912
6.944019407644004,6.519700532501202
12.70009959771428,8.274376549908107
2.821007884355368,11.346467418310821
8.287753932440491,11.352066452353032
8.802434858087183,14.128100408458064
1.930748985939472,5.120982986873187
1.9502233993423201,5.534199115972133
4.337230070719948,6.636633520605035
9.342154315251767,7.051888131246453
3.3384708690596208,6.634683558224746
24.04255437534432,8.166115233194589
28.293540615280214,6.769749693807687
1.26305481212755,6.275883230201596
10.710927371566235,9.720193733691916
28.16556589863294,8.904686568711316
8.43242100343306,15.55170854708402
21.997740968045292,9.668074340061933
3.2327526248727114,8.639814136179137
3.1103420263405432,4.258805205711668
3.2271885067576243,5.7274150747907875
3.683446192195773,7.721084373332172
16.08864752980979,14.674278443190673
5.258091618768882,7.329120327071556
8.421292767202848,11.288564205846066
27.197409346605582,8.045135561514336
4.682205393856098,2.86156166263586
4.523628027575777,8.36114290009438
21.4635856289957,7.310851210716776
3.352381164347359,8.41516442123699
21.05740500659351,7.459632258808581
6.996878529737446,8.79434145235175
4.273242712396302,6.6315519449646585
28.08766824502151,9.211531608520186
24.504376178897374,7.278740887153454
8.034586558203474,9.508370290248727
6.359787005558542,7.300488646138935
20.934994408061282,7.147873982445414
5.425015162221862,8.570187398637767
6.585133789220075,6.93762907759665
5.658708123056048,7.946893736336627
2.8349181796431195,5.416502830449286
3.1325984988009323,2.707405678655533
3.77803620015246,6.0298487753490795
7.542162105017181,5.577883487675712
3.541561180260711,6.57634729243455
29.69848043934282,10.420478371548029
11.80705864024086,6.8213211159091065
3.096431731052788,7.895329262885631
6.626864675083318,8.556402917802055
5.430579280336949,7.307100107848062
6.345876710270827,6.2768967622087946
2.6457381637297237,5.721712609206326
3.1687652665490815,5.58408649860658
11.884956293852218,6.70663384834164
3.9894726885262353,7.197826403737814
22.12571568469261,8.227679087319832
74.8429527662014,14.694999582271308
20.61227555738553,6.391696342395565
4.270460653338757,7.599281832865751
15.12605509589758,8.589140764298394
18.38106419323071,6.548162292701966
22.35384452741163,9.538219386878191
2.306326958708678,5.454468545869298
3.7919464954402122,9.02889333251693
3.430278817958757,6.464929941725493
3.6500614835051737,5.821938861171967
2.578968746348551,4.355857258124474
7.93999655024678,6.818733151049775
31.11176644057797,10.010865736401993
2.2534678366152394,8.850381794298151
17.10966320393051,10.157927403812142
16.79807258948488,8.401273530857836
2.039249289183908,2.3481142801606203
5.4973486977181425,17.330542911372234
12.563778703894311,7.483938100487188
6.181735225875347,8.267068332974855
30.547008451895415,8.034097016700386
37.969542017437824,41.259404260197165
11.882174234794633,7.018485692107376
8.37121570416697,10.46548719515702
21.380123857269236,6.944078676169567
5.870144611429812,9.7013857934881
12.867023141167227,10.094597674739344
3.5137405896852343,2.43505105356284
15.532235718299827,10.878230537670122
15.587876899450851,11.381125118278446
17.482459117642087,6.906742040370961
12.115867195628786,7.288837047147036
8.941537810964638,7.02486552708252
6.234594347968816,7.950967475708919
32.2162438864252,12.804230188144926
4.248204180878349,6.6662939525510865
3.561035593663573,6.351686210542245
7.834278306059872,13.670572638048254
7.403059152139671,8.247525932285615
16.508738447499827,11.700320002318005
4.932590709035565,7.466174308915298
6.5990440845078275,9.170658648810264
3.961652097950734,6.393089146243097
42.89656860835843,14.814515332797578
3.5638176527211254,7.740178288613896
19.09605337102102,10.28903293987043
9.759463173884248,12.085123617685145
3.0074058412111837,5.604624390010506
19.56900341080447,19.871417492882895
7.110942951096966,8.922688613971168
7.28343061266503,10.318369433463799
9.100115177245025,10.010224594521176
9.038909877978877,6.007319952744977
10.18511820968939,5.93881737143576
19.296361623164525,8.83704353557654
9.867963477128704,7.790910477690731
6.370915241788757,8.865078031986585
1.7888639740044392,1.92574836481624
2.993495545923455,6.768597886636774
15.3541839386166,17.246248617702683
11.948943652175805,21.06195409350228
20.562198494349577,6.6087915754686755
25.73682834139202,9.266577920258978
5.380502217301073,6.134241166823554
6.6379929113135585,9.91149171078504
5.455617811854914,9.032245466962447
12.146469845261915,8.069852985898514
7.411405329312346,9.353280213510605
2.6179175731542363,7.0503220493227845
2.6095713959815936,9.551459623740975
16.69235434529799,8.00065319259059
1.81390250552239,4.746023499294084
3.944959743605438,10.179091176102196
3.8921006215119855,2.125156676371584
7.820368010772104,6.086868227159311
4.117447405173523,6.64659515513776
4.971539535841269,5.9919778047118335
2.6290458093844356,5.158565213616153
3.4775738219370873,8.993316640526409
4.445730373964372,5.433441250154877
2.464904324989007,2.029754500877018
5.706003127034378,9.230611142664074
2.6262637503269066,5.494001744646363
30.50527756603219,6.511870341477172
2.5316737423701987,2.359755724838893
9.011089287403395,5.527554328850013
22.22308775170682,10.771751427337092
32.27466712663386,7.605549555231892
5.614195178135247,10.030851960697696
11.918341002542785,7.319591383477377
4.993796008301664,7.174108227343332
6.827172927226903,8.341448076221935
4.223165649360393,7.353710416585523
2.3035448996511163,4.173921309505981
5.374938099185976,8.47893304303113
21.777958302498796,8.02463168644464
32.83942511531626,14.743587230096207
3.4108044045559036,6.670308123977981
4.359486543180341,4.879156439138352
11.78480216778039,6.655955769057823
15.585094840393305,12.12791033888178
8.257151282807403,9.04393448670052
8.69949867295784,6.662984468424865
2.484378738391856,2.478727520621407
5.283130150286838,8.702854269260763
3.655625601620249,7.539437102190827
11.709686573226588,6.543256955203936
7.272302376434847,9.372292539838933
21.146430896435195,9.252125314808268
4.58483332684187,5.681696065466366
2.2590319547303266,6.548138060578948
13.04785697990799,5.946008346520874
3.6917923693684176,8.313033692867347
1.2407983396671478,8.229497975242
2.4982890336796073,7.536510257765023
21.814125070247027,7.98064441945301
2.108800765622647,5.321433665255099
12.3634704517507,7.597641339021628
3.7084847237137155,2.7383636674726004
8.067971266894093,8.057672183324113
36.94296222520212,8.741444003370926
12.577688999182087,7.978618660476861
3.819767086015702,7.159987647682712
2.6930331677080916,5.494001744646363
23.96465672173286,23.810030245884132
31.954730335015483,15.981859309527719
22.1424080390378,8.529747938479906
21.802996834016785,7.762026144052434
2.8822131836214635,5.547975110533819
7.558854459362465,6.256439185537068
7.4809568057510605,7.594837744778571
22.331588054951172,11.780795403870867
17.93037062590757,10.324426860495782
12.471970754995223,8.295898528431742
2.6985972858231797,6.5885475481843505
4.476333023597427,6.337903142004538
11.743071281917185,7.696797817548718
16.773034057966992,7.173373571760548
3.9087929758572915,9.109377443053711
5.758862249127822,9.263476255204548
3.043572608959337,5.85548436752864
4.020075338159273,7.159987647682712
2.1338392971406015,5.653300634924436
6.482197604090734,7.912771545304966
21.349521207636297,16.14687721092576
3.4887020581673043,7.281024566098037
3.7641259048647115,7.3942980016235245
9.36441078771222,11.481896543654557
4.568140972496559,7.738529732298411
30.76122699932674,6.135160386664061
5.40832280787656,3.4588089429623086
3.291175865081254,6.283209220838274
21.897586841973506,9.752190723991376
2.4176093210106613,6.0635678738206
7.291776789837695,9.921744656201927
6.240158466083884,7.542214912229037
3.3746376368077473,6.5626297266539755
8.49919042081425,9.046015460542462
4.340012129777486,6.8428573360393505
7.362245928456562,10.962234066380118
1.85563339138563,1.92574836481624
6.955147643874193,8.541950101003879
27.17515287414517,7.999912480741675
8.610472783116235,6.353870675022769
5.839541961796742,8.817614423951508
4.117447405173523,6.396581068251731
2.667994636190138,4.4086764354832075
20.553852317177014,10.748400878238666
1.5662992494004675,7.598628031120879
7.7424703571607285,9.021743371678356
4.782359519927883,8.772318713970074
7.748034475275841,9.077904194362322
12.17429043583738,7.615272728058606
42.86874801778313,11.846881964113932
5.419451044106765,7.429781136941423
6.471069367860535,8.500012227322205
20.069774041163328,8.182556522280207
3.3440349871747137,8.878468738055046
2.6485202227872895,4.425327083647965
5.864580493314709,8.380120352102711
5.558553996984242,8.235429103661685
3.1687652665490815,7.076517077486011
21.513662692031566,7.035955149278914
1.4383245327531828,5.439464928112965
5.77555460347312,10.748766619257607
7.027481179370476,7.127701009038132
4.128575641403721,8.491695634681355
2.676340813362788,2.2391415424924777
4.957629240553546,6.4727471998146555
3.510958530627694,5.337461134932445
8.193163924483784,15.330705715559326
3.0936496719952307,6.405963439665072
6.5628773167596846,6.586138761563768
6.251286702314126,6.814638729886173
27.9624755874317,8.48176448050494
2.464904324989007,7.381779260712748
4.345576247892596,7.059269452717423
12.121431313743967,7.149383446805577
5.89796520200533,7.96624572682586
3.101995849167887,7.718679051471574
4.420691842446446,7.289710745547465
15.824351919342508,6.263631784192901
3.0630470223621895,3.1651362171351365
1.7610433834289332,1.9124241667593413
22.12571568469261,14.237232273995069
4.150832113864113,6.445381523120445
2.7764949394345684,6.192089139802079
14.338732382611006,25.434310024954748
3.677882074080666,6.053131279366825
1.8361589779827814,8.43501243433125
1.8222486826950421,7.185555045489618
4.868603350711928,6.696284267028279
2.8488284749308748,4.671935826788393
6.854993517802397,8.365372468877116
48.4495584872276,33.49043956195965
7.144327659787563,11.392272716947955
4.73506451594955,3.547663838055065
21.274405613082408,7.17457271358825
4.100755050828223,6.372312670453733
6.749275273615496,7.482510256443681
5.213578673848112,4.803929507782084
32.83386099720116,12.61079728424386
21.26884149496729,9.93097943742585
6.195645521163109,4.083002939477107
21.527572987319438,7.0759858853519395
47.3033501555171,104.81217735922404
2.208954891694451,4.268028822758485
22.645960728454334,8.851255195955439
2.5956611006938517,2.688601651156483
2.896123478909208,4.461038973184283
5.74495195384008,7.868847227746665
1.6247224896090002,7.234263299029226
5.578028410387108,7.661410271907044
4.506935673230459,5.559098228019952
17.081842613354983,9.193187050742083
5.046655130395108,3.378703566804158
7.013570884082723,9.710585466015377
11.378621545378186,6.3473656329724
3.2160602705274246,2.765639463534227
21.822471247419575,7.091428396354369
98.70467330280498,24.634488513422006
32.24128241794318,11.360390790060618
2.2590319547303266,2.1253819047018183
1.7304407337958991,4.200558323721605
8.148650979563033,9.891838871282248
3.085303494822591,6.0446544607178625
42.62392682071865,10.663917560203828
3.9699982751233813,7.0792408959473665
15.212298926681557,9.477177259655875
7.186058545650798,8.391828894613456
10.997479454493895,6.302799047005439
5.516823111121007,5.9944118281051875
11.893302471024903,6.619444582389593
4.020075338159273,6.722647808567371
5.288694268401932,9.282361400949133
14.013231472877688,9.152858777345951
5.611413119077681,2.7245079992442998
22.264818637569995,8.494181541861085
9.414487850748097,9.25786055143163
4.996578067359211,10.911726868699786
28.49941298553889,9.9448902743093
46.84152835196396,25.764103293343425
6.760403509845717,8.230693849177305
4.543102440978624,8.233619746076682
11.873828057621992,7.375057187075713
8.05406097160629,8.636041028006362
5.806157253106164,9.31199206980193
9.400577555460378,7.359033634798359
12.121431313743967,6.225547037425807
2.7431102307439854,5.70886082480711
6.507236135608684,11.281193073715164
13.020036389332521,10.117036509691872
4.2426400627632495,5.436943698593002
30.441290207708477,6.401491444560945
5.878490788602468,9.20530531049311
57.30485246740822,50.02252575604966
16.78694435325472,16.50910553783791
2.670776695247688,4.549977688221914
24.854915620148805,10.491554563138301
21.68893241265739,7.6926421955414375
5.728259599494783,8.945707062874037
1.8834539819611336,4.113708903168278
3.049136727074437,5.852391024080848
4.526410086633323,2.576540729194059
38.70678766768849,14.415324391422885
21.39959827067207,6.91714977426084
21.03514853413308,6.510631372740383
5.41110486693408,7.772187945008411
6.092709336033779,6.951070446102653
2.2562498956727794,3.161538698132046
6.128876103781918,7.185461454742634
5.110642488718756,7.269597119138264
2.871084947391263,6.176724374524968
2.759802585089282,5.945025389047891
3.4942661762823923,7.2376107114373935
3.8364594403609975,2.426633340390098
36.03322891338337,7.453963014948567
2.1616598877160995,5.731647452856899
8.77183220845412,9.093310860128613
3.012969959326284,2.509110514882958
3.574945888951325,4.728788231108649
28.727541828257877,9.67122885178466
2.7180716992260265,2.6320618791335924
2.4955069746220584,2.4415077920190402
11.798712463068219,15.723498957997737
2.0559416435292066,5.501834452831425
28.680246824279582,10.810701806758216
0.7761944770563587,6.215596983564851
2.80709758906762,6.497022645680723
9.055602232324206,9.334892358269466
3.0407905499017795,4.890916602822059
8.47693394835385,16.366145612077688
2.690251108650525,2.321261375717562
3.0268802546140456,2.1132592246249664
13.868564401885095,3.710174193097172
2.815443766240271,4.169797921177503
7.308469144182982,10.445695558775862
2.9907134868659138,5.112333398467288
11.022517986011792,5.938098251255176
14.155116484812723,9.460619095882267
4.779577460870334,2.8618090596948473
3.867062089994055,5.826158036856873
2.2590319547303266,2.1253819047018183
1.4132860012352284,8.591005996550194
7.453136215175584,12.162842568107925
31.06168937754222,7.98064441945301
24.89386444695446,12.21101716815776
2.6930331677080916,10.579860864863068
5.118988665891428,6.71155030676294
12.63333018033309,7.846726945981897
40.50677987792319,9.057108205243903
15.909347579330376,12.33947950719487
106.94791429032496,19.185291260841954
3.819767086015702,6.878840947345097
21.046276770363335,18.996033613763107
9.378321082999937,8.444896652505339
2.879431124563913,2.5784241915559862
21.75570183003843,8.147270767418728
3.2160602705274246,3.3905434740339455
2.3786604942049707,2.0498652576099925
10.733183844026607,9.750044466866596
29.495390128141615,11.665898989642066
2.940636423829997,6.769221708823388
9.890219949589097,8.6020878531132
3.605548538584387,8.793560299163293
7.88991948721085,11.367048105430797
2.587314923521205,3.947989446618753
4.832436582963777,6.787524090047322
12.931010499490888,10.162658213154025
28.891683312653374,9.063112335273983
2.5149813880249043,5.846292886597974
11.016953867896698,6.078604209218573
4.587615385899403,7.30486817545154
11.111543875853403,7.075881439342364
9.937514953567437,8.733271939856184
7.275084435492409,8.968748587325372
4.501371555115371,9.6915465545649
3.088085553880138,5.977473345589017
50.34414070541896,52.142535789884235
3.1882396799519324,5.94355022663788
14.744913005013295,10.697255562664358
29.584416017983227,10.298910528912302
13.554191728382,21.612360228417273
7.976163317994923,8.36847594241079
16.43640491200347,11.217732597009121
24.279029395235987,9.2451740416852
5.146809256466899,3.5043017568715222
6.43212054105488,5.13047103877982
10.900107387479649,9.961688206424478
10.802735320465418,11.952598597742305
4.161960350094307,2.5496477893973677
48.6860335071193,15.770671910531055
6.003683446192185,10.502721983937178
6.665813501889057,7.920771194734314
5.839541961796742,3.570874506516215
2.5149813880249043,2.9506416714005548
6.560095257702121,7.05707140593239
3.0380084908442355,7.306980827552504
5.797811075933523,7.254723032348858
8.805216917144719,7.445945198678522
12.869805200224825,9.337378133614296
7.147109718845121,8.067544643525032
1.6581071982996027,2.0910116960251743
49.910139492441196,9.993678462572467
2.9434184828875467,6.598526511316262
12.497009286513109,14.209473939227633
6.101055513206429,6.964237361379742
6.329184355925516,8.661315075005938
6.4738514269181,12.650105668581626
3.8253312041307925,9.011755070955342
20.183838462522857,9.221851745685768
5.536297524523847,7.586650330945588
2.3174551949388795,4.732441155501203
5.330425154265161,8.110707702479697
5.831195784624125,6.4263910591011255
33.604491356142496,10.621168192345742
1.6970560251052942,10.072360352061404
10.402118816178193,10.637400454517016
5.614195178135247,7.835685490843961
21.780740361556376,7.266398074255145
4.406781547158659,6.632812764059494
21.691714471714814,18.938999204072253
26.015034247147113,14.624619877949417
2.1644419467736524,4.669725254770567
24.724158844443902,9.00509002910625
3.0992137901103343,6.798977925760017
4.036767692504571,1.9776150386483768
7.066430006176179,8.415222982519465
443.60488084441187,15.514692527695077
16.0942116479249,5.721384761382994
29.32846658468872,11.894460756991267
12.124213372801512,6.689291569965211
8.535357188562404,6.052982887968448
3.1465087940886636,5.885404046539343
21.11582824680202,6.535399888990203
9.43118020509341,7.575192319628657
5.477874284315295,8.867699523474212
3.15207291220378,4.8268181100726215
3.360727341520003,2.9854664418797823
11.242300651558171,6.464613439925915
10.780478848004993,17.166931958670975
15.654646316832016,6.24176285554453
6.145568458127224,8.759801436418382
5.820067548393914,9.777283068415246
9.286513134100822,17.857185207048193
2.765366703204377,2.6733260334406816
118.23750994586104,12.387503084625614
4.701679807258945,2.371224165134623
6.843865281572173,8.595006919949984
49.01988059402515,9.32846469402917
8.527011011389764,9.341929004138692
2.5511481557730464,6.547137869646271
9.673219343100202,7.5170383647377
13.117408456346725,9.295379664620045
9.216961657662063,7.9549309642224
2.5205455061400017,7.985278688445931
10.468888233559385,9.3353020724746
4.523628027575777,3.4652627314101836
11.996238656154214,7.831319081987291
4.239858003705692,5.81800179570194
2.9295081875998115,5.744720999492003
4.96875747678371,7.366410275815094
6.1121837494366185,8.982928813249483
25.22214741574527,6.535399888990203
10.296400571991299,11.565769046303506
3.085303494822591,6.181086695814076
19.22681014672578,8.233911609863775
15.94398045881719,11.314719448657984
9.475693150014205,11.58929921242524
3.552689416490933,5.859774165925552
10.340913516912094,12.31703129005828
2.706943462995828,8.745727993256986
3.950523861720552,6.445381523120445
13.451255543252685,8.134540015792009
3.5053944125125867,6.365991737798592
61.23868397478341,14.555628111442502
101.53959148244765,86.655144515093
10.446631761099022,11.897769516840627
0.951464197681986,7.671298238039523
8.77739632656922,7.461368886366286
10.797171202350318,9.033319113121518
2.7375461126288805,2.425517853697862
8.69393455484273,7.602432388496288
2.170006064888749,6.973789684639217
21.602688581873224,7.726141356061226
3.4970482353399333,6.752013679038136
3.1771114437217483,2.864244394975375
2.3035448996511163,6.311868283225429
1.7471330881411968,1.9064107045490375
4.351140366007669,4.964445784359735
3.135380557858485,8.951392378457683
21.780740361556376,7.390156574684927
24.827095029573343,10.468878618732353
6.095491395091325,6.794221403972021
7.914958018728832,12.335460345593464
11.78758422683799,7.653437201178796
26.337753097822866,11.21089059184525
37.46598932802156,9.722443668612406
14.500091807948918,8.640534183584178
3.18545762089438,6.911388410613301
6.649121147543682,8.955239570796737
21.168687368895533,7.229364038545581
3.3189964556567566,6.917296885407018
4.287153007684044,2.4781536398475033
5.472310166200204,6.85068719899109
28.310232969625474,10.740120283548274
3.2577911563906756,6.130896308655437
18.792808933747995,12.734831116104376
1.9863901670904736,4.8642170889688625
14.572425343445223,8.69856112863371
7.5282518097294355,8.463787729566832
4.6571668623381575,5.402486067561735
5.550207819811612,7.510591498739691
10.249105568012984,13.665731686472089
2.7041614039382855,2.406237122575398
3.0185340774413976,6.234387225926918
6.969057939161936,8.120602165562985
8.884583776144389,13.286982105612601
3.8169850269581507,6.157798317070967
4.220383590302851,2.3644739678527897
5.146809256466899,11.513305794487263
5.589156646617297,8.929023979795033
3.157637030318879,4.690914548632882
3.0157520183838478,5.80786675845128
32.269103008518755,8.496946588179167
12.252188089448795,5.888845075561579
3.2383167429878137,6.303835560689421
16.42805873483081,7.521531069259524
22.32602393683613,7.242660753644004
2.4927249155645055,3.941197060954627
1.9891722261480183,4.868342187644054
21.97270243652727,7.544494232160189
7.352982089103776,11.61904390731982
10.919581800882556,6.231267066456924
21.34673914857861,7.733604252435087
7.636752112973849,6.139881471108288
3.7196129599439045,8.616008792134934
4.401217429043577,7.875997195522816
1.174028922285961,7.777396172747704
3.680664133138219,6.461531501567052
2.871084947391263,5.527268281826272
4.317755657317088,5.453272957672756
15.679684848350053,6.0656977599363255
4.545884500036164,5.694232653969179
27.684269681676767,7.885681734365707
17.01507319597379,10.094005708648902
53.61862421615495,10.582011044630576
2.2812884271907303,5.853334532774133
2.9211620104271643,5.69552543709523
2.464904324989007,8.960114597166625
7.233353549629145,8.01116539335299
7.792547420196647,6.402769514211907
6.109401690379074,7.693565574892871
4.353922425065248,6.670661639332668
31.693216783605866,41.509559150280644
12.86424108210968,8.915412132043652
5.68374665457397,9.932703275950878
1.8111204464648396,6.956538187426274
21.227110609103974,26.72418613280911
5.708785186091939,3.7622456292767823
2.759802585089282,4.503524661022587
8.599344546886032,11.02013121377587
3.1103420263405432,2.7142400209219604
12.477534873110288,18.588926534052415
2.5261096242551004,2.2301894237722424
6.020375800537487,8.402508085885282
1.9613516355725222,4.764261996608021
12.246623971333715,7.260639455901168
4.573705090611654,5.151267232523533
7.9872915542250995,7.0996214056412965
1.5523889541127234,2.192350886103695
3.057482904247095,6.5444464862878435
3.0686111404772936,5.911623952883735
11.75141745908982,7.284917480186895
7.144327659787563,8.350394548434755
1.7109663203930487,7.822445448757012
2.392570789492722,7.517765076800672
76.46489319675277,51.37440839934641
3.302304101311462,2.605774743237823
7.280648553607489,10.232518668723733
29.968340167925074,23.70444504487722
15.254029812544879,7.849372707447681
5.249745441596222,8.44476624571985
6.612954379795567,12.439070954137648
9.478475209071728,7.348330697852353
4.927026590920464,7.699396398552359
4.479115082654976,6.953237116251551
157.39499118087375,66.11193200086136
22.306549523433226,7.255846685252487
228.14831713247597,14.725122338551754
7.4809568057510605,8.579025672252401
8.883114570756096,8.11773658674437
186.57044451739637,15.381703438943171
2.4092631438380243,2.1684699893270434
431.04388419957564,35.665347246041776
5.861798434257173,6.59185378048945
7.522687691614336,11.716109386279909
14.731002709725495,12.397986222584915
6.309709942522666,7.3419476478350605
14.032705886280587,8.64205107787172
5.324861036150086,6.25057954031797
2.7375461126288805,5.066188833985898
3.049136727074437,5.866671608260908
5.692092831746654,6.912130617484979
6.3430946512132484,9.44931081471455
4.954847181495975,10.969100545958984
4.173088586324506,7.4550304425444995
17.3294458694769,9.674068140886204
11.119890053026008,12.683987439074741
3.032444372729144,7.104504503126979
15.47659453714874,8.341757683617233
9.172448712741254,12.08461346757791
4.534756263805979,6.016519749369368
7.358546207218884,6.305489853847594
7.94277860930432,13.090935990983375
8.329484818303689,9.6860879821132
11.192223588522305,7.078723704063423
21.65554770396659,6.998164901921848
5.998119328077127,7.580239209835779
3.8559338537638435,8.896358402418455
1.7749536787166902,4.910963381042041
11.592840092809508,7.156428958336731
10.89454326936448,6.8845572554635455
7.914958018728832,11.842496671746067
3.9866906294686753,5.504378350498034
27.539602610684163,6.0931148901188115
10.546785887170811,7.0759858853519395
7.166584132247973,10.841584533762882
2.69581522676563,6.786873104376781
4.225947708417955,2.079672587882645
10.833337970098396,10.789652172097096
2.425955498183328,4.573719351381448
11.78480216778039,6.860876704739036
3.711266782771264,6.529845033370179
5.961952560328962,7.720474352004785
3.3245605737718615,7.223275013367183
3.096431731052788,4.725509274116168
3.8169850269581507,6.157798317070967
3.118688203513177,9.262598212703319
21.07687941999634,6.473645741241919
1.5941198399759617,4.685829091651279
4.320537716374637,8.7632823812565
31.4400494093689,7.923529177173656
8.549267483850146,10.7720481951867
6.025939918652578,6.754604081422619
8.012330085743073,8.340808109954727
3.118688203513177,2.72523052283652
5.099514252488547,5.992663398522687
3.677882074080666,5.490841741370206
3.199367916182123,2.684085840102288
10.463324115444305,6.616670457153771
5.399976630703917,6.9792737744736915
9.152974299338405,8.304849360981624
7.1359814826149,6.28290117667616
2.425955498183328,5.967295924942462
27.650884972986052,7.82657313509621
3.672317955965575,6.448987683781054
11.834879230816304,6.886221100788443
20.564980553407224,20.068458018055512
5.995337269019562,7.8892818020810624
27.759385276230624,8.090601435188432
3.9087929758572915,7.587803951613134
6.114965808494192,9.567173393130268
4.982667772071463,7.0607490714877885
10.018194666236388,13.631132696268342
6.626864675083318,8.796443983095488
16.43918697106099,8.39273794945458
2.884995242679007,5.8486024724103425
21.132520601147327,8.844721986715678
2.4064810847804687,11.570933445826139
1.9947363442631165,5.286975153620489
2.4036990257229274,5.879437697055548
15.68524896646513,7.761343164199218
41.54170584733178,40.64400719061497
28.176694134863148,30.37484663983632
25.244403888205703,10.975663227654685
16.55046933336303,9.846138612953265
2.5511481557730464,5.923112098016684
5.313732799919861,9.921295221727666
6.142786399069685,12.648223369478046
3.160419089376436,6.151868764459438
9.623142280064334,7.65878257959545
44.3488034363993,17.884072290491964
10.235195272725145,10.564586120454246
4.885295705057235,12.728229891564178
2.3118910768237777,6.6639692516733255
5.547425760754061,11.109166957578182
8.067971266894093,6.856096360836554
2.99905966403855,6.204662779870378
5.870144611429812,7.817417003975576
12.274444561909196,7.330233194992867
5.78111872158821,3.0606903794866085
4.751756870294831,5.808978322350627
9.581411394201085,8.623001407699768
4.999360126416753,7.830925029047691
8.735665440705983,9.824232069169472
15.59065895850839,11.742068042873944
2.573404628233454,7.391964607269126
12.502573404628185,7.844733494005507
3.9087929758572915,7.023544435240206
3.786382377325113,8.052124157999328
9.80397611880507,8.62821080294525
11.105979757738282,6.052399015479369
4.086844755540475,6.292217877087415
6.039850213940357,7.788748483297051
2.4704684431041053,6.901211737275545
21.00732794355759,6.572720569568826
22.743332795468575,7.606199933536758
5.057783366625301,11.720597704403303
2.3870066713776206,5.177423590871942
3.5805100070664313,6.07800130931328
2.5539302148306073,9.783466103772222
12.349560156462987,8.512432885018875
16.6979184634131,7.2949211358644295
3.8781903262242343,6.396767102008332
15.852172509917974,11.23141988569386
10.32422116256682,11.071453909686317
2.6985972858231797,4.956001819231712
2.8488284749308748,7.939990594815481
8.268279519037616,10.851957988029465
3.1325984988009323,7.862604203616521
9.267038720697931,9.307086404903522
2.6735587543052373,6.055730243645687
9.264256661640376,8.827949521727607
22.579191311073068,27.03343763818893
16.308430195356205,13.22166414500385
16.60332845545651,9.753036025946916
11.164402997946814,6.818014061572401
6.014811682422381,11.588778441625289
12.032405423902269,1.519583807859956
28.819349777157054,10.587407080221208
10.916799741824908,15.64436664942713
22.0478180310812,8.918542918021332
1.7749536787166902,4.45805872459536
27.870667638532655,37.454169642332815
22.05894626731141,8.481940417142926
3.3217785147143055,6.6655070808953765
5.002142185474302,9.477609678824575
7.2250073724565205,8.435937976483682
31.325984988009257,9.145660776602355
4.506935673230459,9.579766943706714
5.494566638660604,6.540672155790251
1.894582218191333,5.027367897358282
11.832097171758788,7.045085980789606
15.626825726256518,7.604713310739977
2.3174551949388795,2.3459551478165257
12.026841305787189,7.389502237648468
3.4108044045559036,3.3772094103372168
2.14774959242836,6.613920977967838
2.587314923521205,3.8050764837749522
12.433021928189513,10.385866038222886
16.78694435325472,9.896277959277228
7.205532959053654,6.908504508337419
2.851610533988417,6.001365456200565
22.38166511798711,10.11940610950025
4.723936279719346,8.875523051483627
4.334448011662389,7.72918587641078
2.1839163601764904,6.351576223734963
5.2024504376178635,3.520328005599895
4.737846575007081,7.283807756633714
18.008268279519026,8.744274793639466
18.514603027993076,7.073272364094443
90.70347145329175,67.7143266186277
4.779577460870334,7.623116169301166
7.186058545650798,9.404411440778627
7.692393294124865,8.696092029391975
24.949505628105523,8.686180715417764
11.973982183693817,7.165976996409943
2.720853758283566,5.338868317196647
5.934131969753452,10.576329242469507
46.454822142964325,6.112165088851047
2.4343016753559623,2.14682325373353
7.013570884082723,2.7851669534650925
2.7848411166072222,4.0500278644947345
21.758483889095963,8.95086092014095
3.0240981955564883,6.342028220670669
16.46700756163647,27.982050322199925
2.4343016753559623,2.0053832516647767
10.89454326936448,2.798920469623051
12.574906940124494,6.969096020996231
6.07045286357338,6.753520544865059
5.244181323481131,7.6704541900265415
12.663932829966086,5.5615180109705555
11.801494522125724,6.384881631233541
2.8237899434129243,4.961821610256048
10.34369557596969,16.207759627521913
5.708785186091939,6.526362707549903
6.3430946512132484,6.318880517176454
21.63050917244872,7.1304081066553735
22.12849774375011,7.517411453246994
10.421593229581115,12.925488384058848
3.0240981955564883,5.810937740844955
13.301024354144978,23.767960185634802
11.921123061600406,8.052182538435156
6.4738514269181,7.468414106603177
10.146169382883704,9.602305373024045
5.936914028810992,9.570956494387255
5.013270421704503,6.485051886038218
21.05740500659351,7.35646337584234
3.05470084518954,2.6329991859349544
33.785325194883164,8.228039580506454
10.613555304551944,7.7173741632682
3.5248688259154384,6.642684080539373
30.54144433378018,13.184290314549223
2.3452757855143718,5.923112098016684
28.838824190559905,10.802040305409632
3.5276508849729855,6.539007046031376
61.53080017582616,46.10787781482123
6.791006159478717,8.788982134603057
12.032405423902269,11.099419954105814
5.667054300228707,8.13582791526081
25.678405101183532,13.201129960156921
8.58543425159825,13.223202106099093
3.677882074080666,7.255298039279538
1.9669157536876145,5.2264453002731495
26.830177551009154,9.399147143354263
4.832436582963777,8.904534459074483
9.013871346460954,8.34818789089055
8.905371043216492,6.5691120482161285
11.189441529464808,17.58461944056815
1.85563339138563,4.2075270127436335
14.349860618841127,9.203057270338606
3.7084847237137155,7.199970486556796
2.915597892312058,2.3728457087063726
6.2902355291197996,2.3906684130704035
1.2602727530699982,2.2247295183162707
7.205532959053654,10.468683247406238
6.348658769328373,8.619743330185758
8.930409574734457,8.548514489559823
5.50291281583325,8.711664625663474
37.93893936780487,9.445572206313708
1.7248766156808015,2.8589809613471737
8.627165137461548,7.977123597181239
33.15936190693463,7.422574244385004
4.684987452913631,5.106299173408379
15.3541839386166,8.898807623749061
20.65400644324881,7.072570630544814
9.030563700806248,8.342976958553209
5.569682233214449,11.733679165228486
2.7013793448807433,1.9938253268369381
4.651602744223044,7.114207501306318
12.833638432476604,9.57871847956647
12.00458483332681,6.914347220789373
11.18665947040726,7.4492759126106325
14.071654713086183,7.5039699822503145
17.510279708217602,7.209447305833778
4.621000094590026,7.072630989313264
6.226248170796162,10.124773972530445
21.858638015167823,8.290456065597603
5.313732799919861,3.0081329581853096
2.720853758283566,5.328005947520233
7.647880349204063,11.97463363110372
1.6803636707599987,2.000358046757136
31.862922386116534,10.022427487922753
3.1659832074915477,6.141337359194
4.256550358051011,9.60907553793535
5.653144004940944,5.600509240078935
6.034286095825239,4.565609643278172
12.196546908297817,15.961753889840875
11.200569765694985,10.268903085824135
20.553852317177014,18.949153490167042
6.376479359903859,6.977427968501368
4.056242105907421,2.3622915327806258
42.84927360438012,17.455084588129107
5.458399870912468,7.624679254536536
5.010488362646959,4.792245982490199
49.092214129521544,42.36816995958219
5.28591220934439,8.440068304057563
30.33835402257915,7.283298434955493
5.419451044106765,7.267393170057953
3.3802017549228567,7.036104659768761
4.757320988409931,6.231810896855404
5.074475720970596,6.128649271972579
21.477495924283488,6.836795874581125
8.09579185746954,9.115668476555062
9.664873165927569,10.887701389726706
295.16811982884826,12.672157476172623
5.981426973731792,4.1200474936546625
3.2383167429878137,5.440906477366281
2.481596679334313,4.096207674184641
22.607011901648622,8.510110834928847
4.061806224022516,6.972710541930809
4.423473901503989,8.969429348386017
2.745892289801532,5.540860683429841
28.132181189942333,6.999206694708301
386.4697339795126,42.290723879889164
2.946200541945087,11.104170814616147
2.1505316514858936,5.4283309776463895
2.4593402068739114,2.02567318059899
16.51430256561491,9.434283447404967
2.267378131902979,2.2346612244700306
2.1755701830038414,5.468009626624835
3.4775738219370873,7.013486675612784
2.6346099274995374,12.617862745745056
3.544343239318287,7.053107773280375
18.083383874072883,6.41570468726878
21.19650795947094,6.970411014061205
3.2049320342972196,4.997946388533667
2.1143648837377507,4.492984762521097
3.057482904247095,6.140793521729717
7.464264451405807,14.723609754883949
13.428999070792319,8.132528871475847
7.455918274233115,6.208999018835246
4.826872464848656,9.322812179020929
3.474791762879534,5.880299811804492
3.8336773813034624,4.31568564004573
21.371777680096564,6.851972838532039
66.1629285066463,25.005898967161933
4.573705090611654,4.561869356016237
21.4635856289957,6.940857470464836
7.314558236842254,9.874518188141515
4.123011523288613,9.979201192921547
4.751756870294831,3.0500470951649565
19.42433633981183,8.037311627031986
15.757582501961407,6.325426025769267
16.08030135263717,20.94225404277377
3.2856117469661585,5.88496171513405
7.428097683657627,9.505311075858128
20.662352620421398,6.980374103488735
4.698897748201423,6.760437626887981
2.6874690495929787,5.81279268892615
12.577688999182087,7.85950354061008
7.7619447705635976,6.856096360836554
7.990073613282697,13.232529093915517
2.8349181796431195,6.278800791154428
21.811343011189404,7.499785700343686
16.75634170362163,7.144908390175186
5.358245744840663,7.310414505016985
32.60851421353975,9.095231901298527
2.2868525453058273,6.727302909408852
2.681904931477899,6.393681138462817
2.139403415255693,4.962995438726381
6.930109112356252,8.142850473427798
2.9128158332545113,5.474602790518128
7.372456502506621,6.940572451133665
20.807019691414034,6.59318056468532
25.027403281716893,12.241592366145955
4.6655130395107935,7.0617655088649585
7.812021833599492,10.116180289171368
2.7013793448807433,7.166766478282544
20.670698797594124,6.07975904379026
64.7997195684469,66.55291187693355
2.8043155300100646,5.5867289679841585
5.374938099185976,9.961081281134748
4.646038626107946,7.100771353524523
6.721454683040016,7.47155684855909
16.208276069284373,9.277281994889838
4.996578067359211,6.582797404720021
6.220684052681064,9.145153905438283
7.083122360521476,8.635629548080525
147.6856050700241,15.766600933078637
2.7764949394345684,8.269758543190223
16.3056481362986,10.714622784835859
5.622541355307887,6.334090463182564
6.17338904870272,6.820013645153696
18.456179787784517,7.819717470545036
3.7279591371165584,8.0027762468806
30.772355235556855,7.187432689617154
8.335048936418822,6.669051949308238
8.730101322590857,6.4578112017531
8.187599806368665,10.865496378298205
5.1690657289272846,2.3939831860143816
4.409563606216233,7.045228663406841
16.664533754722473,8.87895930859743
13.381704066813933,17.6232018978851
3.341252928117159,6.248799644005004
2.3007628405935803,2.1126149117892723
29.576069840810614,10.260787009339877
20.793109396126326,6.16135865437437
11.423134490299,7.608390168931779
2.5845328644636454,6.707198540139328
12.683407243368992,7.233266501800567
7.848188601347641,8.525014596493223
7.155455896017762,8.982588961713292
7.6033674042832535,7.469835875696395
5.450053693739809,18.692094197921534
1.847287214212983,3.8706905542462686
5.441707516567152,6.806293278457715
8.991614874000517,6.587282500064852
27.851193225129837,6.670871231434414
20.851532636334806,6.601061260979173
7.191622663765914,7.743749181020783
22.086766857886833,8.812733768679704
7.455918274233115,11.008318719141233
2.9295081875998115,22.8559559344145
4.050677987792326,8.165500466513105
12.371816628923337,7.498062083078679
4.938154827150675,2.895122604450797
4.854693055424179,7.024400053598799
5.369373981070868,9.66871508192353
9.840142886553178,14.013286833327676
7.3668923843915435,3.144639135388326
19.32974633185511,8.122881638908972
7.775855065851333,16.446313981172647
6.101055513206429,6.076094587091395
5.591938705674838,7.549569266467541
2.220083127924637,6.06904941251209
2.2479037185001505,2.285762744483468
6.6574673247163965,7.440297454305036
6.554531139587044,7.131482778536713
7.325161498528283,10.603821475015987
6.279107292889611,7.377934591737768
3.7947285544977407,7.635108388191512
3.179893502779278,6.220443791355693
5.132898961179148,6.667842825174822
11.181095352292079,12.986382538134812
42.73799124207806,8.68208085351924
3.8642800309364937,7.654421958873221
8.424074826260398,11.579582135553792
30.22428960121976,13.445359434008422
4.178652704439616,6.229716984566555
9.845707004668299,12.377430171810484
9.731642583308757,6.4049312120377575
2.4704684431041053,4.274096818596402
1.8528513323280762,6.2965893701104605
1.8417230960978785,4.45805872459536
2.4343016753559623,6.3980735216161175
2.7486743488590846,2.7107208101584255
12.118649254686384,8.76545159550382
21.430200920305076,7.023360542551063
3.808638849785502,6.2403923110779465
4.913116295632718,5.856363858412566
7.472610628578413,5.984294618512392
3.252227038275563,6.187105954321411
3.1159061444556357,4.887417825604285
16.021878112428624,6.658214511314119
3.074175258592393,6.653277989698427
2.759802585089282,5.5876399242198955
9.036127818921328,11.030552036611283
10.352041753142311,11.737677735171513
9.600885807603914,12.860030104939872
4.876949527884571,10.333455988300084
1.9696978127451592,9.31252812005433
3.6361511882174224,8.207693723355147
46.42978361144628,14.75517982933977
7.394712974967032,9.684077870983696
5.235835146308483,7.812923927865323
6.471069367860535,12.554829374610286
6.098273454148892,7.514948635177934
31.120112617750564,6.451367757833315
5.953606383156309,13.391395124655253
10.179554091574289,22.72253519038044
90.9260361778959,67.68861817013473
22.250908342282326,15.076465365213727
9.325461960906498,13.646518104950353
11.873828057621992,6.936320646019393
11.9433795340607,8.09768623962801
3.9894726885262353,8.577991853673018
12.293918975312009,8.253720367117348
2.720853758283566,5.471209029180634
4.740628634064648,7.841029153023895
40.46783105111762,6.88713365894713
1.9446592812272199,6.4207045337655355
4.849128937309078,7.919793625597974
4.6126539174173535,8.845173219082943
12.246623971333715,7.512211385850478
7.505995337269038,8.532379614526826
4.737846575007081,7.794737671332405
4.156396231979219,7.546001712991318
22.398357472332293,8.622413107077792
11.7820201087229,6.50733339666836
5.959170501271401,8.969058027438223
12.29670103436963,7.483938100487188
2.52332756519754,5.078313618427049
36.46166600824602,7.612324097016591
8.735665440705983,10.167523029183158
6.612954379795567,8.399898641812978
4.768449224640112,5.4665160379057856
3.4775738219370873,5.871216634188669
6.574005552989872,8.531919981205757
5.1801939651575,9.246497347077216
31.334331165181922,9.077612180857374
7.7563806524484855,9.826092863097928
205.77499819166198,15.834535845258994
5.831195784624125,8.373799724176928
6.3430946512132484,7.613821090088829
35.001085003032365,19.495337596525097
16.127596356615577,6.719342194806252
2.9378543647724573,5.76671318823345
3.7196129599439045,10.984726749181007
4.359486543180341,2.4376404611599134
6.496107899378494,9.82965473909947
5.291476327459484,8.238438753256913
7.403059152139671,8.83146663957077
6.6073902616804565,9.783938540813326
4.893641882229881,7.6416153556438955
15.68246690740748,8.478215325749511
23.783822882992215,12.812040375724228
3.8531517947063008,7.0808887420889155
2.9656749553479527,6.475845668654086
5.093950134373445,3.2485632092487915
5.219142791963182,6.123917221495438
14.488963571718717,9.015744001556758
1.900146336306428,5.637751819328459
21.677804176427102,7.499785700343686
3.747433550519417,7.201419080803249
12.791907546613388,9.815905574326404
4.184216822554715,7.779436009801568
6.2902355291197996,7.015818978145904
1.8250307417525904,2.1714788489280346
6.315274060637767,7.812082466032847
11.776455990607824,6.324479744803869
6.690852033406973,6.721477472499031
7.305687085125432,10.315419268872118
4.139703877633902,6.543389964923046
7.684047116952188,12.014012887347898
25.70066157364395,12.579162501743722
30.84747083011066,6.879966065898152
10.1684258553441,9.484889341783775
28.580092698207928,8.681652704836196
8.351741290764114,11.750897321648301
3.0157520183838478,4.708145135652318
3.7418694324042994,7.247605475423937
20.30903112011257,14.022437265088703
3.4219326407861,5.937108243552464
15.879993100493516,8.009433431858804
3.449753231361595,6.033751918144896
21.558175636952384,7.910189789182368
2.2924166634209286,2.1083754620291772
7.475392687635926,7.245743317240645
5.1078604296611925,6.956756122506089
138.5298487116282,415.10517784181377
2.731981994513781,2.3073789041710597
21.563739755067406,7.239004493865908
11.634570978672711,6.616934391980845
9.119589590647848,9.510522787056875
4.128575641403721,1.9375075167465263
6.056542568285646,3.8130461133719424
6.10661963132154,9.54936991869883
21.307790321772885,30.444092453417824
33.83262019886158,29.110798894857137
2.8015334709525255,6.024289900058199
4.757320988409931,6.68022257246759
10.72761972591156,15.005511399569112
14.130077953294778,9.255211466733972
6.996878529737446,8.381141912511374
244.2759134890924,388.24723752453764
11.915558943485314,6.50733339666836
4.462422728309689,7.491960010098383
4.173088586324506,7.830147562556063
17.63547236580742,11.61507993235134
2.2924166634209286,4.258805205711668
4.58483332684187,6.160933747541284
12.522047818031114,8.810378080666368
45.550652949260815,15.772534182561568
7.408623270254779,8.826987129390442
4.084062696482914,3.654908671275315
10.313092926336614,15.946872695894834
5.561336056041799,2.3997745909697747
16.65896963660738,6.911982546065563
3.416368522671006,5.830894744685366
3.644497365390066,10.161188482089079
4.623782153647564,8.640149599480335
22.65987102374212,7.9731382465755205
3.049136727074437,5.73368744555768
6.521146430896441,7.779388234280103
3.3245605737718615,6.992649311117684
20.94612264429162,8.741108679240307
11.228390356270495,6.1336498505164805
2.233993423212393,6.83480382344653
4.518063909460684,9.72929749908717
30.67776522760025,6.373109911765421
2.7764949394345684,1.9978456674571186
6.034286095825239,10.72864322451263
2.136621356198153,6.461030247570253
2.0003004623782217,1.9641467465765559
5.85067019802699,3.6161948705720213
6.145568458127224,10.5032888035687
22.65152484656938,6.974192067882791
4.401217429043577,2.6997199131798304
3.680664133138219,6.690241770744087
2.356404021744566,6.084195904411643
15.757582501961407,6.325426025769267
3.7196129599439045,7.317107634569439
9.46456491378395,8.647458290598317
1.6024660171486134,5.7748165750227285
5.249745441596222,3.0141057160006106
6.0815810998035955,7.044494292983843
3.2327526248727114,6.354096726147987
10.176772032516682,10.821348380759153
5.981426973731792,3.1803973236397387
9.673219343100202,10.887476933355389
2.6179175731542363,6.190729698991114
3.747433550519417,7.937917452818979
6.835519104399543,6.225717063110993
27.62028232335322,6.366047200291954
3.5471252983758346,5.762311369225755
4.4318200786766315,3.120855447695413
7.467046510463314,9.969365954333405
22.712730145835472,10.32013660337407
1.6803636707599987,1.8758536489081101
7.405841211197223,6.213560049328686
35.49350945621867,18.379826952434293
2.754238466974179,4.872233916625565
5.74216989478253,10.682686453433181
6.640774970371074,6.95128420948842
2.954546719117755,5.094990743423677
2.484378738391856,5.463078277939901
6.318056119695315,6.218804147553233
33.00913071782694,11.798186972917922
7.809239774541917,9.382355535534412
13.348319358123282,6.816071019072804
5.925785792580805,7.250308644236681
2.832136120585565,2.3259064727608774
2.6040072778665007,2.0919196108097027
27.26974288210186,14.312576476556659
9.250346366352657,8.162837990201536
21.382905916326813,6.877973290115476
3.02131613649895,6.833021349208187
6.309709942522666,6.977427968501368
2.1950445964066865,6.461677967282504
20.192184639695476,8.94140251557748
28.374220327949136,14.08404951208199
10.958530627688218,9.413586540196832
6.927327053298686,9.89601046485282
15.5044151277243,9.665769063874798
5.05221924851021,5.772053304412249
10.950184450515481,6.023546301484277
2.8905593607941147,5.684962253662577
29.751339561436318,10.903315880877694
3.7223950190014667,3.3851770677704813
12.171508376779736,7.498062083078679
9.765027291999353,9.899668965726026
5.892401083890174,8.76084967217721
4.050677987792326,8.623238131301303
21.764048007211144,7.239004493865908
21.496970337686296,7.1304081066553735
1.688709847932648,4.635367634584507
9.703821992733278,7.964181544550877
58.60963816539896,24.89840250863381
2.79318729377987,4.400148617063335
6.868903813090137,10.594271916635709
7.2083150181111915,4.420385008000671
9.114025472532715,8.54125533013678
20.673480856651633,8.235475338977647
2.923944069484706,5.86357265049628
8.298882168670659,13.404292121702886
47.041836604107566,9.868514604232514
6.827172927226903,8.240210496973338
2.99905966403855,2.344575317009652
17.179214680369174,9.594448492965753
3.8531517947063008,7.32411349604578
30.071276353054454,35.38237602875621
9.561936980798237,11.571994948889152
3.625022951987224,8.04474030377688
3.1882396799519324,6.754961712202866
6.134440221897019,6.409968710875272
3.202149975239665,5.52806318479821
9.77615552822956,8.525032764179038
4.799051874273186,7.974854283770961
12.480316932167796,7.4158199628570625
2.832136120585565,2.3259064727608774
67.425983318774,66.83879990680478
5.792246957818431,6.895154473284056
5.6392337096531975,8.523644833580247
12.113085136571282,7.832951471000271
29.548249250235123,12.879426926605944
6.245722584199028,6.6437750924788315
5.630887532480552,6.346144619062622
3.413586463613468,6.628468623865241
5.355463685783127,7.876582558032077
5.786682839703326,4.040742793353496
4.259332417108548,4.065107107171872
6.217901993623519,6.937234191673162
4.434602137734182,10.102240225013633
11.078159167162806,6.480297924116593
9.417269909805666,10.6235593257157
6.206773757393325,8.34393266873813
12.463624577822493,7.771277940693133
37.925029072517084,11.930385566802203
6.813262631939154,7.9471681764938955
107.35409491272708,23.605169084237016
3.299522042253916,5.809811665361656
6.393171714249148,7.218956554431366
4.55144861815127,7.234133870936343
13.4095246573894,10.70367724835082
22.690473673375113,9.918362657602282
21.149212955492636,6.78805836386901
5.127334843064072,2.819056098078037
29.314556289400937,11.047916247399586
7.002442647852522,7.2871125365092615
4.879731586942122,8.596448852407272
5.611413119077681,7.161288530919339
32.093833287893055,9.460924454041233
5.221924851020731,11.344742162546988
30.89198377503164,7.591880034886677
19.38538751300611,6.1629054236164444
9.472911090956645,8.211638201526155
1.6024660171486134,5.012438805240838
5.33320721332269,2.7533689256087364
6.84108322251466,10.335253553056997
9.625924339121857,12.853710337430394
3.4942661762823923,7.450264734074393
7.06364794711861,8.5787153011857
50.48324365829648,48.14323899899795
4.0172932791017475,7.2662726815665035
35.067854420413624,12.677023245684305
3.135380557858485,7.53081893312825
21.563739755067406,7.3491709178425975
9.567501098913315,8.318561994868887
19.193425438035185,11.284594430502173
5.995337269019562,6.980374103488735
7.978945377052463,11.484204191036481
16.561597569593175,9.32379285689301
6.17338904870272,8.226905723656166
3.744651491461864,7.146469370266892
4.874167468827024,2.538481486956236
31.270343806858452,6.662929818413042
4.787923638042996,2.57026943551207
5.4917845796030935,3.3112367964147484
15.7047233798679,11.136339894379024
5.03274483510736,6.371196482677613
13.103498161058981,11.551292266748643
5.995337269019562,9.76888671528817
2.851610533988417,2.515265297607219
11.756981577204943,6.926134078868458
3.7752541410949076,7.98352154967928
6.153914635299908,5.950902784288009
11.801494522125724,6.384881631233541
2.6485202227872895,2.270503710095922
2.5455840376579544,7.880877281349402
2.5678405101183555,4.512242692261649
2.559494332945699,5.3892597675985865
3.1437267350311284,7.308703187674542
4.690551571028742,6.696284267028279
5.925785792580805,8.322809702616984
7.489302982923715,7.238084182923619
29.214402163329115,13.284082285380858
86.0741251815294,26.152349344879873
2.8432643568157876,5.989934335498153
14.274745024287416,9.08638694620265
79.45282462456125,24.305160428088072
3.8058567907279426,5.959111387533384
5.845106079911854,6.566882031739669
8.58543425159825,10.507167301550654
3.00462378215365,6.641477967557103
2.231211364154838,5.036214186504577
1.847287214212983,5.117179854651515
6.688069974349398,11.673936891605537
7.222225313398926,2.791633431523753
9.806758177862617,9.791309114951963
4.8101801105033815,10.649684234444365
6.568441434874783,10.229714343626155
28.335271501143385,9.168236750701235
24.943941509990335,10.764165660567837
17.468548822354354,9.710528515893204
7.0080067659676235,8.25953509017335
6.4404667182274835,9.042948704912897
14.488963571718717,10.327032696858089
4.732282456891997,10.338011543976107
6.0648887454582745,4.228154280046412
3.466445585706888,7.228131505595265
3.160419089376436,8.452083689432694
5.527951347351196,7.1515132300664295
8.003983908570397,2.219669641559915
1.8333769189252336,4.844880634593403
11.392531840665885,14.417076050369369
7.080340301463918,8.489964408661567
21.43298297936268,7.394104899049985
6.496107899378494,5.5000896028736594
3.9087929758572915,5.705008032659456
11.965636006521079,7.261363102351769
37.438168737446034,11.446105223239886
1.7721716196591397,6.39934657031345
5.814503430278813,8.106786506531463
21.485842101456107,8.088065650634991
41.29966670932486,13.586111426124582
4.3956533109285045,7.24853205943474
11.848789526104145,7.9022515252377445
5.1913222013877,7.623116169301166
7.504020353544088,22.452961271806743
29.92382722300425,13.136383245798514
12.082482486938199,6.607544600177263
5.135681020236693,9.079814239212034
8.284971873382919,5.855522517668963
4.340012129777486,6.835759589314798
4.173088586324506,7.774603584837256
7.828714187944768,7.639752603911826
4.952065122438425,8.125153975771871
21.739009475693102,7.30767316221319
4.94093688620823,5.968274620979031
4.131357700461256,7.42930012833249
4.687769511971194,9.835764422851739
7.044173533715778,6.817328706182048
7.046955592773327,8.972271051766855
9.453436677553842,8.11640970810843
8.910935161331562,7.711062040996471
4.587615385899403,6.2295416837632
2.754238466974179,5.86959948757061
40.38715133844858,17.553749488805504
11.631788919615198,7.265401652069331
15.298542757465674,9.280703465077066
23.52509139063997,9.246043159592976
9.648180811582286,13.539502569283243
29.392453943012278,118.22640922597971
10.744312080256815,7.010074484534972
5.6392337096531975,6.726754542373868
5.155155433639536,13.083332486603476
5.063347484740408,7.32768435445012
2.1115828246801986,5.088660372413554
2.2534678366152394,6.07838873425992
6.6797237971767665,9.856380782302667
3.1437267350311284,7.807827980952158
219.84665290474834,212.25914077667238
27.71209027225231,7.496176406824046
1.9279669268819228,4.927462090362003
12.129777490916617,9.660427977984309
32.33587242589989,14.490226163022923
12.616637825987794,10.746935274823503
2.392570789492722,6.56657432404641
10.377080284660295,6.472512697828618
9.175230771798805,9.338703333361112
4.06458828308007,8.050724901308248
21.9114971372612,7.602897568654582
2.640174045614628,2.3305603994991473
2.559494332945699,5.435552625791046
1.5941198399759617,7.627968885348367
2.6429561046721948,6.2309193087089705
3.7168309008863667,2.8321582992879595
5.522387229236105,7.069037421330077
4.437384196791737,5.0904105858340225
10.240759390840294,7.965136313388252
2.3397116673992833,2.2752925599520517
12.085264545995809,9.434413588562771
6.042632272997901,7.596924345787802
3.7223950190014667,6.56014411687138
4.008947101929088,7.076569756290589
4.921462472805368,6.052876559568795
69.91036205716577,15.836929181959254
4.787923638042996,2.3902383270069647
5.948042265041201,7.128789277570517
4.754538929352391,5.496596660355674
4.993796008301664,7.034240815377396
1.8834539819611336,6.9413689456625
4.988231890186563,8.096348623529481
3.4720097038219953,7.025891149947712
7.386366797794391,9.47826978445241
22.373318940814524,7.255846685252487
13.097934042943885,8.84518224397163
33.92999226587587,10.297865906242693
5.425015162221862,6.679725240519705
2.8349181796431195,8.483986167150602
18.995899244949218,27.898439954419185
13.070113452368409,10.391526621580951
12.636112239390616,7.963636028151314
13.818487338849193,8.399820097824051
7.233353549629145,8.398177918802077
12.01293101049952,7.580024855326309
28.816567718099527,7.724740613054054
3.9866906294686753,8.007602049907142
8.846947803007915,6.615758871337724
50.35526894164917,16.891119698720377
141.61237014739305,20.284754500686088
11.567801561291487,6.732110141928244
5.146809256466899,6.88765317559915
5.041091012280014,3.0839420833864617
2.373096376089872,11.845184332219295
5.4917845796030935,6.391792471995013
9.130717826877989,6.730837894508107
4.200909176900032,8.712085692437904
4.2982812439142535,7.214906592422564
1.7081842613355,1.942399756577937
5.002142185474302,5.647841767102337
3.121470262570725,6.254481230305196
2.1978266554642465,8.66057551829881
7.497649160096382,6.801141151170453
4.757320988409931,6.233761170020381
11.181095352292079,6.898448206565399
7.558854459362465,8.758282549408232
23.544565804042907,9.399147143354263
3.4469711723040466,7.595774258518982
692.557435609244,40.45521003343518
2.9740211325205985,6.879633148979301
3.196585857124589,6.518592679307198
36.03322891338337,13.032859466114486
37.02364193787097,8.299894965062705
4.6126539174173535,7.7286419193816664
7.622841817686108,9.326349089478683
22.153536275268,24.039594311795874
12.421893691959301,24.02086739627115
3.4887020581673043,6.196539686620755
6.262414938544318,8.994216266559084
2.9128158332545113,7.109704363634183
20.859878813507596,32.11248524968481
31.47065205900191,9.743126903644178
20.64566026607612,6.521863213701478
3.9588700388931937,6.518656271263852
7.611713581455901,11.601664391112903
2.6652125771325936,7.304828815300607
1.81390250552239,6.3894322931207075
3.9922547475837806,8.979635377341502
2.4426478525286095,8.515836772266438
8.549267483850146,7.615111993821292
3.388547932095505,7.51657996769172
5.959170501271401,10.941874757857011
30.816868180477606,7.744047735896343
3.160419089376436,6.03490451285905
12.152033963377066,10.77996744193435
5.444489575624693,8.002168112761412
2.4120452028955683,9.119459121141428
2.6262637503269066,1.962083967814137
7.517123573499216,4.65395037820922
19.621862532897815,6.960827364831081
3.196585857124589,6.5242456680847125
4.467986846424766,10.752049468429162
3.4970482353399333,9.351804723884694
5.88127284766001,9.65666476786841
18.687090689561177,6.9202051632857495
6.791006159478717,7.159899281836663
5.425015162221862,6.051231969811053
4.932590709035565,5.121081655118584
2.7820590575496777,4.671935826788393
4.874167468827024,7.642077297021289
3.396894109268156,7.222152752657576
5.227488969135844,7.366292637247397
38.30895322245898,39.75372786681576
3.00462378215365,6.182295330395813
4.623782153647564,6.069903188899309
22.173010688671024,8.06529554459378
12.669496948081196,9.012912453130456
15.87164692332091,6.446794802287878
32.897848355524886,9.249306299175576
3.95330592077809,8.407509499145888
6.226248170796162,10.973181496308335
16.186019596824018,16.175264375371594
5.316514858977423,8.635260741015015
30.332789904464164,17.22309384827876
18.639795685582808,7.948562704103391
11.987892478981516,7.487188928042656
21.39959827067207,6.499517317076342
4.757320988409931,3.376183447548672
6.187299343990474,6.782038249080438
22.109023330347245,9.06977363523994
4.640474507992854,7.965351507460845
11.097633580565612,6.040875563910768
2.5956611006938517,6.355239777769263
4.259332417108548,6.338810919665529
6.212337875508392,9.045574561542349
2.7514564079166344,6.547137869646271
11.503814202967948,6.807105919461792
7.700739471297506,11.274390985163482
7.269520317377305,6.8935026999764295
1.8778898638460266,2.139982662437078
29.18658157275366,11.511865608693133
13.120190515404305,9.02031588921905
30.64994463702475,6.624055750349149
6.148350517184778,6.164466876101613
6.7186726239824734,6.1035563545843345
7.269520317377305,8.388630159480282
4.365050661295448,7.214906592422564
5.391630453531268,9.414677408683037
3.2299705658151687,6.38828867835397
4.5987436221296125,6.023683904324563
64.77189897787144,18.24174130984795
10.96965886391839,6.027985641450926
6.212337875508392,7.377934591737768
26.774536369858097,19.072509997121212
25.761866872909994,11.314925631861453
6.6185184979106735,7.259975630172786
12.188200731125084,7.413696490096597
3.1771114437217483,6.2199631563600715
2.058723702586763,5.546175461553399
5.383284276358612,10.611581146428076
2.9907134868659138,3.0973019380564186
4.729500397834453,4.360811621089468
2.80709758906762,7.997044043046652
14.502873867006382,8.793214890028525
6.3792614189614,6.206979901057374
6.651903206601236,7.20533252535914
2.1199290018528454,2.1828459177886166
4.14526799574901,6.147257268344289
15.231773340084535,8.91494834334582
6.0871452179187004,6.359431964783243
5.9563884422138615,8.69825157153951
5.082821898143253,7.158851389855256
6.596262025450284,6.806510468739122
10.377080284660295,9.880040942539365
5.516823111121007,8.126518013014813
20.712429683457312,7.384456126907409
4.340012129777486,8.329609958158889
31.996461220878864,9.60313595832977
6.44324877728502,11.967648402350479
3.2494449792180213,7.1314143812412985
5.280348091229309,5.996889389016985
7.06364794711861,7.5061008846033195
13.562537905554725,18.181459379788915
8.115266270872398,8.22101424204213
5.10229631154609,2.996312864803037
3.2383167429878137,6.940513939351301
4.890859823172312,7.368233231925307
3.3245605737718615,8.091746053243611
24.003605548538587,7.394104899049985
26.321060743477492,13.869253786779568
17.140265853563477,13.490595947473704
4.2927171257991565,7.814503337871211
4.5653589134390185,2.8957217713656025
50.78370603651171,33.335364214354534
9.411705791690563,11.904724266977047
13.904731169633296,8.001642486316548
4.818526287676022,7.020197443770464
11.359147131975304,15.771184939409382
29.70404455745791,16.392870435683
5.199668378560341,7.3171976594219075
8.515882775159538,7.25073366062703
5.611413119077681,7.658347689267447
15.632389844371598,13.68161583685353
2.559494332945699,9.292071696881823
36.92626987085677,14.713385816084287
3.135380557858485,2.8483711943230405
2.445429911586163,5.549280298488227
4.042331810619673,6.854293041119142
2.884995242679007,6.205875793522965
4.362268602237865,8.655809401706117
15.85773662803312,7.476878968526263
6.9718399982194885,4.392468383271893
3.0992137901103343,2.494660670551754
6.276325233832051,6.924807529877025
5.121770724948948,9.005349295388624
7.656226526376704,8.516410723456248
2.4203913800682186,8.536060606852434
7.692393294124865,15.922879370765862
7.928868314016575,12.246343003184816
21.675022117369537,7.460186339071247
5.419451044106765,6.123917221495438
187.2603951636688,37.908581214010646
12.853112845879485,16.420955639094355
4.365050661295448,5.258568542134168
22.136843920922804,10.271036010880195
38.65949266371042,15.073104252575714
20.98228941203963,7.290514941650479
6.009247564307289,9.283006949316155
4.328883893547292,7.581370148923692
4.6682950985683584,8.465740620083032
3.00462378215365,4.6548311663572814
4.799051874273186,8.026162952221865
7.347417970988689,3.1365477421618575
5.964734619386505,6.227765075149766
4.467986846424766,9.017392253702372
3.519304707800333,8.248184392328323
5.377720158243515,9.686729858064258
1.5356965997674203,5.6086564246128034
5.171847787984844,8.820860554447504
191.14971372612334,23.630768577377026
16.411366380485504,7.608189399088854
9.52577021305009,7.023347551074302
4.726718338776892,6.277013141481243
3.4191505817285544,3.2039963427402602
4.5041536141729415,7.207503819356383
3.21884232958497,6.189540872904186
6.256850820429222,7.352304061088523
6.028721977710145,6.542000169858195
3.894882680569546,5.954502765007806
2.8265720024704732,5.967134118910349
9.428398146035805,8.997215715504447
5.274783973114183,8.120916602620005
10.207374682149787,12.414646292894881
2.6206996322117755,2.247890224033254
4.6126539174173535,4.397887301780107
3.7696900229798254,6.059454749193524
8.00676596762796,10.472285974530815
13.43734524796491,7.273821847582971
5.97029873750159,11.82165935185829
12.204893085470422,8.833520142159816
21.864202133282916,10.06769518758539
21.338392971406076,7.658730094324148
3.0992137901103343,11.597139550176381
7.333507675700945,11.69701826082341
7.311251203240541,3.277287307793547
14.555732989099944,12.819211484779085
3.0936496719952307,4.729035329077798
6.373697300846266,9.380073301829087
3.3189964556567566,9.797329402609524
7.09425059675167,12.303493458495922
22.0478180310812,8.590183902212312
7.352982089103776,7.735962892744138
28.346399737373645,7.137983474019813
32.06601269731753,7.677516485928397
6.145568458127224,7.515709265893697
30.310533432003655,6.846165135350326
17.457420586124183,12.487492716833303
17.59374147994404,12.467297858190438
2.5622763920032505,5.390292854091632
5.40832280787656,3.4588089429623086
4.765667165582596,6.376903022124774
27.556294965029412,7.457665358503758
5.550207819811612,11.132374042117442
5.324861036150086,5.914343586536987
5.1968863195028,2.8070636961219937
2.87664906550636,5.443861088988375
225.75296428392627,21.672811632141364
44.988677019635816,22.421831884868226
22.373318940814524,7.255846685252487
2.534455801427753,5.990686059834012
34.305570238645025,11.380530573421474
10.613555304551944,7.555910951514685
3.171547325606631,6.891155220239778
3.224406447700066,6.283209220838274
21.552611518837267,7.167628011345281
2.6373919865570943,3.857365033280782
2.851610533988417,2.5709346751333237
6.265196997601855,15.69284820094747
3.121470262570725,6.3754473998547905
3.5777279480088735,7.588069679083925
3.035226431786694,5.315348255931041
28.724759769200283,11.323221607434348
30.360610495039648,6.984937053409389
5.063347484740408,6.049359573663948
7.898265664383513,8.606038473102593
4.061806224022516,6.112235745224775
3.4914841172248403,2.771125505646459
4.629346271762659,7.25063589337164
4.025639456274382,6.457636785436706
21.402380329729617,6.186650885146588
5.739387835724979,11.35722987382702
3.7196129599439045,6.7111864216429415
6.7687496870183725,8.98536325980705
3.9839085704111286,7.144084410992751
9.381103142057508,10.312469829811738
7.578328872765319,10.623294094997492
2.76258464414683,2.372595637302547
1.638632784896767,2.1638949952530218
6.615736438853125,13.467089105948675
10.051579374927,9.7988022717984
56.62046593925103,9.62299250162675
3.076957317649945,2.6833410146163574
2.8599567111610646,6.61632764482001
2.592879041636308,5.431770928941755
7.7869833020815555,11.108648836943557
6.946801466701557,7.339282373200512
21.03514853413308,6.412446205297474
203.73296684341977,13.910655441577546
6.315274060637767,6.440099876946484
5.352681626725571,5.978237369809418
15.067631855689005,10.022401112422747
21.752919770980927,7.446871345123272
2.9128158332545113,6.53620569521553
2.3118910768237777,5.920739712631557
45.04988231890209,16.544884118036652
3.9894726885262353,8.929672361706476
4.050677987792326,9.604180513277138
3.7363053142892095,6.749753954718583
2.2367754822699384,4.7038361929093035
16.803636707599992,9.697644773123429
1.8305948598676884,8.78282557508528
4.740628634064648,7.841029153023895
5.725477540437231,9.581609230570825
18.436705374381713,9.409656737255316
4.381743015640735,8.494578680078048
2.770930821319472,2.4535792789954636
6.8967244036656625,12.113361157111688
8.552049542907717,6.1147882554284685
9.873527595243827,11.105267450735381
3.474791762879534,6.612632645163543
3.5332150030880873,6.42677010960647
5.5390795835813975,6.754145109936227
3.5248688259154384,8.087482995382938
4.276024771453848,2.423097490198715
11.064248871875092,5.994989850987506
2.4676863840465586,2.1805795818326774
7.074776183348826,6.741621464628567
7.444790038002936,6.896855406204191
6.863339694975045,10.63046630142009
6.724236742097571,10.24341115759815
11.9433795340607,8.09768623962801
12.280008680024359,7.569062659747443
6.980186175392132,2.9662227499647655
12.054661896362646,7.917124428257084
205.14347078559902,42.092435241690836
3.672317955965575,7.580837194533348
3.750215609576964,6.983795632820014
8.076317444066744,6.717046793366935
3.2577911563906756,6.574438156626832
2.670776695247688,9.230089376779434
3.299522042253916,8.542686529945875
11.058684753760003,8.952410627356754
6.868903813090137,8.929247667332227
1.8027742692921895,4.232090653510605
2.1644419467736524,5.870098071058944
9.080640763842117,8.731878511230216
4.203691235957568,2.0793436769826465
2.2562498956727794,4.063693614934085
5.731041658552325,8.582641445885585
16.130378415672975,13.809355762776184
2.879431124563913,5.741104314874038
6.868903813090137,7.9230499603115785
1.8250307417525904,6.27099058133672
3.096431731052788,6.38828867835397
3.1409446759735853,2.7601637402098014
6.732582919270207,5.67427374646992
4.729500397834453,10.455351831445281
5.255309559711334,6.683910755696498
5.5084769339483595,6.074337318350592
11.092069462450498,6.375110675944389
9.459000795668887,21.094047750649985
64.17375628049831,10.952041388989244
10.96965886391839,5.580539091755404
3.1465087940886636,8.090993125117295
6.276325233832051,10.106453697421395
4.899206000344973,9.591462957012665
5.272001914056635,9.615597611452744
4.615435976474907,9.71641240549413
9.205833421431853,8.494761527706556
2.517763447082449,4.901566509124466
4.256550358051011,6.50687956341347
6.649121147543682,9.158660429708076
9.528552272107628,9.148726193650033
2.1143648837377507,4.462715821130237
11.884956293852218,6.2414412101812164
2.5622763920032505,6.064503875375348
27.93465499685633,9.19141461513875
34.130300518019375,36.11572971268442
6.14000434001214,8.831174192576459
3.1632011484339757,2.5191229591528503
11.996238656154214,9.405486183872476
3.076957317649945,6.305320342086569
21.513662692031566,7.510870473572256
5.160719551754648,7.651888682206854
1.0516183237537806,6.502369993146445
26.7522798973977,13.99559403512955
22.82679456719513,14.524888143822185
3.124252321628275,6.104293950023916
33.86878696660976,10.267335460888724
7.842624483232532,13.354204840440026
5.886836965775123,7.584143961597875
4.134139759518803,7.692064713641159
5.82563166650902,10.326205384848787
10.513401178480205,13.234495825221295
12.27722662096672,12.773255592822569
3.3774196958652976,6.597378397076261
6.259632879486775,7.218956554431366
11.837661289873914,6.793325758984506
4.312191539201993,6.3977994094895365
3.519304707800333,7.203822219696232
14.800554186164295,9.277520004753578
4.376178897525632,8.549839816318816
21.958792141239595,8.289661317857172
3.4942661762823923,6.585378701351927
11.117107993968489,5.624313980841755
3.2967399831963617,7.388897140097474
2.559494332945699,7.414543400857948
9.29485931127345,6.541823391314581
6.226248170796162,3.9603527325068053
5.6893107726890895,6.678293636395449
6.969057939161936,15.02840285732715
103.3618401651431,35.081033734619226
11.512160380140488,6.3473656329724
